school_code,school_name,school_province,province_code,province_name,year,category,batch,province_batch_score,min_score,score_diff,min_rank,avg_score,avg_rank,max_score,max_rank,plan_count,admit_count,data_source,update_time,is_complete,remark
10001,北京大学,北京,11,北京,2025,文科,本科批,510,697,187,9,703,6,725,11,,,北京大学本科招生网,2026-03-06T09:29:54.759491,TRUE,不限 II 组
10001,北京大学,北京,11,北京,2025,综合,本科批,515,687,172,41,690,28,712,53,,,北京大学本科招生网,2026-03-06T09:29:54.759491,TRUE,物化组
10001,北京大学,北京,11,北京,2025,文科,本科批,510,686,176,15,692,10,701,19,,,北京大学本科招生网,2026-03-06T09:29:54.759491,TRUE,不限 I 组
10001,北京大学,北京,12,天津,2025,综合,本科批,505,698,193,35,709,24,728,45,,,北京大学本科招生网,2026-03-06T09:29:54.759491,TRUE,物化组
10001,北京大学,北京,12,天津,2025,综合,本科批,505,697,192,37,708,25,723,48,,,北京大学本科招生网,2026-03-06T09:29:54.759491,TRUE,不限组
10001,北京大学,北京,13,河北,2025,文科,一批,490,671,181,47,684,32,687,61,,,北京大学本科招生网,2026-03-06T09:29:54.759491,TRUE,文科试验班类
10001,北京大学,北京,13,河北,2025,理科,一批,500,688,188,55,695,38,709,71,,,北京大学本科招生网,2026-03-06T09:29:54.759491,TRUE,理科试验班类
10001,北京大学,北京,14,山西,2025,文科,一批,480,664,184,37,671,25,688,48,,,北京大学本科招生网,2026-03-06T09:29:54.759491,TRUE,一批
10001,北京大学,北京,14,山西,2025,理科,一批,490,692,202,33,707,23,716,42,,,北京大学本科招生网,2026-03-06T09:29:54.759491,TRUE,一批
10001,北京大学,北京,15,内蒙古,2025,文科,一批,470,675,205,12,687,8,711,15,,,北京大学本科招生网,2026-03-06T09:29:54.759491,TRUE,一批
10001,北京大学,北京,15,内蒙古,2025,理科,一批,480,694,214,33,701,23,724,42,,,北京大学本科招生网,2026-03-06T09:29:54.759491,TRUE,一批
10001,北京大学,北京,21,辽宁,2025,文科,一批,485,662,177,25,666,17,694,32,,,北京大学本科招生网,2026-03-06T09:29:54.759491,TRUE,文科试验班类
10001,北京大学,北京,21,辽宁,2025,理科,一批,495,695,200,37,702,25,722,48,,,北京大学本科招生网,2026-03-06T09:29:54.759491,TRUE,理科试验班类
10001,北京大学,北京,22,吉林,2025,综合,一批,480,694,214,23,699,16,722,29,,,北京大学本科招生网,2026-03-06T09:29:54.759491,TRUE,物理组
10001,北京大学,北京,22,吉林,2025,综合,一批,480,666,186,88,672,61,689,114,,,北京大学本科招生网,2026-03-06T09:29:54.759491,TRUE,历史组
10001,北京大学,北京,23,黑龙江,2025,文科,一批,480,657,177,33,667,23,673,42,,,北京大学本科招生网,2026-03-06T09:29:54.759491,TRUE,一批
10001,北京大学,北京,23,黑龙江,2025,理科,一批,490,690,200,40,696,28,715,52,,,北京大学本科招生网,2026-03-06T09:29:54.759491,TRUE,一批
10001,北京大学,北京,31,上海,2025,综合,本科批,495,623,128,9,626,6,638,11,,,北京大学本科招生网,2026-03-06T09:29:54.759491,TRUE,物化组
10001,北京大学,北京,31,上海,2025,综合,本科批,495,623,128,6,630,4,658,7,,,北京大学本科招生网,2026-03-06T09:29:54.759491,TRUE,不限组
10001,北京大学,北京,32,江苏,2025,理科,一批,510,686,176,45,699,31,704,58,,,北京大学本科招生网,2026-03-06T09:29:54.759491,TRUE,物理等科目类
10001,北京大学,北京,32,江苏,2025,文科,一批,500,666,166,26,671,18,699,33,,,北京大学本科招生网,2026-03-06T09:29:54.759491,TRUE,历史等科目类
10001,北京大学,北京,33,浙江,2025,文科,本科批,510,700,190,16,707,11,734,20,,,北京大学本科招生网,2026-03-06T09:29:54.759491,TRUE,一批
10001,北京大学,北京,34,安徽,2025,文科,一批,495,667,172,32,673,22,700,41,,,北京大学本科招生网,2026-03-06T09:29:54.759491,TRUE,一批
10001,北京大学,北京,34,安徽,2025,理科,一批,505,687,182,78,698,54,726,101,,,北京大学本科招生网,2026-03-06T09:29:54.759491,TRUE,一批
10001,北京大学,北京,35,福建,2025,综合,一批,495,686,191,43,695,30,722,55,,,北京大学本科招生网,2026-03-06T09:29:54.759491,TRUE,物理组
10001,北京大学,北京,35,福建,2025,综合,一批,495,665,170,46,668,32,701,59,,,北京大学本科招生网,2026-03-06T09:29:54.759491,TRUE,历史组
10001,北京大学,北京,36,江西,2025,文科,一批,485,661,176,5,675,3,684,6,,,北京大学本科招生网,2026-03-06T09:29:54.759491,TRUE,一批
10001,北京大学,北京,36,江西,2025,理科,一批,495,673,178,17,685,11,698,22,,,北京大学本科招生网,2026-03-06T09:29:54.759491,TRUE,一批
10001,北京大学,北京,37,山东,2025,文科,一批,505,684,179,4,694,2,718,5,,,北京大学本科招生网,2026-03-06T09:29:54.759491,TRUE,文科试验班类
10001,北京大学,北京,37,山东,2025,理科,一批,515,685,170,9,689,6,705,11,,,北京大学本科招生网,2026-03-06T09:29:54.759491,TRUE,理科试验班类
10001,北京大学,北京,41,河南,2025,文科,一批,515,673,158,30,682,21,690,39,,,北京大学本科招生网,2026-03-06T09:29:54.759491,TRUE,一批
10001,北京大学,北京,41,河南,2025,理科,一批,525,697,172,55,703,38,733,71,,,北京大学本科招生网,2026-03-06T09:29:54.759491,TRUE,一批
10001,北京大学,北京,42,湖北,2025,综合,一批,505,668,163,84,672,58,688,109,,,北京大学本科招生网,2026-03-06T09:29:54.759491,TRUE,历史组
10001,北京大学,北京,42,湖北,2025,综合,一批,505,682,177,107,691,74,720,139,,,北京大学本科招生网,2026-03-06T09:29:54.759491,TRUE,物理组
10001,北京大学,北京,43,湖南,2025,综合,一批,500,685,185,103,697,72,714,133,,,北京大学本科招生网,2026-03-06T09:29:54.759491,TRUE,物理组
10001,北京大学,北京,43,湖南,2025,综合,一批,500,660,160,69,672,48,690,89,,,北京大学本科招生网,2026-03-06T09:29:54.759491,TRUE,历史组
10001,北京大学,北京,44,广东,2025,综合,一批,515,669,154,71,677,49,696,92,,,北京大学本科招生网,2026-03-06T09:29:54.759491,TRUE,历史组
10001,北京大学,北京,44,广东,2025,综合,一批,515,689,174,133,695,93,712,172,,,北京大学本科招生网,2026-03-06T09:29:54.759491,TRUE,物理组
10001,北京大学,北京,45,广西,2025,文科,一批,480,653,173,4,665,2,675,5,,,北京大学本科招生网,2026-03-06T09:29:54.759491,TRUE,一批
10001,北京大学,北京,45,广西,2025,理科,一批,490,673,183,35,687,24,712,45,,,北京大学本科招生网,2026-03-06T09:29:54.759491,TRUE,一批
10001,北京大学,北京,46,海南,2025,综合,一批,495,827,332,16,841,11,844,20,,,北京大学本科招生网,2026-03-06T09:29:54.759491,TRUE,不限组
10001,北京大学,北京,46,海南,2025,综合,一批,495,838,343,6,841,4,864,7,,,北京大学本科招生网,2026-03-06T09:29:54.759491,TRUE,物化组
10001,北京大学,北京,50,重庆,2025,综合,一批,500,693,193,68,696,47,732,88,,,北京大学本科招生网,2026-03-06T09:29:54.759491,TRUE,物理组
10001,北京大学,北京,50,重庆,2025,综合,一批,500,661,161,90,666,62,691,117,,,北京大学本科招生网,2026-03-06T09:29:54.759491,TRUE,历史组
10001,北京大学,北京,51,四川,2025,文科,一批,510,663,153,57,668,39,685,74,,,北京大学本科招生网,2026-03-06T09:29:54.759491,TRUE,一批
10001,北京大学,北京,51,四川,2025,理科,一批,520,690,170,18,704,12,723,23,,,北京大学本科招生网,2026-03-06T09:29:54.759491,TRUE,一批
10001,北京大学,北京,52,贵州,2025,文科,一批,485,670,185,18,676,12,686,23,,,北京大学本科招生网,2026-03-06T09:29:54.759491,TRUE,一批
10001,北京大学,北京,52,贵州,2025,理科,一批,495,681,186,73,693,51,708,94,,,北京大学本科招生网,2026-03-06T09:29:54.759491,TRUE,一批
10001,北京大学,北京,53,云南,2025,文科,一批,490,666,176,9,671,6,702,11,,,北京大学本科招生网,2026-03-06T09:29:54.759491,TRUE,一批
10001,北京大学,北京,53,云南,2025,理科,一批,500,685,185,54,698,37,717,70,,,北京大学本科招生网,2026-03-06T09:29:54.759491,TRUE,一批
10001,北京大学,北京,61,陕西,2025,文科,一批,500,668,168,3,673,2,698,3,,,北京大学本科招生网,2026-03-06T09:29:54.759491,TRUE,一批
10001,北京大学,北京,61,陕西,2025,理科,一批,510,694,184,4,699,2,727,5,,,北京大学本科招生网,2026-03-06T09:29:54.759491,TRUE,一批
10001,北京大学,北京,62,甘肃,2025,文科,一批,475,651,176,17,658,11,666,22,,,北京大学本科招生网,2026-03-06T09:29:54.759491,TRUE,一批
10001,北京大学,北京,62,甘肃,2025,理科,一批,485,667,182,36,679,25,689,46,,,北京大学本科招生网,2026-03-06T09:29:54.759491,TRUE,一批
10001,北京大学,北京,63,青海,2025,文科,一批,460,634,174,11,637,7,668,14,,,北京大学本科招生网,2026-03-06T09:29:54.759491,TRUE,一批
10001,北京大学,北京,63,青海,2025,理科,一批,470,642,172,17,651,11,669,22,,,北京大学本科招生网,2026-03-06T09:29:54.759491,TRUE,一批
10001,北京大学,北京,64,宁夏,2025,文科,一批,465,637,172,8,643,5,664,10,,,北京大学本科招生网,2026-03-06T09:29:54.759491,TRUE,一批
10001,北京大学,北京,64,宁夏,2025,理科,一批,475,662,187,22,666,15,679,28,,,北京大学本科招生网,2026-03-06T09:29:54.759491,TRUE,一批
10001,北京大学,北京,65,新疆,2025,文科,一批,470,624,154,22,632,15,639,28,,,北京大学本科招生网,2026-03-06T09:29:54.759491,TRUE,一批
10001,北京大学,北京,65,新疆,2025,理科,一批,480,666,186,61,679,42,686,79,,,北京大学本科招生网,2026-03-06T09:29:54.759491,TRUE,一批
10246,复旦大学,上海,11,北京,2025,历史类,本科批,510,679,169,42,682,29,714,54,,,复旦大学招生网,2026-03-06T09:29:54.759491,TRUE,普通批
10246,复旦大学,上海,11,北京,2025,物理类,本科批,520,680,160,56,694,39,701,72,,,复旦大学招生网,2026-03-06T09:29:54.759491,TRUE,普通批
10246,复旦大学,上海,12,天津,2025,历史类,本科批,500,683,183,92,692,64,703,119,,,复旦大学招生网,2026-03-06T09:29:54.759491,TRUE,普通批
10246,复旦大学,上海,12,天津,2025,物理类,本科批,510,690,180,175,701,122,717,227,,,复旦大学招生网,2026-03-06T09:29:54.759491,TRUE,普通批
10246,复旦大学,上海,13,河北,2025,历史类,一批,490,667,177,107,671,74,685,139,,,复旦大学招生网,2026-03-06T09:29:54.759491,TRUE,普通批
10246,复旦大学,上海,13,河北,2025,物理类,一批,500,680,180,307,685,214,720,399,,,复旦大学招生网,2026-03-06T09:29:54.759491,TRUE,普通批
10246,复旦大学,上海,14,山西,2025,历史类,一批,480,653,173,165,667,115,686,214,,,复旦大学招生网,2026-03-06T09:29:54.759491,TRUE,普通批
10246,复旦大学,上海,14,山西,2025,物理类,一批,490,677,187,318,682,222,710,413,,,复旦大学招生网,2026-03-06T09:29:54.759491,TRUE,普通批
10246,复旦大学,上海,15,内蒙古,2025,历史类,一批,470,665,195,53,680,37,687,68,,,复旦大学招生网,2026-03-06T09:29:54.759491,TRUE,普通批
10246,复旦大学,上海,15,内蒙古,2025,物理类,一批,480,685,205,81,698,56,715,105,,,复旦大学招生网,2026-03-06T09:29:54.759491,TRUE,普通批
10246,复旦大学,上海,21,辽宁,2025,历史类,一批,485,655,170,112,665,78,684,145,,,复旦大学招生网,2026-03-06T09:29:54.759491,TRUE,普通批
10246,复旦大学,上海,21,辽宁,2025,物理类,一批,495,685,190,110,700,77,706,143,,,复旦大学招生网,2026-03-06T09:29:54.759491,TRUE,普通批
10246,复旦大学,上海,22,吉林,2025,历史类,一批,475,652,177,29,662,20,689,37,,,复旦大学招生网,2026-03-06T09:29:54.759491,TRUE,普通批
10246,复旦大学,上海,22,吉林,2025,物理类,一批,485,678,193,214,682,149,713,278,,,复旦大学招生网,2026-03-06T09:29:54.759491,TRUE,普通批
10246,复旦大学,上海,23,黑龙江,2025,历史类,一批,480,649,169,72,657,50,682,93,,,复旦大学招生网,2026-03-06T09:29:54.759491,TRUE,普通批
10246,复旦大学,上海,23,黑龙江,2025,物理类,一批,490,682,192,54,685,37,712,70,,,复旦大学招生网,2026-03-06T09:29:54.759491,TRUE,普通批
10246,复旦大学,上海,31,上海,2025,综合,本科批,495,580,85,322,590,225,601,418,,,复旦大学招生网,2026-03-06T09:29:54.759491,TRUE,普通批
10246,复旦大学,上海,32,江苏,2025,历史类,一批,500,656,156,59,668,41,678,76,,,复旦大学招生网,2026-03-06T09:29:54.759491,TRUE,普通批
10246,复旦大学,上海,32,江苏,2025,物理类,一批,510,672,162,267,681,186,694,347,,,复旦大学招生网,2026-03-06T09:29:54.759491,TRUE,普通批
10246,复旦大学,上海,33,浙江,2025,综合,本科批,515,694,179,164,708,114,723,213,,,复旦大学招生网,2026-03-06T09:29:54.759491,TRUE,普通批
10246,复旦大学,上海,34,安徽,2025,历史类,一批,495,657,162,49,671,34,685,63,,,复旦大学招生网,2026-03-06T09:29:54.759491,TRUE,普通批
10246,复旦大学,上海,34,安徽,2025,物理类,一批,505,679,174,80,688,56,696,104,,,复旦大学招生网,2026-03-06T09:29:54.759491,TRUE,普通批
10246,复旦大学,上海,35,福建,2025,历史类,一批,490,649,159,61,654,42,671,79,,,复旦大学招生网,2026-03-06T09:29:54.759491,TRUE,普通批
10246,复旦大学,上海,35,福建,2025,物理类,一批,500,673,173,224,676,156,701,291,,,复旦大学招生网,2026-03-06T09:29:54.759491,TRUE,普通批
10246,复旦大学,上海,36,江西,2025,历史类,一批,485,646,161,90,659,62,665,117,,,复旦大学招生网,2026-03-06T09:29:54.759491,TRUE,普通批
10246,复旦大学,上海,36,江西,2025,物理类,一批,495,659,164,172,667,120,674,223,,,复旦大学招生网,2026-03-06T09:29:54.759491,TRUE,普通批
10246,复旦大学,上海,37,山东,2025,历史类,一批,505,670,165,74,677,51,689,96,,,复旦大学招生网,2026-03-06T09:29:54.759491,TRUE,普通批
10246,复旦大学,上海,37,山东,2025,物理类,一批,515,674,159,442,682,309,690,574,,,复旦大学招生网,2026-03-06T09:29:54.759491,TRUE,普通批
10246,复旦大学,上海,41,河南,2025,历史类,一批,515,666,151,293,671,205,688,380,,,复旦大学招生网,2026-03-06T09:29:54.759491,TRUE,普通批
10246,复旦大学,上海,41,河南,2025,物理类,一批,525,690,165,548,698,383,724,712,,,复旦大学招生网,2026-03-06T09:29:54.759491,TRUE,普通批
10246,复旦大学,上海,42,湖北,2025,历史类,一批,500,654,154,99,662,69,687,128,,,复旦大学招生网,2026-03-06T09:29:54.759491,TRUE,普通批
10246,复旦大学,上海,42,湖北,2025,物理类,一批,510,670,160,77,677,53,710,100,,,复旦大学招生网,2026-03-06T09:29:54.759491,TRUE,普通批
10246,复旦大学,上海,43,湖南,2025,历史类,一批,495,650,155,110,663,77,669,143,,,复旦大学招生网,2026-03-06T09:29:54.759491,TRUE,普通批
10246,复旦大学,上海,43,湖南,2025,物理类,一批,505,669,164,367,681,256,708,477,,,复旦大学招生网,2026-03-06T09:29:54.759491,TRUE,普通批
10246,复旦大学,上海,44,广东,2025,历史类,一批,510,661,151,181,675,126,686,235,,,复旦大学招生网,2026-03-06T09:29:54.759491,TRUE,普通批
10246,复旦大学,上海,44,广东,2025,物理类,一批,520,678,158,245,684,171,705,318,,,复旦大学招生网,2026-03-06T09:29:54.759491,TRUE,普通批
10246,复旦大学,上海,45,广西,2025,历史类,一批,480,646,166,103,660,72,666,133,,,复旦大学招生网,2026-03-06T09:29:54.759491,TRUE,普通批
10246,复旦大学,上海,45,广西,2025,物理类,一批,490,654,164,56,668,39,693,72,,,复旦大学招生网,2026-03-06T09:29:54.759491,TRUE,普通批
10246,复旦大学,上海,46,海南,2025,综合,一批,495,819,324,48,827,33,836,62,,,复旦大学招生网,2026-03-06T09:29:54.759491,TRUE,普通批
10246,复旦大学,上海,50,重庆,2025,历史类,一批,495,651,156,91,659,63,666,118,,,复旦大学招生网,2026-03-06T09:29:54.759491,TRUE,普通批
10246,复旦大学,上海,50,重庆,2025,物理类,一批,505,676,171,159,679,111,698,206,,,复旦大学招生网,2026-03-06T09:29:54.759491,TRUE,普通批
10246,复旦大学,上海,51,四川,2025,历史类,一批,510,653,143,223,664,156,683,289,,,复旦大学招生网,2026-03-06T09:29:54.759491,TRUE,普通批
10246,复旦大学,上海,51,四川,2025,物理类,一批,520,676,156,501,690,350,709,651,,,复旦大学招生网,2026-03-06T09:29:54.759491,TRUE,普通批
10246,复旦大学,上海,52,贵州,2025,历史类,一批,485,660,175,93,665,65,675,120,,,复旦大学招生网,2026-03-06T09:29:54.759491,TRUE,普通批
10246,复旦大学,上海,52,贵州,2025,物理类,一批,495,662,167,80,672,56,698,104,,,复旦大学招生网,2026-03-06T09:29:54.759491,TRUE,普通批
10246,复旦大学,上海,53,云南,2025,历史类,一批,490,653,163,73,657,51,674,94,,,复旦大学招生网,2026-03-06T09:29:54.759491,TRUE,普通批
10246,复旦大学,上海,53,云南,2025,物理类,一批,500,662,162,305,669,213,694,396,,,复旦大学招生网,2026-03-06T09:29:54.759491,TRUE,普通批
10246,复旦大学,上海,61,陕西,2025,历史类,一批,500,664,164,102,675,71,687,132,,,复旦大学招生网,2026-03-06T09:29:54.759491,TRUE,普通批
10246,复旦大学,上海,61,陕西,2025,物理类,一批,510,690,180,258,696,180,718,335,,,复旦大学招生网,2026-03-06T09:29:54.759491,TRUE,普通批
10246,复旦大学,上海,62,甘肃,2025,历史类,一批,475,644,169,71,657,49,660,92,,,复旦大学招生网,2026-03-06T09:29:54.759491,TRUE,普通批
10246,复旦大学,上海,62,甘肃,2025,物理类,一批,485,662,177,199,667,139,685,258,,,复旦大学招生网,2026-03-06T09:29:54.759491,TRUE,普通批
10246,复旦大学,上海,63,青海,2025,历史类,一批,460,620,160,41,630,28,642,53,,,复旦大学招生网,2026-03-06T09:29:54.759491,TRUE,普通批
10246,复旦大学,上海,63,青海,2025,物理类,一批,470,641,171,10,656,7,676,13,,,复旦大学招生网,2026-03-06T09:29:54.759491,TRUE,普通批
10246,复旦大学,上海,64,宁夏,2025,历史类,一批,465,630,165,59,638,41,650,76,,,复旦大学招生网,2026-03-06T09:29:54.759491,TRUE,普通批
10246,复旦大学,上海,64,宁夏,2025,物理类,一批,475,636,161,61,644,42,655,79,,,复旦大学招生网,2026-03-06T09:29:54.759491,TRUE,普通批
10246,复旦大学,上海,65,新疆,2025,历史类,一批,470,601,131,24,611,16,632,31,,,复旦大学招生网,2026-03-06T09:29:54.759491,TRUE,普通批
10246,复旦大学,上海,65,新疆,2025,物理类,一批,480,662,182,64,673,44,677,83,,,复旦大学招生网,2026-03-06T09:29:54.759491,TRUE,普通批
10246,复旦大学,上海,11,北京,2024,历史类,本科批,505,678,173,18,681,12,716,23,,,复旦大学招生网,2026-03-06T09:29:54.759491,TRUE,普通批
10246,复旦大学,上海,11,北京,2024,物理类,本科批,515,681,166,66,694,46,702,85,,,复旦大学招生网,2026-03-06T09:29:54.759491,TRUE,普通批
10246,复旦大学,上海,12,天津,2024,历史类,本科批,495,674,179,95,677,66,693,123,,,复旦大学招生网,2026-03-06T09:29:54.759491,TRUE,普通批
10246,复旦大学,上海,12,天津,2024,物理类,本科批,505,688,183,166,697,116,716,215,,,复旦大学招生网,2026-03-06T09:29:54.759491,TRUE,普通批
10246,复旦大学,上海,13,河北,2024,历史类,一批,485,660,175,184,666,128,678,239,,,复旦大学招生网,2026-03-06T09:29:54.759491,TRUE,普通批
10246,复旦大学,上海,13,河北,2024,物理类,一批,495,675,180,70,680,49,696,91,,,复旦大学招生网,2026-03-06T09:29:54.759491,TRUE,普通批
10246,复旦大学,上海,14,山西,2024,历史类,一批,475,629,154,251,638,175,665,326,,,复旦大学招生网,2026-03-06T09:29:54.759491,TRUE,普通批
10246,复旦大学,上海,14,山西,2024,物理类,一批,485,675,190,374,680,261,701,486,,,复旦大学招生网,2026-03-06T09:29:54.759491,TRUE,普通批
10246,复旦大学,上海,15,内蒙古,2024,历史类,一批,465,629,164,127,642,88,650,165,,,复旦大学招生网,2026-03-06T09:29:54.759491,TRUE,普通批
10246,复旦大学,上海,15,内蒙古,2024,物理类,一批,475,690,215,98,696,68,708,127,,,复旦大学招生网,2026-03-06T09:29:54.759491,TRUE,普通批
10246,复旦大学,上海,21,辽宁,2024,历史类,一批,480,661,181,53,675,37,697,68,,,复旦大学招生网,2026-03-06T09:29:54.759491,TRUE,普通批
10246,复旦大学,上海,21,辽宁,2024,物理类,一批,490,691,201,66,696,46,719,85,,,复旦大学招生网,2026-03-06T09:29:54.759491,TRUE,普通批
10246,复旦大学,上海,22,吉林,2024,历史类,一批,470,644,174,146,654,102,679,189,,,复旦大学招生网,2026-03-06T09:29:54.759491,TRUE,普通批
10246,复旦大学,上海,22,吉林,2024,物理类,一批,480,687,207,138,701,96,718,179,,,复旦大学招生网,2026-03-06T09:29:54.759491,TRUE,普通批
10246,复旦大学,上海,23,黑龙江,2024,历史类,一批,475,666,191,79,672,55,693,102,,,复旦大学招生网,2026-03-06T09:29:54.759491,TRUE,普通批
10246,复旦大学,上海,23,黑龙江,2024,物理类,一批,485,696,211,133,705,93,731,172,,,复旦大学招生网,2026-03-06T09:29:54.759491,TRUE,普通批
10246,复旦大学,上海,31,上海,2024,综合,本科批,490,580,90,466,586,326,611,605,,,复旦大学招生网,2026-03-06T09:29:54.759491,TRUE,普通批
10246,复旦大学,上海,32,江苏,2024,历史类,一批,495,650,155,177,657,123,665,230,,,复旦大学招生网,2026-03-06T09:29:54.759491,TRUE,普通批
10246,复旦大学,上海,32,江苏,2024,物理类,一批,505,672,167,214,680,149,704,278,,,复旦大学招生网,2026-03-06T09:29:54.759491,TRUE,普通批
10246,复旦大学,上海,33,浙江,2024,综合,本科批,510,697,187,213,703,149,713,276,,,复旦大学招生网,2026-03-06T09:29:54.759491,TRUE,普通批
10246,复旦大学,上海,34,安徽,2024,历史类,一批,490,660,170,115,675,80,700,149,,,复旦大学招生网,2026-03-06T09:29:54.759491,TRUE,普通批
10246,复旦大学,上海,34,安徽,2024,物理类,一批,500,681,181,328,695,229,698,426,,,复旦大学招生网,2026-03-06T09:29:54.759491,TRUE,普通批
10246,复旦大学,上海,35,福建,2024,历史类,一批,485,643,158,100,653,70,678,130,,,复旦大学招生网,2026-03-06T09:29:54.759491,TRUE,普通批
10246,复旦大学,上海,35,福建,2024,物理类,一批,495,678,183,128,692,89,698,166,,,复旦大学招生网,2026-03-06T09:29:54.759491,TRUE,普通批
10246,复旦大学,上海,36,江西,2024,历史类,一批,480,646,166,105,656,73,671,136,,,复旦大学招生网,2026-03-06T09:29:54.759491,TRUE,普通批
10246,复旦大学,上海,36,江西,2024,物理类,一批,490,663,173,172,674,120,699,223,,,复旦大学招生网,2026-03-06T09:29:54.759491,TRUE,普通批
10246,复旦大学,上海,37,山东,2024,历史类,一批,500,668,168,85,671,59,687,110,,,复旦大学招生网,2026-03-06T09:29:54.759491,TRUE,普通批
10246,复旦大学,上海,37,山东,2024,物理类,一批,510,674,164,146,685,102,690,189,,,复旦大学招生网,2026-03-06T09:29:54.759491,TRUE,普通批
10246,复旦大学,上海,41,河南,2024,历史类,一批,510,646,136,67,656,46,669,87,,,复旦大学招生网,2026-03-06T09:29:54.759491,TRUE,普通批
10246,复旦大学,上海,41,河南,2024,物理类,一批,520,684,164,256,696,179,708,332,,,复旦大学招生网,2026-03-06T09:29:54.759491,TRUE,普通批
10246,复旦大学,上海,42,湖北,2024,历史类,一批,495,651,156,191,660,133,675,248,,,复旦大学招生网,2026-03-06T09:29:54.759491,TRUE,普通批
10246,复旦大学,上海,42,湖北,2024,物理类,一批,505,675,170,264,683,184,700,343,,,复旦大学招生网,2026-03-06T09:29:54.759491,TRUE,普通批
10246,复旦大学,上海,43,湖南,2024,历史类,一批,490,648,158,95,652,66,676,123,,,复旦大学招生网,2026-03-06T09:29:54.759491,TRUE,普通批
10246,复旦大学,上海,43,湖南,2024,物理类,一批,500,677,177,323,692,226,716,419,,,复旦大学招生网,2026-03-06T09:29:54.759491,TRUE,普通批
10246,复旦大学,上海,44,广东,2024,历史类,一批,505,652,147,297,655,207,681,386,,,复旦大学招生网,2026-03-06T09:29:54.759491,TRUE,普通批
10246,复旦大学,上海,44,广东,2024,物理类,一批,515,672,157,255,680,178,711,331,,,复旦大学招生网,2026-03-06T09:29:54.759491,TRUE,普通批
10246,复旦大学,上海,45,广西,2024,历史类,一批,475,658,183,119,663,83,674,154,,,复旦大学招生网,2026-03-06T09:29:54.759491,TRUE,普通批
10246,复旦大学,上海,45,广西,2024,物理类,一批,485,672,187,297,687,207,705,386,,,复旦大学招生网,2026-03-06T09:29:54.759491,TRUE,普通批
10246,复旦大学,上海,46,海南,2024,综合,一批,490,827,337,61,835,42,846,79,,,复旦大学招生网,2026-03-06T09:29:54.759491,TRUE,普通批
10246,复旦大学,上海,50,重庆,2024,历史类,一批,490,659,169,131,674,91,698,170,,,复旦大学招生网,2026-03-06T09:29:54.759491,TRUE,普通批
10246,复旦大学,上海,50,重庆,2024,物理类,一批,500,682,182,189,691,132,701,245,,,复旦大学招生网,2026-03-06T09:29:54.759491,TRUE,普通批
10246,复旦大学,上海,51,四川,2024,历史类,一批,505,632,127,49,638,34,665,63,,,复旦大学招生网,2026-03-06T09:29:54.759491,TRUE,普通批
10246,复旦大学,上海,51,四川,2024,物理类,一批,515,685,170,310,698,217,706,403,,,复旦大学招生网,2026-03-06T09:29:54.759491,TRUE,普通批
10246,复旦大学,上海,52,贵州,2024,历史类,一批,480,655,175,38,664,26,688,49,,,复旦大学招生网,2026-03-06T09:29:54.759491,TRUE,普通批
10246,复旦大学,上海,52,贵州,2024,物理类,一批,490,671,181,147,676,102,704,191,,,复旦大学招生网,2026-03-06T09:29:54.759491,TRUE,普通批
10246,复旦大学,上海,53,云南,2024,历史类,一批,485,665,180,79,668,55,693,102,,,复旦大学招生网,2026-03-06T09:29:54.759491,TRUE,普通批
10246,复旦大学,上海,53,云南,2024,物理类,一批,495,667,172,220,673,154,702,286,,,复旦大学招生网,2026-03-06T09:29:54.759491,TRUE,普通批
10246,复旦大学,上海,61,陕西,2024,历史类,一批,495,637,142,26,647,18,663,33,,,复旦大学招生网,2026-03-06T09:29:54.759491,TRUE,普通批
10246,复旦大学,上海,61,陕西,2024,物理类,一批,505,690,185,254,705,177,726,330,,,复旦大学招生网,2026-03-06T09:29:54.759491,TRUE,普通批
10246,复旦大学,上海,62,甘肃,2024,历史类,一批,470,646,176,84,660,58,661,109,,,复旦大学招生网,2026-03-06T09:29:54.759491,TRUE,普通批
10246,复旦大学,上海,62,甘肃,2024,物理类,一批,480,676,196,41,691,28,705,53,,,复旦大学招生网,2026-03-06T09:29:54.759491,TRUE,普通批
10246,复旦大学,上海,63,青海,2024,历史类,一批,455,610,155,4,618,2,635,5,,,复旦大学招生网,2026-03-06T09:29:54.759491,TRUE,普通批
10246,复旦大学,上海,63,青海,2024,物理类,一批,465,640,175,68,645,47,656,88,,,复旦大学招生网,2026-03-06T09:29:54.759491,TRUE,普通批
10246,复旦大学,上海,64,宁夏,2024,历史类,一批,460,632,172,33,638,23,660,42,,,复旦大学招生网,2026-03-06T09:29:54.759491,TRUE,普通批
10246,复旦大学,上海,64,宁夏,2024,物理类,一批,470,632,162,114,646,79,656,148,,,复旦大学招生网,2026-03-06T09:29:54.759491,TRUE,普通批
10246,复旦大学,上海,65,新疆,2024,历史类,一批,465,606,141,101,609,70,635,131,,,复旦大学招生网,2026-03-06T09:29:54.759491,TRUE,普通批
10246,复旦大学,上海,65,新疆,2024,物理类,一批,475,643,168,108,649,75,668,140,,,复旦大学招生网,2026-03-06T09:29:54.759491,TRUE,普通批
10248,上海交通大学,上海,31,上海,2025,综合,本科批,495,580,85,215,594,150,603,279,,,上海交通大学招生网,2026-03-06T09:29:54.759491,TRUE,普通批
10248,上海交通大学,上海,14,山西,2025,历史类,一批,480,661,181,144,669,100,683,187,,,上海交通大学招生网,2026-03-06T09:29:54.759491,TRUE,普通批
10248,上海交通大学,上海,14,山西,2025,物理类,一批,490,690,200,94,701,65,718,122,,,上海交通大学招生网,2026-03-06T09:29:54.759491,TRUE,普通批
10248,上海交通大学,上海,13,河北,2025,历史类,一批,490,660,170,101,667,70,685,131,,,上海交通大学招生网,2026-03-06T09:29:54.759491,TRUE,普通批
10248,上海交通大学,上海,13,河北,2025,物理类,一批,500,680,180,376,685,263,695,488,,,上海交通大学招生网,2026-03-06T09:29:54.759491,TRUE,普通批
10248,上海交通大学,上海,44,广东,2025,历史类,一批,510,663,153,417,669,291,685,542,,,上海交通大学招生网,2026-03-06T09:29:54.759491,TRUE,普通批
10248,上海交通大学,上海,44,广东,2025,物理类,一批,520,688,168,603,694,422,723,783,,,上海交通大学招生网,2026-03-06T09:29:54.759491,TRUE,普通批
10248,上海交通大学,上海,42,湖北,2025,历史类,一批,500,663,163,130,673,91,700,169,,,上海交通大学招生网,2026-03-06T09:29:54.759491,TRUE,普通批
10248,上海交通大学,上海,42,湖北,2025,物理类,一批,510,682,172,476,685,333,713,618,,,上海交通大学招生网,2026-03-06T09:29:54.759491,TRUE,普通批
10248,上海交通大学,上海,32,江苏,2025,历史类,一批,500,659,159,120,669,84,679,156,,,上海交通大学招生网,2026-03-06T09:29:54.759491,TRUE,普通批
10248,上海交通大学,上海,32,江苏,2025,物理类,一批,510,686,176,230,693,161,708,299,,,上海交通大学招生网,2026-03-06T09:29:54.759491,TRUE,普通批
10248,上海交通大学,上海,50,重庆,2025,物理类,一批,505,676,171,172,689,120,712,223,,,上海交通大学招生网,2026-03-06T09:29:54.759491,TRUE,普通批
10248,上海交通大学,上海,46,海南,2025,综合,一批,495,826,331,42,836,29,841,54,,,上海交通大学招生网,2026-03-06T09:29:54.759491,TRUE,普通批
10248,上海交通大学,上海,21,辽宁,2025,历史类,一批,485,645,160,95,648,66,667,123,,,上海交通大学招生网,2026-03-06T09:29:54.759491,TRUE,普通批
10248,上海交通大学,上海,21,辽宁,2025,物理类,一批,495,683,188,224,697,156,716,291,,,上海交通大学招生网,2026-03-06T09:29:54.759491,TRUE,普通批
10248,上海交通大学,上海,64,宁夏,2025,历史类,一批,465,630,165,52,641,36,668,67,,,上海交通大学招生网,2026-03-06T09:29:54.759491,TRUE,普通批
10248,上海交通大学,上海,64,宁夏,2025,物理类,一批,475,654,179,86,665,60,672,111,,,上海交通大学招生网,2026-03-06T09:29:54.759491,TRUE,普通批
10248,上海交通大学,上海,31,上海,2024,综合,本科批,490,580,90,226,592,158,615,293,,,高考 100/交大招生网,2026-03-06T09:29:54.759491,TRUE,普通批
10248,上海交通大学,上海,53,云南,2024,理科,一批,495,682,187,286,685,200,698,371,,,高考 100/交大招生网,2026-03-06T09:29:54.759491,TRUE,普通批
10248,上海交通大学,上海,53,云南,2024,文科,一批,485,660,175,154,664,107,682,200,,,高考 100/交大招生网,2026-03-06T09:29:54.759491,TRUE,普通批
10248,上海交通大学,上海,15,内蒙古,2024,理科,一批,475,654,179,119,660,83,669,154,,,高考 100/交大招生网,2026-03-06T09:29:54.759491,TRUE,普通批
10248,上海交通大学,上海,15,内蒙古,2024,文科,一批,465,579,114,251,583,175,611,326,,,高考 100/交大招生网,2026-03-06T09:29:54.759491,TRUE,普通批
10248,上海交通大学,上海,11,北京,2024,综合,本科批,510,676,166,123,687,86,693,159,,,高考 100/交大招生网,2026-03-06T09:29:54.759491,TRUE,普通批
10248,上海交通大学,上海,22,吉林,2024,物理类,一批,480,690,210,217,694,151,722,282,,,高考 100/交大招生网,2026-03-06T09:29:54.759491,TRUE,普通批
10248,上海交通大学,上海,22,吉林,2024,历史类,一批,470,651,181,119,658,83,688,154,,,高考 100/交大招生网,2026-03-06T09:29:54.759491,TRUE,普通批
10248,上海交通大学,上海,51,四川,2024,理科,一批,515,678,163,482,691,337,700,626,,,高考 100/交大招生网,2026-03-06T09:29:54.759491,TRUE,普通批
10248,上海交通大学,上海,51,四川,2024,文科,一批,505,639,134,228,651,159,672,296,,,高考 100/交大招生网,2026-03-06T09:29:54.759491,TRUE,普通批
10248,上海交通大学,上海,12,天津,2024,综合,本科批,500,674,174,362,688,253,698,470,,,高考 100/交大招生网,2026-03-06T09:29:54.759491,TRUE,普通批
10248,上海交通大学,上海,64,宁夏,2024,理科,一批,470,648,178,73,651,51,685,94,,,高考 100/交大招生网,2026-03-06T09:29:54.759491,TRUE,普通批
10248,上海交通大学,上海,64,宁夏,2024,文科,一批,460,626,166,15,629,10,641,19,,,高考 100/交大招生网,2026-03-06T09:29:54.759491,TRUE,普通批
10248,上海交通大学,上海,34,安徽,2024,物理类,一批,500,686,186,370,699,259,722,481,,,高考 100/交大招生网,2026-03-06T09:29:54.759491,TRUE,普通批
10248,上海交通大学,上海,34,安徽,2024,历史类,一批,490,666,176,198,671,138,703,257,,,高考 100/交大招生网,2026-03-06T09:29:54.759491,TRUE,普通批
10248,上海交通大学,上海,14,山西,2024,理科,一批,485,675,190,295,688,206,698,383,,,高考 100/交大招生网,2026-03-06T09:29:54.759491,TRUE,普通批
10248,上海交通大学,上海,14,山西,2024,文科,一批,475,634,159,153,639,107,657,198,,,高考 100/交大招生网,2026-03-06T09:29:54.759491,TRUE,普通批
10248,上海交通大学,上海,44,广东,2024,物理类,一批,515,668,153,195,680,136,689,253,,,高考 100/交大招生网,2026-03-06T09:29:54.759491,TRUE,普通批
10248,上海交通大学,上海,44,广东,2024,历史类,一批,505,656,151,317,670,221,696,412,,,高考 100/交大招生网,2026-03-06T09:29:54.759491,TRUE,普通批
10248,上海交通大学,上海,45,广西,2024,物理类,一批,485,623,138,267,637,186,645,347,,,高考 100/交大招生网,2026-03-06T09:29:54.759491,TRUE,普通批
10248,上海交通大学,上海,45,广西,2024,历史类,一批,475,661,186,228,668,159,688,296,,,高考 100/交大招生网,2026-03-06T09:29:54.759491,TRUE,普通批
10248,上海交通大学,上海,65,新疆,2024,理科,一批,475,646,171,73,654,51,669,94,,,高考 100/交大招生网,2026-03-06T09:29:54.759491,TRUE,普通批
10248,上海交通大学,上海,65,新疆,2024,文科,一批,465,607,142,111,611,77,629,144,,,高考 100/交大招生网,2026-03-06T09:29:54.759491,TRUE,普通批
10248,上海交通大学,上海,32,江苏,2024,物理类,一批,505,670,165,546,679,382,685,709,,,高考 100/交大招生网,2026-03-06T09:29:54.759491,TRUE,普通批
10248,上海交通大学,上海,32,江苏,2024,历史类,一批,495,654,159,122,666,85,675,158,,,高考 100/交大招生网,2026-03-06T09:29:54.759491,TRUE,普通批
10248,上海交通大学,上海,36,江西,2024,物理类,一批,490,642,152,239,657,167,680,310,,,高考 100/交大招生网,2026-03-06T09:29:54.759491,TRUE,普通批
10248,上海交通大学,上海,36,江西,2024,历史类,一批,480,636,156,101,647,70,670,131,,,高考 100/交大招生网,2026-03-06T09:29:54.759491,TRUE,普通批
10248,上海交通大学,上海,13,河北,2024,物理类,一批,495,673,178,160,678,112,696,208,,,高考 100/交大招生网,2026-03-06T09:29:54.759491,TRUE,普通批
10248,上海交通大学,上海,13,河北,2024,历史类,一批,485,664,179,128,678,89,690,166,,,高考 100/交大招生网,2026-03-06T09:29:54.759491,TRUE,普通批
10248,上海交通大学,上海,41,河南,2024,理科,一批,520,663,143,660,668,461,686,858,,,高考 100/交大招生网,2026-03-06T09:29:54.759491,TRUE,普通批
10248,上海交通大学,上海,41,河南,2024,文科,一批,510,652,142,148,667,103,679,192,,,高考 100/交大招生网,2026-03-06T09:29:54.759491,TRUE,普通批
10248,上海交通大学,上海,46,海南,2024,综合,一批,490,819,329,49,827,34,840,63,,,高考 100/交大招生网,2026-03-06T09:29:54.759491,TRUE,普通批
10248,上海交通大学,上海,42,湖北,2024,物理类,一批,505,664,159,153,676,107,704,198,,,高考 100/交大招生网,2026-03-06T09:29:54.759491,TRUE,普通批
10248,上海交通大学,上海,42,湖北,2024,历史类,一批,495,642,147,321,654,224,681,417,,,高考 100/交大招生网,2026-03-06T09:29:54.759491,TRUE,普通批
10248,上海交通大学,上海,43,湖南,2024,物理类,一批,500,663,163,194,672,135,703,252,,,高考 100/交大招生网,2026-03-06T09:29:54.759491,TRUE,普通批
10248,上海交通大学,上海,43,湖南,2024,历史类,一批,490,625,135,341,636,238,649,443,,,高考 100/交大招生网,2026-03-06T09:29:54.759491,TRUE,普通批
10248,上海交通大学,上海,62,甘肃,2024,物理类,一批,480,620,140,360,623,251,657,468,,,高考 100/交大招生网,2026-03-06T09:29:54.759491,TRUE,普通批
10248,上海交通大学,上海,62,甘肃,2024,历史类,一批,470,622,152,61,631,42,658,79,,,高考 100/交大招生网,2026-03-06T09:29:54.759491,TRUE,普通批
10248,上海交通大学,上海,35,福建,2024,物理类,一批,495,676,181,184,681,128,714,239,,,高考 100/交大招生网,2026-03-06T09:29:54.759491,TRUE,普通批
10248,上海交通大学,上海,35,福建,2024,历史类,一批,485,639,154,163,645,114,667,211,,,高考 100/交大招生网,2026-03-06T09:29:54.759491,TRUE,普通批
10248,上海交通大学,上海,52,贵州,2024,物理类,一批,490,660,170,360,671,251,684,468,,,高考 100/交大招生网,2026-03-06T09:29:54.759491,TRUE,普通批
10248,上海交通大学,上海,52,贵州,2024,历史类,一批,480,663,183,64,671,44,696,83,,,高考 100/交大招生网,2026-03-06T09:29:54.759491,TRUE,普通批
10248,上海交通大学,上海,21,辽宁,2024,物理类,一批,490,690,200,370,704,259,726,481,,,高考 100/交大招生网,2026-03-06T09:29:54.759491,TRUE,普通批
10248,上海交通大学,上海,21,辽宁,2024,历史类,一批,480,651,171,68,656,47,680,88,,,高考 100/交大招生网,2026-03-06T09:29:54.759491,TRUE,普通批
10248,上海交通大学,上海,50,重庆,2024,物理类,一批,500,684,184,88,698,61,706,114,,,高考 100/交大招生网,2026-03-06T09:29:54.759491,TRUE,普通批
10248,上海交通大学,上海,61,陕西,2024,理科,一批,505,670,165,130,684,91,692,169,,,高考 100/交大招生网,2026-03-06T09:29:54.759491,TRUE,普通批
10248,上海交通大学,上海,61,陕西,2024,文科,一批,495,618,123,214,625,149,638,278,,,高考 100/交大招生网,2026-03-06T09:29:54.759491,TRUE,普通批
10248,上海交通大学,上海,63,青海,2024,理科,一批,465,648,183,78,653,54,688,101,,,高考 100/交大招生网,2026-03-06T09:29:54.759491,TRUE,普通批
10248,上海交通大学,上海,23,黑龙江,2024,物理类,一批,485,697,212,249,704,174,734,323,,,高考 100/交大招生网,2026-03-06T09:29:54.759491,TRUE,普通批
10248,上海交通大学,上海,23,黑龙江,2024,历史类,一批,475,671,196,54,677,37,692,70,,,高考 100/交大招生网,2026-03-06T09:29:54.759491,TRUE,普通批
10248,上海交通大学,上海,37,山东,2024,综合,一批,505,655,150,616,670,431,695,800,,,高考 100/交大招生网,2026-03-06T09:29:54.759491,TRUE,普通批
10248,上海交通大学,上海,33,浙江,2024,综合,本科批,510,702,192,133,711,93,719,172,,,高考 100/交大招生网,2026-03-06T09:29:54.759491,TRUE,普通批
10003,清华大学,北京,31,上海,2024,物理类,本科批,495,620,125,44,624,30,660,57,,,清华大学本科招生网,2026-03-06T09:29:54.759491,TRUE,物理组
10003,清华大学,北京,31,上海,2024,物理类,本科批,495,619,124,68,634,47,639,88,,,清华大学本科招生网,2026-03-06T09:29:54.759491,TRUE,物化组
10003,清华大学,北京,31,上海,2024,综合,本科批,490,618,128,69,629,48,642,89,,,清华大学本科招生网,2026-03-06T09:29:54.759491,TRUE,不限组
10003,清华大学,北京,64,宁夏,2024,理科,一批,470,661,191,10,665,7,683,13,,,清华大学本科招生网,2026-03-06T09:29:54.759491,TRUE,理科
10003,清华大学,北京,64,宁夏,2024,文科,一批,460,639,179,1,645,0,658,1,,,清华大学本科招生网,2026-03-06T09:29:54.759491,TRUE,文科
10003,清华大学,北京,11,北京,2024,物理类,本科批,515,697,182,25,707,17,722,32,,,清华大学本科招生网,2026-03-06T09:29:54.759491,TRUE,物理组
10003,清华大学,北京,11,北京,2024,物理类,本科批,515,689,174,10,695,7,716,13,,,清华大学本科招生网,2026-03-06T09:29:54.759491,TRUE,物化组
10003,清华大学,北京,11,北京,2024,综合,本科批,510,688,178,23,697,16,711,29,,,清华大学本科招生网,2026-03-06T09:29:54.759491,TRUE,不限组
10003,清华大学,北京,33,浙江,2024,物理类,本科批,515,707,192,35,710,24,737,45,,,清华大学本科招生网,2026-03-06T09:29:54.759491,TRUE,物理组
10003,清华大学,北京,33,浙江,2024,物理类,本科批,515,708,193,48,719,33,748,62,,,清华大学本科招生网,2026-03-06T09:29:54.759491,TRUE,物化组
10003,清华大学,北京,33,浙江,2024,综合,本科批,510,711,201,28,714,19,729,36,,,清华大学本科招生网,2026-03-06T09:29:54.759491,TRUE,不限组
10003,清华大学,北京,12,天津,2024,物理类,本科批,505,700,195,32,714,22,731,41,,,清华大学本科招生网,2026-03-06T09:29:54.759491,TRUE,物理组
10003,清华大学,北京,12,天津,2024,物理类,本科批,505,696,191,22,711,15,721,28,,,清华大学本科招生网,2026-03-06T09:29:54.759491,TRUE,物化组
10003,清华大学,北京,12,天津,2024,综合,本科批,500,695,195,44,703,30,719,57,,,清华大学本科招生网,2026-03-06T09:29:54.759491,TRUE,不限组
10003,清华大学,北京,61,陕西,2024,理科,一批,505,700,195,36,705,25,739,46,,,清华大学本科招生网,2026-03-06T09:29:54.759491,TRUE,理科
10003,清华大学,北京,61,陕西,2024,文科,一批,495,645,150,13,651,9,675,16,,,清华大学本科招生网,2026-03-06T09:29:54.759491,TRUE,文科
10003,清华大学,北京,21,辽宁,2024,物理类,一批,490,699,209,36,707,25,715,46,,,清华大学本科招生网,2026-03-06T09:29:54.759491,TRUE,物理类
10003,清华大学,北京,21,辽宁,2024,历史类,一批,480,675,195,5,687,3,690,6,,,清华大学本科招生网,2026-03-06T09:29:54.759491,TRUE,历史类
10003,清华大学,北京,37,山东,2024,物理类,一批,510,691,181,62,696,43,716,80,,,清华大学本科招生网,2026-03-06T09:29:54.759491,TRUE,物理类
10003,清华大学,北京,37,山东,2024,综合,一批,505,707,202,72,719,50,740,93,,,清华大学本科招生网,2026-03-06T09:29:54.759491,TRUE,通用类
10003,清华大学,北京,32,江苏,2024,物理类,一批,505,694,189,36,708,25,715,46,,,清华大学本科招生网,2026-03-06T09:29:54.759491,TRUE,物理类
10003,清华大学,北京,32,江苏,2024,物理类,一批,505,690,185,44,693,30,722,57,,,清华大学本科招生网,2026-03-06T09:29:54.759491,TRUE,物化类
10003,清华大学,北京,32,江苏,2024,历史类,一批,495,668,173,34,681,23,703,44,,,清华大学本科招生网,2026-03-06T09:29:54.759491,TRUE,历史类
10003,清华大学,北京,22,吉林,2024,物理类,一批,480,698,218,29,705,20,720,37,,,清华大学本科招生网,2026-03-06T09:29:54.759491,TRUE,物理类
10003,清华大学,北京,22,吉林,2024,物理类,一批,480,699,219,22,710,15,735,28,,,清华大学本科招生网,2026-03-06T09:29:54.759491,TRUE,物化类
10003,清华大学,北京,22,吉林,2024,历史类,一批,470,662,192,4,675,2,696,5,,,清华大学本科招生网,2026-03-06T09:29:54.759491,TRUE,历史类
10003,清华大学,北京,15,内蒙古,2024,理科,一批,475,695,220,11,708,7,716,14,,,清华大学本科招生网,2026-03-06T09:29:54.759491,TRUE,理科
10003,清华大学,北京,15,内蒙古,2024,文科,一批,465,640,175,10,648,7,672,13,,,清华大学本科招生网,2026-03-06T09:29:54.759491,TRUE,文科
10003,清华大学,北京,43,湖南,2024,物理类,一批,500,689,189,49,694,34,727,63,,,清华大学本科招生网,2026-03-06T09:29:54.759491,TRUE,物理组
10003,清华大学,北京,43,湖南,2024,物理类,一批,500,691,191,28,706,19,724,36,,,清华大学本科招生网,2026-03-06T09:29:54.759491,TRUE,物化组
10003,清华大学,北京,43,湖南,2024,综合,一批,495,656,161,62,669,43,692,80,,,清华大学本科招生网,2026-03-06T09:29:54.759491,TRUE,历史组
10003,清华大学,北京,62,甘肃,2024,物理类,一批,480,682,202,3,691,2,708,3,,,清华大学本科招生网,2026-03-06T09:29:54.759491,TRUE,物理组
10003,清华大学,北京,62,甘肃,2024,物理类,一批,480,682,202,19,697,13,722,24,,,清华大学本科招生网,2026-03-06T09:29:54.759491,TRUE,物化组
10003,清华大学,北京,62,甘肃,2024,综合,一批,475,661,186,30,676,21,696,39,,,清华大学本科招生网,2026-03-06T09:29:54.759491,TRUE,历史组
10003,清华大学,北京,41,河南,2024,理科,一批,520,696,176,110,702,77,734,143,,,清华大学本科招生网,2026-03-06T09:29:54.759491,TRUE,理科
10003,清华大学,北京,41,河南,2024,文科,一批,510,658,148,29,672,20,690,37,,,清华大学本科招生网,2026-03-06T09:29:54.759491,TRUE,文科
10003,清华大学,北京,50,重庆,2024,物理类,一批,500,699,199,13,706,9,738,16,,,清华大学本科招生网,2026-03-06T09:29:54.759491,TRUE,物理类
10003,清华大学,北京,50,重庆,2024,历史类,一批,490,673,183,17,685,11,697,22,,,清华大学本科招生网,2026-03-06T09:29:54.759491,TRUE,历史类
10003,清华大学,北京,51,四川,2024,理科,一批,515,696,181,75,702,52,726,97,,,清华大学本科招生网,2026-03-06T09:29:54.759491,TRUE,理科
10003,清华大学,北京,51,四川,2024,文科,一批,505,646,141,20,656,14,661,26,,,清华大学本科招生网,2026-03-06T09:29:54.759491,TRUE,文科
10003,清华大学,北京,45,广西,2024,物理类,一批,485,683,198,35,694,24,712,45,,,清华大学本科招生网,2026-03-06T09:29:54.759491,TRUE,物理组
10003,清华大学,北京,45,广西,2024,物理类,一批,485,681,196,72,694,50,717,93,,,清华大学本科招生网,2026-03-06T09:29:54.759491,TRUE,物化组
10003,清华大学,北京,45,广西,2024,综合,一批,480,679,199,3,690,2,700,3,,,清华大学本科招生网,2026-03-06T09:29:54.759491,TRUE,不限组
10003,清华大学,北京,53,云南,2024,理科,一批,495,698,203,16,708,11,731,20,,,清华大学本科招生网,2026-03-06T09:29:54.759491,TRUE,理科
10003,清华大学,北京,53,云南,2024,文科,一批,485,686,201,5,695,3,703,6,,,清华大学本科招生网,2026-03-06T09:29:54.759491,TRUE,文科
10003,清华大学,北京,44,广东,2024,物理类,一批,515,692,177,94,705,65,722,122,,,清华大学本科招生网,2026-03-06T09:29:54.759491,TRUE,物理组
10003,清华大学,北京,44,广东,2024,物理类,一批,515,688,173,34,702,23,711,44,,,清华大学本科招生网,2026-03-06T09:29:54.759491,TRUE,物化组
10003,清华大学,北京,44,广东,2024,综合,一批,510,665,155,17,673,11,696,22,,,清华大学本科招生网,2026-03-06T09:29:54.759491,TRUE,历史组
10003,清华大学,北京,36,江西,2024,物理类,一批,490,680,190,55,688,38,696,71,,,清华大学本科招生网,2026-03-06T09:29:54.759491,TRUE,物理组
10003,清华大学,北京,36,江西,2024,物理类,一批,490,681,191,11,693,7,711,14,,,清华大学本科招生网,2026-03-06T09:29:54.759491,TRUE,物化组
10003,清华大学,北京,36,江西,2024,综合,一批,485,669,184,73,677,51,696,94,,,清华大学本科招生网,2026-03-06T09:29:54.759491,TRUE,不限组
10003,清华大学,北京,13,河北,2024,物理类,一批,495,683,188,64,692,44,718,83,,,清华大学本科招生网,2026-03-06T09:29:54.759491,TRUE,物理类
10003,清华大学,北京,46,海南,2024,物理类,一批,495,882,387,10,886,7,921,13,,,清华大学本科招生网,2026-03-06T09:29:54.759491,TRUE,物理组
10003,清华大学,北京,46,海南,2024,物理类,一批,495,851,356,15,863,10,881,19,,,清华大学本科招生网,2026-03-06T09:29:54.759491,TRUE,物化组
10003,清华大学,北京,46,海南,2024,综合,一批,490,858,368,13,872,9,880,16,,,清华大学本科招生网,2026-03-06T09:29:54.759491,TRUE,不限组
10003,清华大学,北京,14,山西,2024,理科,一批,485,687,202,1,691,0,711,1,,,清华大学本科招生网,2026-03-06T09:29:54.759491,TRUE,理科
10003,清华大学,北京,14,山西,2024,文科,一批,475,643,168,12,651,8,668,15,,,清华大学本科招生网,2026-03-06T09:29:54.759491,TRUE,文科
10003,清华大学,北京,35,福建,2024,物理类,一批,495,696,201,10,710,7,734,13,,,清华大学本科招生网,2026-03-06T09:29:54.759491,TRUE,物理组
10003,清华大学,北京,35,福建,2024,物理类,一批,495,691,196,40,705,28,713,52,,,清华大学本科招生网,2026-03-06T09:29:54.759491,TRUE,物化组
10003,清华大学,北京,35,福建,2024,综合,一批,490,662,172,32,667,22,696,41,,,清华大学本科招生网,2026-03-06T09:29:54.759491,TRUE,不限组
10003,清华大学,北京,65,新疆,2024,理科,一批,475,641,166,30,644,21,675,39,,,清华大学本科招生网,2026-03-06T09:29:54.759491,TRUE,理科
10003,清华大学,北京,65,新疆,2024,文科,一批,465,623,158,8,631,5,657,10,,,清华大学本科招生网,2026-03-06T09:29:54.759491,TRUE,文科
10003,清华大学,北京,42,湖北,2024,物理类,一批,505,692,187,46,695,32,729,59,,,清华大学本科招生网,2026-03-06T09:29:54.759491,TRUE,物理组
10003,清华大学,北京,42,湖北,2024,物理类,一批,505,690,185,32,695,22,727,41,,,清华大学本科招生网,2026-03-06T09:29:54.759491,TRUE,物化组
10003,清华大学,北京,42,湖北,2024,综合,一批,500,670,170,92,681,64,705,119,,,清华大学本科招生网,2026-03-06T09:29:54.759491,TRUE,不限组
10003,清华大学,北京,63,青海,2024,理科,一批,465,652,187,3,665,2,672,3,,,清华大学本科招生网,2026-03-06T09:29:54.759491,TRUE,理科
10003,清华大学,北京,63,青海,2024,文科,一批,455,681,226,3,691,2,696,3,,,清华大学本科招生网,2026-03-06T09:29:54.759491,TRUE,文科
10003,清华大学,北京,52,贵州,2024,物理类,一批,490,687,197,34,699,23,707,44,,,清华大学本科招生网,2026-03-06T09:29:54.759491,TRUE,物理类
10003,清华大学,北京,52,贵州,2024,综合,一批,485,672,187,21,677,14,703,27,,,清华大学本科招生网,2026-03-06T09:29:54.759491,TRUE,不限组
10003,清华大学,北京,23,黑龙江,2024,物理类,一批,485,704,219,21,709,14,727,27,,,清华大学本科招生网,2026-03-06T09:29:54.759491,TRUE,物理组
10003,清华大学,北京,23,黑龙江,2024,物理类,一批,485,704,219,4,719,2,720,5,,,清华大学本科招生网,2026-03-06T09:29:54.759491,TRUE,物化组
10003,清华大学,北京,23,黑龙江,2024,综合,一批,480,682,202,8,689,5,702,10,,,清华大学本科招生网,2026-03-06T09:29:54.759491,TRUE,不限组
10003,清华大学,北京,34,安徽,2024,物理类,一批,500,702,202,52,706,36,726,67,,,清华大学本科招生网,2026-03-06T09:29:54.759491,TRUE,物理组
10003,清华大学,北京,34,安徽,2024,物理类,一批,500,695,195,18,706,12,725,23,,,清华大学本科招生网,2026-03-06T09:29:54.759491,TRUE,物化组
10003,清华大学,北京,34,安徽,2024,综合,一批,495,673,178,8,678,5,695,10,,,清华大学本科招生网,2026-03-06T09:29:54.759491,TRUE,不限组
10335,浙江大学,浙江,33,浙江,2025,综合,本科批,515,658,143,940,662,658,690,1222,,,浙江大学本科招生网,2026-03-06T09:32:01.223128,TRUE,普通批
10335,浙江大学,浙江,31,上海,2025,综合,本科批,495,580,85,297,590,207,611,386,,,浙江大学本科招生网,2026-03-06T09:32:01.223128,TRUE,普通批
10335,浙江大学,浙江,15,内蒙古,2025,物理类,一批,480,683,203,97,692,67,703,126,,,浙江大学本科招生网,2026-03-06T09:32:01.223128,TRUE,普通批
10335,浙江大学,浙江,15,内蒙古,2025,历史类,一批,470,659,189,69,673,48,693,89,,,浙江大学本科招生网,2026-03-06T09:32:01.223128,TRUE,普通批
10335,浙江大学,浙江,11,北京,2025,综合,本科批,515,677,162,240,689,168,705,312,,,浙江大学本科招生网,2026-03-06T09:32:01.223128,TRUE,普通批
10335,浙江大学,浙江,22,吉林,2025,物理类,一批,485,676,191,234,680,163,715,304,,,浙江大学本科招生网,2026-03-06T09:32:01.223128,TRUE,普通批
10335,浙江大学,浙江,22,吉林,2025,历史类,一批,475,649,174,130,656,91,685,169,,,浙江大学本科招生网,2026-03-06T09:32:01.223128,TRUE,普通批
10335,浙江大学,浙江,12,天津,2025,综合,本科批,505,680,175,437,695,305,708,568,,,浙江大学本科招生网,2026-03-06T09:32:01.223128,TRUE,普通批
10335,浙江大学,浙江,52,贵州,2025,物理类,一批,495,671,176,381,679,266,697,495,,,浙江大学本科招生网,2026-03-06T09:32:01.223128,TRUE,普通批
10335,浙江大学,浙江,52,贵州,2025,历史类,一批,485,658,173,262,664,183,697,340,,,浙江大学本科招生网,2026-03-06T09:32:01.223128,TRUE,普通批
10335,浙江大学,浙江,21,辽宁,2025,物理类,一批,495,683,188,446,698,312,712,579,,,浙江大学本科招生网,2026-03-06T09:32:01.223128,TRUE,普通批
10335,浙江大学,浙江,21,辽宁,2025,历史类,一批,485,644,159,204,652,142,668,265,,,浙江大学本科招生网,2026-03-06T09:32:01.223128,TRUE,普通批
10335,浙江大学,浙江,14,山西,2025,物理类,一批,490,676,186,361,679,252,694,469,,,浙江大学本科招生网,2026-03-06T09:32:01.223128,TRUE,普通批
10335,浙江大学,浙江,14,山西,2025,历史类,一批,480,647,167,353,657,247,683,458,,,浙江大学本科招生网,2026-03-06T09:32:01.223128,TRUE,普通批
10335,浙江大学,浙江,35,福建,2025,物理类,一批,500,673,173,214,682,149,706,278,,,浙江大学本科招生网,2026-03-06T09:32:01.223128,TRUE,普通批
10335,浙江大学,浙江,35,福建,2025,历史类,一批,490,641,151,350,646,244,673,455,,,浙江大学本科招生网,2026-03-06T09:32:01.223128,TRUE,普通批
10335,浙江大学,浙江,42,湖北,2025,物理类,一批,510,668,158,440,677,308,700,572,,,浙江大学本科招生网,2026-03-06T09:32:01.223128,TRUE,普通批
10335,浙江大学,浙江,42,湖北,2025,历史类,一批,500,647,147,227,661,158,665,295,,,浙江大学本科招生网,2026-03-06T09:32:01.223128,TRUE,普通批
10335,浙江大学,浙江,65,新疆,2025,理科,一批,480,640,160,172,653,120,664,223,,,浙江大学本科招生网,2026-03-06T09:32:01.223128,TRUE,普通批
10335,浙江大学,浙江,65,新疆,2025,文科,一批,470,594,124,287,598,200,623,373,,,浙江大学本科招生网,2026-03-06T09:32:01.223128,TRUE,普通批
10335,浙江大学,浙江,45,广西,2025,物理类,一批,490,662,172,399,672,279,702,518,,,浙江大学本科招生网,2026-03-06T09:32:01.223128,TRUE,普通批
10335,浙江大学,浙江,45,广西,2025,历史类,一批,480,640,160,146,649,102,674,189,,,浙江大学本科招生网,2026-03-06T09:32:01.223128,TRUE,普通批
10335,浙江大学,浙江,46,海南,2025,综合,一批,495,816,321,51,821,35,831,66,,,浙江大学本科招生网,2026-03-06T09:32:01.223128,TRUE,普通批
10335,浙江大学,浙江,43,湖南,2025,物理类,一批,505,672,167,705,681,493,694,916,,,浙江大学本科招生网,2026-03-06T09:32:01.223128,TRUE,普通批
10335,浙江大学,浙江,43,湖南,2025,历史类,一批,495,642,147,161,655,112,679,209,,,浙江大学本科招生网,2026-03-06T09:32:01.223128,TRUE,普通批
10335,浙江大学,浙江,64,宁夏,2025,物理类,一批,475,647,172,170,660,118,669,221,,,浙江大学本科招生网,2026-03-06T09:32:01.223128,TRUE,普通批
10335,浙江大学,浙江,64,宁夏,2025,历史类,一批,465,612,147,157,621,109,638,204,,,浙江大学本科招生网,2026-03-06T09:32:01.223128,TRUE,普通批
10335,浙江大学,浙江,50,重庆,2025,物理类,一批,505,676,171,220,680,154,692,286,,,浙江大学本科招生网,2026-03-06T09:32:01.223128,TRUE,普通批
10335,浙江大学,浙江,50,重庆,2025,历史类,一批,495,642,147,296,656,207,660,384,,,浙江大学本科招生网,2026-03-06T09:32:01.223128,TRUE,普通批
10335,浙江大学,浙江,23,黑龙江,2025,物理类,一批,490,677,187,218,685,152,710,283,,,浙江大学本科招生网,2026-03-06T09:32:01.223128,TRUE,普通批
10335,浙江大学,浙江,23,黑龙江,2025,历史类,一批,480,636,156,144,639,100,654,187,,,浙江大学本科招生网,2026-03-06T09:32:01.223128,TRUE,普通批
10335,浙江大学,浙江,13,河北,2025,物理类,一批,500,679,179,603,691,422,701,783,,,浙江大学本科招生网,2026-03-06T09:32:01.223128,TRUE,普通批
10335,浙江大学,浙江,13,河北,2025,历史类,一批,490,657,167,371,672,259,688,482,,,浙江大学本科招生网,2026-03-06T09:32:01.223128,TRUE,普通批
10335,浙江大学,浙江,44,广东,2025,物理类,一批,520,677,157,548,685,383,702,712,,,浙江大学本科招生网,2026-03-06T09:32:01.223128,TRUE,普通批
10335,浙江大学,浙江,44,广东,2025,历史类,一批,510,647,137,526,655,368,675,683,,,浙江大学本科招生网,2026-03-06T09:32:01.223128,TRUE,普通批
10335,浙江大学,浙江,37,山东,2025,综合,一批,510,645,135,1031,660,721,682,1340,,,浙江大学本科招生网,2026-03-06T09:32:01.223128,TRUE,普通批
10335,浙江大学,浙江,11,北京,2024,理工,本科批,515,679,164,946,686,662,715,1229,,,浙江大学本科招生网,2026-03-06T09:32:01.223128,TRUE,普通批
10335,浙江大学,浙江,11,北京,2024,文史,本科批,515,662,147,573,665,401,698,744,,,浙江大学本科招生网,2026-03-06T09:32:01.223128,TRUE,普通批
10335,浙江大学,浙江,12,天津,2024,理工,本科批,505,687,182,1476,696,1033,711,1918,,,浙江大学本科招生网,2026-03-06T09:32:01.223128,TRUE,普通批
10335,浙江大学,浙江,12,天津,2024,文史,本科批,505,678,173,1254,688,877,710,1630,,,浙江大学本科招生网,2026-03-06T09:32:01.223128,TRUE,普通批
10335,浙江大学,浙江,13,河北,2024,理工,一批,495,672,177,4863,682,3404,709,6321,,,浙江大学本科招生网,2026-03-06T09:32:01.223128,TRUE,普通批
10335,浙江大学,浙江,13,河北,2024,文史,一批,495,652,157,4390,663,3073,673,5707,,,浙江大学本科招生网,2026-03-06T09:32:01.223128,TRUE,普通批
10335,浙江大学,浙江,14,山西,2024,理工,一批,485,672,187,3598,677,2518,710,4677,,,浙江大学本科招生网,2026-03-06T09:32:01.223128,TRUE,普通批
10335,浙江大学,浙江,14,山西,2024,文史,一批,485,622,137,6659,635,4661,645,8656,,,浙江大学本科招生网,2026-03-06T09:32:01.223128,TRUE,普通批
10335,浙江大学,浙江,15,内蒙古,2024,理工,一批,475,683,208,1132,694,792,712,1471,,,浙江大学本科招生网,2026-03-06T09:32:01.223128,TRUE,普通批
10335,浙江大学,浙江,15,内蒙古,2024,文史,一批,475,622,147,2130,632,1491,647,2769,,,浙江大学本科招生网,2026-03-06T09:32:01.223128,TRUE,普通批
10335,浙江大学,浙江,21,辽宁,2024,理工,一批,490,690,200,2782,695,1947,720,3616,,,浙江大学本科招生网,2026-03-06T09:32:01.223128,TRUE,普通批
10335,浙江大学,浙江,21,辽宁,2024,文史,一批,490,651,161,1398,662,978,679,1817,,,浙江大学本科招生网,2026-03-06T09:32:01.223128,TRUE,普通批
10335,浙江大学,浙江,22,吉林,2024,理工,一批,480,683,203,1466,695,1026,712,1905,,,浙江大学本科招生网,2026-03-06T09:32:01.223128,TRUE,普通批
10335,浙江大学,浙江,22,吉林,2024,文史,一批,480,635,155,3217,646,2251,671,4182,,,浙江大学本科招生网,2026-03-06T09:32:01.223128,TRUE,普通批
10335,浙江大学,浙江,23,黑龙江,2024,理工,一批,485,693,208,1936,698,1355,728,2516,,,浙江大学本科招生网,2026-03-06T09:32:01.223128,TRUE,普通批
10335,浙江大学,浙江,23,黑龙江,2024,文史,一批,485,656,171,3906,661,2734,690,5077,,,浙江大学本科招生网,2026-03-06T09:32:01.223128,TRUE,普通批
10335,浙江大学,浙江,31,上海,2024,综合,本科批,490,583,93,169,587,118,618,219,,,浙江大学本科招生网,2026-03-06T09:32:01.223128,TRUE,普通批
10335,浙江大学,浙江,32,江苏,2024,理工,一批,505,677,172,4010,682,2807,717,5213,,,浙江大学本科招生网,2026-03-06T09:32:01.223128,TRUE,普通批
10335,浙江大学,浙江,32,江苏,2024,文史,一批,505,637,132,8491,649,5943,660,11038,,,浙江大学本科招生网,2026-03-06T09:32:01.223128,TRUE,普通批
10335,浙江大学,浙江,33,浙江,2024,综合,本科批,510,666,156,759,678,531,698,986,,,浙江大学本科招生网,2026-03-06T09:32:01.223128,TRUE,普通批
10335,浙江大学,浙江,34,安徽,2024,理工,一批,500,685,185,2313,699,1619,718,3006,,,浙江大学本科招生网,2026-03-06T09:32:01.223128,TRUE,普通批
10335,浙江大学,浙江,34,安徽,2024,文史,一批,500,657,157,5823,670,4076,695,7569,,,浙江大学本科招生网,2026-03-06T09:32:01.223128,TRUE,普通批
10335,浙江大学,浙江,35,福建,2024,理工,一批,495,677,182,1273,692,891,709,1654,,,浙江大学本科招生网,2026-03-06T09:32:01.223128,TRUE,普通批
10335,浙江大学,浙江,35,福建,2024,文史,一批,495,635,140,1683,647,1178,659,2187,,,浙江大学本科招生网,2026-03-06T09:32:01.223128,TRUE,普通批
10335,浙江大学,浙江,36,江西,2024,理工,一批,490,662,172,2878,676,2014,701,3741,,,浙江大学本科招生网,2026-03-06T09:32:01.223128,TRUE,普通批
10335,浙江大学,浙江,36,江西,2024,文史,一批,490,642,152,3545,648,2481,658,4608,,,浙江大学本科招生网,2026-03-06T09:32:01.223128,TRUE,普通批
10335,浙江大学,浙江,37,山东,2024,综合,一批,505,665,160,745,675,521,687,968,,,浙江大学本科招生网,2026-03-06T09:32:01.223128,TRUE,普通批
10335,浙江大学,浙江,41,河南,2024,理工,一批,520,681,161,3717,690,2601,710,4832,,,浙江大学本科招生网,2026-03-06T09:32:01.223128,TRUE,普通批
10335,浙江大学,浙江,41,河南,2024,文史,一批,520,634,114,4622,641,3235,649,6008,,,浙江大学本科招生网,2026-03-06T09:32:01.223128,TRUE,普通批
10335,浙江大学,浙江,42,湖北,2024,理工,一批,505,673,168,4876,685,3413,707,6338,,,浙江大学本科招生网,2026-03-06T09:32:01.223128,TRUE,普通批
10335,浙江大学,浙江,42,湖北,2024,文史,一批,505,644,139,3268,655,2287,668,4248,,,浙江大学本科招生网,2026-03-06T09:32:01.223128,TRUE,普通批
10335,浙江大学,浙江,43,湖南,2024,理工,一批,500,671,171,3555,683,2488,699,4621,,,浙江大学本科招生网,2026-03-06T09:32:01.223128,TRUE,普通批
10335,浙江大学,浙江,43,湖南,2024,文史,一批,500,636,136,1270,639,889,663,1651,,,浙江大学本科招生网,2026-03-06T09:32:01.223128,TRUE,普通批
10335,浙江大学,浙江,44,广东,2024,理工,一批,515,674,159,3755,684,2628,701,4881,,,浙江大学本科招生网,2026-03-06T09:32:01.223128,TRUE,普通批
10335,浙江大学,浙江,44,广东,2024,文史,一批,515,640,125,7541,647,5278,673,9803,,,浙江大学本科招生网,2026-03-06T09:32:01.223128,TRUE,普通批
10335,浙江大学,浙江,45,广西,2024,理工,一批,485,670,185,1327,674,928,690,1725,,,浙江大学本科招生网,2026-03-06T09:32:01.223128,TRUE,普通批
10335,浙江大学,浙江,45,广西,2024,文史,一批,485,652,167,2323,655,1626,675,3019,,,浙江大学本科招生网,2026-03-06T09:32:01.223128,TRUE,普通批
10335,浙江大学,浙江,46,海南,2024,综合,一批,490,769,279,57,783,39,799,74,,,浙江大学本科招生网,2026-03-06T09:32:01.223128,TRUE,普通批
10335,浙江大学,浙江,50,重庆,2024,理工,一批,500,682,182,1278,689,894,717,1661,,,浙江大学本科招生网,2026-03-06T09:32:01.223128,TRUE,普通批
10335,浙江大学,浙江,50,重庆,2024,文史,一批,500,651,151,2192,658,1534,679,2849,,,浙江大学本科招生网,2026-03-06T09:32:01.223128,TRUE,普通批
10335,浙江大学,浙江,51,四川,2024,理工,一批,515,684,169,3157,698,2209,708,4104,,,浙江大学本科招生网,2026-03-06T09:32:01.223128,TRUE,普通批
10335,浙江大学,浙江,51,四川,2024,文史,一批,515,627,112,5366,634,3756,656,6975,,,浙江大学本科招生网,2026-03-06T09:32:01.223128,TRUE,普通批
10335,浙江大学,浙江,52,贵州,2024,理工,一批,490,676,186,1828,685,1279,712,2376,,,浙江大学本科招生网,2026-03-06T09:32:01.223128,TRUE,普通批
10335,浙江大学,浙江,52,贵州,2024,文史,一批,490,653,163,2956,657,2069,677,3842,,,浙江大学本科招生网,2026-03-06T09:32:01.223128,TRUE,普通批
10335,浙江大学,浙江,53,云南,2024,理工,一批,495,676,181,1548,688,1083,713,2012,,,浙江大学本科招生网,2026-03-06T09:32:01.223128,TRUE,普通批
10335,浙江大学,浙江,53,云南,2024,文史,一批,495,662,167,959,669,671,677,1246,,,浙江大学本科招生网,2026-03-06T09:32:01.223128,TRUE,普通批
10335,浙江大学,浙江,61,陕西,2024,理工,一批,505,682,177,1828,686,1279,705,2376,,,浙江大学本科招生网,2026-03-06T09:32:01.223128,TRUE,普通批
10335,浙江大学,浙江,61,陕西,2024,文史,一批,505,620,115,5795,633,4056,646,7533,,,浙江大学本科招生网,2026-03-06T09:32:01.223128,TRUE,普通批
10335,浙江大学,浙江,62,甘肃,2024,理工,一批,480,670,190,724,685,506,703,941,,,浙江大学本科招生网,2026-03-06T09:32:01.223128,TRUE,普通批
10335,浙江大学,浙江,62,甘肃,2024,文史,一批,480,640,160,2579,643,1805,661,3352,,,浙江大学本科招生网,2026-03-06T09:32:01.223128,TRUE,普通批
10335,浙江大学,浙江,63,青海,2024,理工,一批,465,634,169,879,641,615,662,1142,,,浙江大学本科招生网,2026-03-06T09:32:01.223128,TRUE,普通批
10335,浙江大学,浙江,63,青海,2024,文史,一批,465,602,137,1241,614,868,633,1613,,,浙江大学本科招生网,2026-03-06T09:32:01.223128,TRUE,普通批
10335,浙江大学,浙江,64,宁夏,2024,理工,一批,470,644,174,802,653,561,668,1042,,,浙江大学本科招生网,2026-03-06T09:32:01.223128,TRUE,普通批
10335,浙江大学,浙江,64,宁夏,2024,文史,一批,470,620,150,1705,633,1193,656,2216,,,浙江大学本科招生网,2026-03-06T09:32:01.223128,TRUE,普通批
10335,浙江大学,浙江,65,新疆,2024,理工,一批,475,640,165,2384,646,1668,657,3099,,,浙江大学本科招生网,2026-03-06T09:32:01.223128,TRUE,普通批
10335,浙江大学,浙江,65,新疆,2024,文史,一批,475,589,114,3704,602,2592,616,4815,,,浙江大学本科招生网,2026-03-06T09:32:01.223128,TRUE,普通批
10284,南京大学,江苏,11,北京,2024,综合,本科批,510,670,160,382,674,267,687,496,,,各高校招生网/高考 100,2026-03-06T09:34:32.490424,TRUE,普通批
10284,南京大学,江苏,12,天津,2024,综合,本科批,500,665,165,252,674,176,692,327,,,各高校招生网/高考 100,2026-03-06T09:34:32.490424,TRUE,普通批
10284,南京大学,江苏,13,河北,2024,物理类,一批,495,665,170,348,676,243,694,452,,,各高校招生网/高考 100,2026-03-06T09:34:32.490424,TRUE,普通批
10284,南京大学,江苏,13,河北,2024,历史类,一批,485,645,160,401,652,280,668,521,,,各高校招生网/高考 100,2026-03-06T09:34:32.490424,TRUE,普通批
10284,南京大学,江苏,14,山西,2024,理科,一批,485,668,183,799,680,559,702,1038,,,各高校招生网/高考 100,2026-03-06T09:34:32.490424,TRUE,普通批
10284,南京大学,江苏,14,山西,2024,文科,一批,475,625,150,339,633,237,642,440,,,各高校招生网/高考 100,2026-03-06T09:34:32.490424,TRUE,普通批
10284,南京大学,江苏,15,内蒙古,2024,理科,一批,475,672,197,153,682,107,705,198,,,各高校招生网/高考 100,2026-03-06T09:34:32.490424,TRUE,普通批
10284,南京大学,江苏,15,内蒙古,2024,文科,一批,465,615,150,367,626,256,634,477,,,各高校招生网/高考 100,2026-03-06T09:34:32.490424,TRUE,普通批
10284,南京大学,江苏,21,辽宁,2024,物理类,一批,490,675,185,380,689,266,707,494,,,各高校招生网/高考 100,2026-03-06T09:34:32.490424,TRUE,普通批
10284,南京大学,江苏,21,辽宁,2024,历史类,一批,480,638,158,210,644,147,667,273,,,各高校招生网/高考 100,2026-03-06T09:34:32.490424,TRUE,普通批
10284,南京大学,江苏,22,吉林,2024,理科,一批,480,670,190,295,684,206,686,383,,,各高校招生网/高考 100,2026-03-06T09:34:32.490424,TRUE,普通批
10284,南京大学,江苏,22,吉林,2024,文科,一批,470,630,160,152,640,106,660,197,,,各高校招生网/高考 100,2026-03-06T09:34:32.490424,TRUE,普通批
10284,南京大学,江苏,23,黑龙江,2024,理科,一批,485,678,193,538,682,376,713,699,,,各高校招生网/高考 100,2026-03-06T09:34:32.490424,TRUE,普通批
10284,南京大学,江苏,23,黑龙江,2024,文科,一批,475,642,167,114,655,79,665,148,,,各高校招生网/高考 100,2026-03-06T09:34:32.490424,TRUE,普通批
10284,南京大学,江苏,31,上海,2024,综合,本科批,490,570,80,698,578,488,588,907,,,各高校招生网/高考 100,2026-03-06T09:34:32.490424,TRUE,普通批
10284,南京大学,江苏,32,江苏,2024,物理类,一批,505,660,155,869,675,608,684,1129,,,各高校招生网/高考 100,2026-03-06T09:34:32.490424,TRUE,普通批
10284,南京大学,江苏,32,江苏,2024,历史类,一批,495,640,145,467,651,326,678,607,,,各高校招生网/高考 100,2026-03-06T09:34:32.490424,TRUE,普通批
10284,南京大学,江苏,33,浙江,2024,综合,本科批,510,680,170,700,684,489,716,910,,,各高校招生网/高考 100,2026-03-06T09:34:32.490424,TRUE,普通批
10284,南京大学,江苏,34,安徽,2024,理科,一批,500,670,170,414,679,289,700,538,,,各高校招生网/高考 100,2026-03-06T09:34:32.490424,TRUE,普通批
10284,南京大学,江苏,34,安徽,2024,文科,一批,490,645,155,436,655,305,671,566,,,各高校招生网/高考 100,2026-03-06T09:34:32.490424,TRUE,普通批
10284,南京大学,江苏,35,福建,2024,理科,一批,495,665,170,725,668,507,689,942,,,各高校招生网/高考 100,2026-03-06T09:34:32.490424,TRUE,普通批
10284,南京大学,江苏,35,福建,2024,文科,一批,485,630,145,484,633,338,650,629,,,各高校招生网/高考 100,2026-03-06T09:34:32.490424,TRUE,普通批
10284,南京大学,江苏,36,江西,2024,理科,一批,490,655,165,540,662,378,695,702,,,各高校招生网/高考 100,2026-03-06T09:34:32.490424,TRUE,普通批
10284,南京大学,江苏,36,江西,2024,文科,一批,480,625,145,306,633,214,651,397,,,各高校招生网/高考 100,2026-03-06T09:34:32.490424,TRUE,普通批
10284,南京大学,江苏,37,山东,2024,综合,一批,505,660,155,844,665,590,686,1097,,,各高校招生网/高考 100,2026-03-06T09:34:32.490424,TRUE,普通批
10284,南京大学,江苏,41,河南,2024,理科,一批,520,672,152,1026,676,718,697,1333,,,各高校招生网/高考 100,2026-03-06T09:34:32.490424,TRUE,普通批
10284,南京大学,江苏,41,河南,2024,文科,一批,510,640,130,518,655,362,666,673,,,各高校招生网/高考 100,2026-03-06T09:34:32.490424,TRUE,普通批
10284,南京大学,江苏,42,湖北,2024,物理类,一批,505,662,157,1044,670,730,701,1357,,,各高校招生网/高考 100,2026-03-06T09:34:32.490424,TRUE,普通批
10284,南京大学,江苏,42,湖北,2024,历史类,一批,495,635,140,736,649,515,670,956,,,各高校招生网/高考 100,2026-03-06T09:34:32.490424,TRUE,普通批
10284,南京大学,江苏,43,湖南,2024,物理类,一批,500,660,160,595,672,416,678,773,,,各高校招生网/高考 100,2026-03-06T09:34:32.490424,TRUE,普通批
10284,南京大学,江苏,43,湖南,2024,历史类,一批,490,630,140,492,643,344,650,639,,,各高校招生网/高考 100,2026-03-06T09:34:32.490424,TRUE,普通批
10284,南京大学,江苏,44,广东,2024,物理类,一批,515,665,150,896,677,627,701,1164,,,各高校招生网/高考 100,2026-03-06T09:34:32.490424,TRUE,普通批
10284,南京大学,江苏,44,广东,2024,历史类,一批,505,638,133,540,653,378,653,702,,,各高校招生网/高考 100,2026-03-06T09:34:32.490424,TRUE,普通批
10284,南京大学,江苏,45,广西,2024,理科,一批,485,655,170,221,664,154,693,287,,,各高校招生网/高考 100,2026-03-06T09:34:32.490424,TRUE,普通批
10284,南京大学,江苏,45,广西,2024,文科,一批,475,635,160,411,645,287,659,534,,,各高校招生网/高考 100,2026-03-06T09:34:32.490424,TRUE,普通批
10284,南京大学,江苏,46,海南,2024,综合,一批,490,780,290,112,793,78,796,145,,,各高校招生网/高考 100,2026-03-06T09:34:32.490424,TRUE,普通批
10284,南京大学,江苏,50,重庆,2024,物理类,一批,500,668,168,179,681,125,688,232,,,各高校招生网/高考 100,2026-03-06T09:34:32.490424,TRUE,普通批
10284,南京大学,江苏,50,重庆,2024,历史类,一批,490,638,148,446,647,312,673,579,,,各高校招生网/高考 100,2026-03-06T09:34:32.490424,TRUE,普通批
10284,南京大学,江苏,51,四川,2024,理科,一批,515,670,155,517,678,361,687,672,,,各高校招生网/高考 100,2026-03-06T09:34:32.490424,TRUE,普通批
10284,南京大学,江苏,51,四川,2024,文科,一批,505,620,115,207,624,144,645,269,,,各高校招生网/高考 100,2026-03-06T09:34:32.490424,TRUE,普通批
10284,南京大学,江苏,52,贵州,2024,理科,一批,490,662,172,416,670,291,687,540,,,各高校招生网/高考 100,2026-03-06T09:34:32.490424,TRUE,普通批
10284,南京大学,江苏,52,贵州,2024,文科,一批,480,640,160,255,655,178,672,331,,,各高校招生网/高考 100,2026-03-06T09:34:32.490424,TRUE,普通批
10284,南京大学,江苏,53,云南,2024,理科,一批,495,665,170,191,671,133,691,248,,,各高校招生网/高考 100,2026-03-06T09:34:32.490424,TRUE,普通批
10284,南京大学,江苏,53,云南,2024,文科,一批,485,648,163,183,655,128,684,237,,,各高校招生网/高考 100,2026-03-06T09:34:32.490424,TRUE,普通批
10284,南京大学,江苏,61,陕西,2024,理科,一批,505,670,165,792,674,554,702,1029,,,各高校招生网/高考 100,2026-03-06T09:34:32.490424,TRUE,普通批
10284,南京大学,江苏,61,陕西,2024,文科,一批,495,635,140,658,640,460,657,855,,,各高校招生网/高考 100,2026-03-06T09:34:32.490424,TRUE,普通批
10284,南京大学,江苏,62,甘肃,2024,理科,一批,480,655,175,357,663,249,691,464,,,各高校招生网/高考 100,2026-03-06T09:34:32.490424,TRUE,普通批
10284,南京大学,江苏,62,甘肃,2024,文科,一批,470,625,155,237,635,165,640,308,,,各高校招生网/高考 100,2026-03-06T09:34:32.490424,TRUE,普通批
10284,南京大学,江苏,63,青海,2024,理科,一批,465,620,155,270,633,189,637,351,,,各高校招生网/高考 100,2026-03-06T09:34:32.490424,TRUE,普通批
10284,南京大学,江苏,63,青海,2024,文科,一批,455,590,135,164,598,114,610,213,,,各高校招生网/高考 100,2026-03-06T09:34:32.490424,TRUE,普通批
10284,南京大学,江苏,64,宁夏,2024,理科,一批,470,630,160,272,634,190,661,353,,,各高校招生网/高考 100,2026-03-06T09:34:32.490424,TRUE,普通批
10284,南京大学,江苏,64,宁夏,2024,文科,一批,460,610,150,72,615,50,647,93,,,各高校招生网/高考 100,2026-03-06T09:34:32.490424,TRUE,普通批
10284,南京大学,江苏,65,新疆,2024,理科,一批,475,625,150,293,637,205,650,380,,,各高校招生网/高考 100,2026-03-06T09:34:32.490424,TRUE,普通批
10284,南京大学,江苏,65,新疆,2024,文科,一批,465,584,119,195,592,136,610,253,,,各高校招生网/高考 100,2026-03-06T09:34:32.490424,TRUE,普通批
10358,中国科学技术大学,安徽,11,北京,2024,综合,本科批,510,685,175,275,693,192,700,357,,,各高校招生网/高考 100,2026-03-06T09:34:32.490424,TRUE,普通批
10358,中国科学技术大学,安徽,12,天津,2024,综合,本科批,500,680,180,579,684,405,695,752,,,各高校招生网/高考 100,2026-03-06T09:34:32.490424,TRUE,普通批
10358,中国科学技术大学,安徽,13,河北,2024,理科,一批,495,680,185,402,685,281,716,522,,,各高校招生网/高考 100,2026-03-06T09:34:32.490424,TRUE,普通批
10358,中国科学技术大学,安徽,14,山西,2024,理科,一批,485,675,190,466,682,326,709,605,,,各高校招生网/高考 100,2026-03-06T09:34:32.490424,TRUE,普通批
10358,中国科学技术大学,安徽,15,内蒙古,2024,理科,一批,475,688,213,429,692,300,705,557,,,各高校招生网/高考 100,2026-03-06T09:34:32.490424,TRUE,普通批
10358,中国科学技术大学,安徽,21,辽宁,2024,理科,一批,490,685,195,801,699,560,710,1041,,,各高校招生网/高考 100,2026-03-06T09:34:32.490424,TRUE,普通批
10358,中国科学技术大学,安徽,22,吉林,2024,理科,一批,480,680,200,453,683,317,707,588,,,各高校招生网/高考 100,2026-03-06T09:34:32.490424,TRUE,普通批
10358,中国科学技术大学,安徽,23,黑龙江,2024,理科,一批,485,690,205,454,695,317,726,590,,,各高校招生网/高考 100,2026-03-06T09:34:32.490424,TRUE,普通批
10358,中国科学技术大学,安徽,31,上海,2024,综合,本科批,490,575,85,683,588,478,594,887,,,各高校招生网/高考 100,2026-03-06T09:34:32.490424,TRUE,普通批
10358,中国科学技术大学,安徽,32,江苏,2024,理科,一批,505,682,177,1226,694,858,714,1593,,,各高校招生网/高考 100,2026-03-06T09:34:32.490424,TRUE,普通批
10358,中国科学技术大学,安徽,33,浙江,2024,综合,本科批,510,690,180,558,704,390,708,725,,,各高校招生网/高考 100,2026-03-06T09:34:32.490424,TRUE,普通批
10358,中国科学技术大学,安徽,34,安徽,2024,理科,一批,500,678,178,463,687,324,706,601,,,各高校招生网/高考 100,2026-03-06T09:34:32.490424,TRUE,普通批
10358,中国科学技术大学,安徽,35,福建,2024,理科,一批,495,675,180,657,681,459,697,854,,,各高校招生网/高考 100,2026-03-06T09:34:32.490424,TRUE,普通批
10358,中国科学技术大学,安徽,36,江西,2024,理科,一批,490,670,180,906,677,634,707,1177,,,各高校招生网/高考 100,2026-03-06T09:34:32.490424,TRUE,普通批
10358,中国科学技术大学,安徽,37,山东,2024,综合,一批,505,678,173,854,684,597,716,1110,,,各高校招生网/高考 100,2026-03-06T09:34:32.490424,TRUE,普通批
10358,中国科学技术大学,安徽,41,河南,2024,理科,一批,520,685,165,1294,688,905,708,1682,,,各高校招生网/高考 100,2026-03-06T09:34:32.490424,TRUE,普通批
10358,中国科学技术大学,安徽,42,湖北,2024,理科,一批,505,678,173,793,692,555,710,1030,,,各高校招生网/高考 100,2026-03-06T09:34:32.490424,TRUE,普通批
10358,中国科学技术大学,安徽,43,湖南,2024,理科,一批,500,675,175,679,688,475,696,882,,,各高校招生网/高考 100,2026-03-06T09:34:32.490424,TRUE,普通批
10358,中国科学技术大学,安徽,44,广东,2024,理科,一批,515,680,165,580,688,406,714,754,,,各高校招生网/高考 100,2026-03-06T09:34:32.490424,TRUE,普通批
10358,中国科学技术大学,安徽,45,广西,2024,理科,一批,485,668,183,796,676,557,686,1034,,,各高校招生网/高考 100,2026-03-06T09:34:32.490424,TRUE,普通批
10358,中国科学技术大学,安徽,46,海南,2024,综合,一批,490,810,320,105,816,73,830,136,,,各高校招生网/高考 100,2026-03-06T09:34:32.490424,TRUE,普通批
10358,中国科学技术大学,安徽,50,重庆,2024,理科,一批,500,682,182,584,694,408,699,759,,,各高校招生网/高考 100,2026-03-06T09:34:32.490424,TRUE,普通批
10358,中国科学技术大学,安徽,51,四川,2024,理科,一批,515,688,173,538,693,376,707,699,,,各高校招生网/高考 100,2026-03-06T09:34:32.490424,TRUE,普通批
10358,中国科学技术大学,安徽,52,贵州,2024,理科,一批,490,675,185,754,678,527,699,980,,,各高校招生网/高考 100,2026-03-06T09:34:32.490424,TRUE,普通批
10358,中国科学技术大学,安徽,53,云南,2024,理科,一批,495,680,185,307,693,214,716,399,,,各高校招生网/高考 100,2026-03-06T09:34:32.490424,TRUE,普通批
10358,中国科学技术大学,安徽,61,陕西,2024,理科,一批,505,685,180,465,697,325,715,604,,,各高校招生网/高考 100,2026-03-06T09:34:32.490424,TRUE,普通批
10358,中国科学技术大学,安徽,62,甘肃,2024,理科,一批,480,668,188,255,671,178,688,331,,,各高校招生网/高考 100,2026-03-06T09:34:32.490424,TRUE,普通批
10358,中国科学技术大学,安徽,63,青海,2024,理科,一批,465,635,170,89,649,62,655,115,,,各高校招生网/高考 100,2026-03-06T09:34:32.490424,TRUE,普通批
10358,中国科学技术大学,安徽,64,宁夏,2024,理科,一批,470,645,175,104,656,72,680,135,,,各高校招生网/高考 100,2026-03-06T09:34:32.490424,TRUE,普通批
10358,中国科学技术大学,安徽,65,新疆,2024,理科,一批,475,640,165,341,651,238,666,443,,,各高校招生网/高考 100,2026-03-06T09:34:32.490424,TRUE,普通批
10213,哈尔滨工业大学,黑龙江,11,北京,2024,综合,本科批,510,660,150,436,664,305,688,566,,,各高校招生网/高考 100,2026-03-06T09:34:32.490424,TRUE,普通批
10213,哈尔滨工业大学,黑龙江,12,天津,2024,综合,本科批,500,655,155,630,658,441,686,819,,,各高校招生网/高考 100,2026-03-06T09:34:32.490424,TRUE,普通批
10213,哈尔滨工业大学,黑龙江,13,河北,2024,理科,一批,495,655,160,648,663,453,672,842,,,各高校招生网/高考 100,2026-03-06T09:34:32.490424,TRUE,普通批
10213,哈尔滨工业大学,黑龙江,13,河北,2024,文科,一批,485,620,135,7431,635,5201,636,9660,,,各高校招生网/高考 100,2026-03-06T09:34:32.490424,TRUE,普通批
10213,哈尔滨工业大学,黑龙江,14,山西,2024,理科,一批,485,650,165,2051,661,1435,667,2666,,,各高校招生网/高考 100,2026-03-06T09:34:32.490424,TRUE,普通批
10213,哈尔滨工业大学,黑龙江,14,山西,2024,文科,一批,475,605,130,2697,618,1887,636,3506,,,各高校招生网/高考 100,2026-03-06T09:34:32.490424,TRUE,普通批
10213,哈尔滨工业大学,黑龙江,15,内蒙古,2024,理科,一批,475,665,190,899,677,629,683,1168,,,各高校招生网/高考 100,2026-03-06T09:34:32.490424,TRUE,普通批
10213,哈尔滨工业大学,黑龙江,15,内蒙古,2024,文科,一批,465,600,135,3340,609,2338,636,4342,,,各高校招生网/高考 100,2026-03-06T09:34:32.490424,TRUE,普通批
10213,哈尔滨工业大学,黑龙江,21,辽宁,2024,理科,一批,490,670,180,861,683,602,694,1119,,,各高校招生网/高考 100,2026-03-06T09:34:32.490424,TRUE,普通批
10213,哈尔滨工业大学,黑龙江,21,辽宁,2024,文科,一批,480,615,135,3785,621,2649,632,4920,,,各高校招生网/高考 100,2026-03-06T09:34:32.490424,TRUE,普通批
10213,哈尔滨工业大学,黑龙江,22,吉林,2024,理科,一批,480,645,165,1307,659,914,670,1699,,,各高校招生网/高考 100,2026-03-06T09:34:32.490424,TRUE,普通批
10213,哈尔滨工业大学,黑龙江,22,吉林,2024,文科,一批,470,595,125,3139,601,2197,619,4080,,,各高校招生网/高考 100,2026-03-06T09:34:32.490424,TRUE,普通批
10213,哈尔滨工业大学,黑龙江,23,黑龙江,2024,理科,一批,485,660,175,1120,675,784,697,1456,,,各高校招生网/高考 100,2026-03-06T09:34:32.490424,TRUE,普通批
10213,哈尔滨工业大学,黑龙江,23,黑龙江,2024,文科,一批,475,590,115,3526,604,2468,612,4583,,,各高校招生网/高考 100,2026-03-06T09:34:32.490424,TRUE,普通批
10213,哈尔滨工业大学,黑龙江,31,上海,2024,综合,本科批,490,560,70,1925,565,1347,584,2502,,,各高校招生网/高考 100,2026-03-06T09:34:32.490424,TRUE,普通批
10213,哈尔滨工业大学,黑龙江,32,江苏,2024,理科,一批,505,655,150,934,670,653,678,1214,,,各高校招生网/高考 100,2026-03-06T09:34:32.490424,TRUE,普通批
10213,哈尔滨工业大学,黑龙江,33,浙江,2024,综合,本科批,510,670,160,1980,673,1386,696,2574,,,各高校招生网/高考 100,2026-03-06T09:34:32.490424,TRUE,普通批
10213,哈尔滨工业大学,黑龙江,34,安徽,2024,理科,一批,500,660,160,1003,664,702,699,1303,,,各高校招生网/高考 100,2026-03-06T09:34:32.490424,TRUE,普通批
10213,哈尔滨工业大学,黑龙江,35,福建,2024,理科,一批,495,650,155,785,654,549,667,1020,,,各高校招生网/高考 100,2026-03-06T09:34:32.490424,TRUE,普通批
10213,哈尔滨工业大学,黑龙江,36,江西,2024,理科,一批,490,645,155,1029,652,720,676,1337,,,各高校招生网/高考 100,2026-03-06T09:34:32.490424,TRUE,普通批
10213,哈尔滨工业大学,黑龙江,37,山东,2024,综合,一批,505,655,150,1394,670,975,695,1812,,,各高校招生网/高考 100,2026-03-06T09:34:32.490424,TRUE,普通批
10213,哈尔滨工业大学,黑龙江,41,河南,2024,理科,一批,520,665,145,1237,674,865,684,1608,,,各高校招生网/高考 100,2026-03-06T09:34:32.490424,TRUE,普通批
10213,哈尔滨工业大学,黑龙江,41,河南,2024,文科,一批,510,615,105,6042,623,4229,652,7854,,,各高校招生网/高考 100,2026-03-06T09:34:32.490424,TRUE,普通批
10213,哈尔滨工业大学,黑龙江,42,湖北,2024,理科,一批,505,655,150,1053,663,737,680,1368,,,各高校招生网/高考 100,2026-03-06T09:34:32.490424,TRUE,普通批
10213,哈尔滨工业大学,黑龙江,43,湖南,2024,理科,一批,500,650,150,839,653,587,678,1090,,,各高校招生网/高考 100,2026-03-06T09:34:32.490424,TRUE,普通批
10213,哈尔滨工业大学,黑龙江,44,广东,2024,理科,一批,515,660,145,2068,672,1447,688,2688,,,各高校招生网/高考 100,2026-03-06T09:34:32.490424,TRUE,普通批
10213,哈尔滨工业大学,黑龙江,45,广西,2024,理科,一批,485,645,160,943,658,660,669,1225,,,各高校招生网/高考 100,2026-03-06T09:34:32.490424,TRUE,普通批
10213,哈尔滨工业大学,黑龙江,45,广西,2024,文科,一批,475,610,135,6975,616,4882,649,9067,,,各高校招生网/高考 100,2026-03-06T09:34:32.490424,TRUE,普通批
10213,哈尔滨工业大学,黑龙江,46,海南,2024,综合,一批,490,760,270,227,771,158,793,295,,,各高校招生网/高考 100,2026-03-06T09:34:32.490424,TRUE,普通批
10213,哈尔滨工业大学,黑龙江,50,重庆,2024,理科,一批,500,660,160,1144,663,800,689,1487,,,各高校招生网/高考 100,2026-03-06T09:34:32.490424,TRUE,普通批
10213,哈尔滨工业大学,黑龙江,51,四川,2024,理科,一批,515,665,150,1098,672,768,685,1427,,,各高校招生网/高考 100,2026-03-06T09:34:32.490424,TRUE,普通批
10213,哈尔滨工业大学,黑龙江,51,四川,2024,文科,一批,505,605,100,9406,618,6584,640,12227,,,各高校招生网/高考 100,2026-03-06T09:34:32.490424,TRUE,普通批
10213,哈尔滨工业大学,黑龙江,52,贵州,2024,理科,一批,490,650,160,714,660,499,684,928,,,各高校招生网/高考 100,2026-03-06T09:34:32.490424,TRUE,普通批
10213,哈尔滨工业大学,黑龙江,52,贵州,2024,文科,一批,480,620,140,4745,623,3321,635,6168,,,各高校招生网/高考 100,2026-03-06T09:34:32.490424,TRUE,普通批
10213,哈尔滨工业大学,黑龙江,53,云南,2024,理科,一批,495,655,160,1301,669,910,687,1691,,,各高校招生网/高考 100,2026-03-06T09:34:32.490424,TRUE,普通批
10213,哈尔滨工业大学,黑龙江,53,云南,2024,文科,一批,485,625,140,857,640,599,658,1114,,,各高校招生网/高考 100,2026-03-06T09:34:32.490424,TRUE,普通批
10213,哈尔滨工业大学,黑龙江,61,陕西,2024,理科,一批,505,660,155,1605,663,1123,675,2086,,,各高校招生网/高考 100,2026-03-06T09:34:32.490424,TRUE,普通批
10213,哈尔滨工业大学,黑龙江,61,陕西,2024,文科,一批,495,610,115,7686,623,5380,630,9991,,,各高校招生网/高考 100,2026-03-06T09:34:32.490424,TRUE,普通批
10213,哈尔滨工业大学,黑龙江,62,甘肃,2024,理科,一批,480,645,165,775,651,542,664,1007,,,各高校招生网/高考 100,2026-03-06T09:34:32.490424,TRUE,普通批
10213,哈尔滨工业大学,黑龙江,62,甘肃,2024,文科,一批,470,605,135,1677,613,1173,623,2180,,,各高校招生网/高考 100,2026-03-06T09:34:32.490424,TRUE,普通批
10213,哈尔滨工业大学,黑龙江,63,青海,2024,理科,一批,465,610,145,182,615,127,648,236,,,各高校招生网/高考 100,2026-03-06T09:34:32.490424,TRUE,普通批
10213,哈尔滨工业大学,黑龙江,64,宁夏,2024,理科,一批,470,620,150,778,629,544,641,1011,,,各高校招生网/高考 100,2026-03-06T09:34:32.490424,TRUE,普通批
10213,哈尔滨工业大学,黑龙江,65,新疆,2024,理科,一批,475,615,140,697,627,487,653,906,,,各高校招生网/高考 100,2026-03-06T09:34:32.490424,TRUE,普通批
10698,西安交通大学,陕西,11,北京,2024,综合,本科批,510,650,140,650,653,454,679,845,,,各高校招生网/高考 100,2026-03-06T09:34:32.490424,TRUE,普通批
10698,西安交通大学,陕西,12,天津,2024,综合,本科批,500,645,145,2420,657,1694,661,3146,,,各高校招生网/高考 100,2026-03-06T09:34:32.490424,TRUE,普通批
10698,西安交通大学,陕西,13,河北,2024,理科,一批,495,645,150,1964,650,1374,663,2553,,,各高校招生网/高考 100,2026-03-06T09:34:32.490424,TRUE,普通批
10698,西安交通大学,陕西,13,河北,2024,文科,一批,485,610,125,4076,617,2853,649,5298,,,各高校招生网/高考 100,2026-03-06T09:34:32.490424,TRUE,普通批
10698,西安交通大学,陕西,14,山西,2024,理科,一批,485,640,155,3373,643,2361,660,4384,,,各高校招生网/高考 100,2026-03-06T09:34:32.490424,TRUE,普通批
10698,西安交通大学,陕西,14,山西,2024,文科,一批,475,595,120,4929,599,3450,623,6407,,,各高校招生网/高考 100,2026-03-06T09:34:32.490424,TRUE,普通批
10698,西安交通大学,陕西,15,内蒙古,2024,理科,一批,475,655,180,1571,662,1099,680,2042,,,各高校招生网/高考 100,2026-03-06T09:34:32.490424,TRUE,普通批
10698,西安交通大学,陕西,15,内蒙古,2024,文科,一批,465,590,125,1545,593,1081,613,2008,,,各高校招生网/高考 100,2026-03-06T09:34:32.490424,TRUE,普通批
10698,西安交通大学,陕西,21,辽宁,2024,理科,一批,490,660,170,2098,674,1468,695,2727,,,各高校招生网/高考 100,2026-03-06T09:34:32.490424,TRUE,普通批
10698,西安交通大学,陕西,21,辽宁,2024,文科,一批,480,605,125,7547,616,5282,637,9811,,,各高校招生网/高考 100,2026-03-06T09:34:32.490424,TRUE,普通批
10698,西安交通大学,陕西,22,吉林,2024,理科,一批,480,635,155,1713,647,1199,663,2226,,,各高校招生网/高考 100,2026-03-06T09:34:32.490424,TRUE,普通批
10698,西安交通大学,陕西,22,吉林,2024,文科,一批,470,585,115,3943,590,2760,618,5125,,,各高校招生网/高考 100,2026-03-06T09:34:32.490424,TRUE,普通批
10698,西安交通大学,陕西,23,黑龙江,2024,理科,一批,485,650,165,1944,656,1360,675,2527,,,各高校招生网/高考 100,2026-03-06T09:34:32.490424,TRUE,普通批
10698,西安交通大学,陕西,23,黑龙江,2024,文科,一批,475,580,105,7259,586,5081,606,9436,,,各高校招生网/高考 100,2026-03-06T09:34:32.490424,TRUE,普通批
10698,西安交通大学,陕西,31,上海,2024,综合,本科批,490,550,60,1335,564,934,565,1735,,,各高校招生网/高考 100,2026-03-06T09:34:32.490424,TRUE,普通批
10698,西安交通大学,陕西,32,江苏,2024,理科,一批,505,645,140,1810,656,1267,672,2353,,,各高校招生网/高考 100,2026-03-06T09:34:32.490424,TRUE,普通批
10698,西安交通大学,陕西,33,浙江,2024,综合,本科批,510,660,150,2927,667,2048,687,3805,,,各高校招生网/高考 100,2026-03-06T09:34:32.490424,TRUE,普通批
10698,西安交通大学,陕西,34,安徽,2024,理科,一批,500,650,150,1471,663,1029,684,1912,,,各高校招生网/高考 100,2026-03-06T09:34:32.490424,TRUE,普通批
10698,西安交通大学,陕西,35,福建,2024,理科,一批,495,640,145,3064,654,2144,676,3983,,,各高校招生网/高考 100,2026-03-06T09:34:32.490424,TRUE,普通批
10698,西安交通大学,陕西,36,江西,2024,理科,一批,490,635,145,2272,648,1590,663,2953,,,各高校招生网/高考 100,2026-03-06T09:34:32.490424,TRUE,普通批
10698,西安交通大学,陕西,37,山东,2024,综合,一批,505,645,140,2241,652,1568,665,2913,,,各高校招生网/高考 100,2026-03-06T09:34:32.490424,TRUE,普通批
10698,西安交通大学,陕西,41,河南,2024,理科,一批,520,655,135,3542,663,2479,679,4604,,,各高校招生网/高考 100,2026-03-06T09:34:32.490424,TRUE,普通批
10698,西安交通大学,陕西,41,河南,2024,文科,一批,510,605,95,18048,620,12633,621,23462,,,各高校招生网/高考 100,2026-03-06T09:34:32.490424,TRUE,普通批
10698,西安交通大学,陕西,42,湖北,2024,理科,一批,505,645,140,3150,660,2205,679,4095,,,各高校招生网/高考 100,2026-03-06T09:34:32.490424,TRUE,普通批
10698,西安交通大学,陕西,43,湖南,2024,理科,一批,500,640,140,2829,647,1980,659,3677,,,各高校招生网/高考 100,2026-03-06T09:34:32.490424,TRUE,普通批
10698,西安交通大学,陕西,44,广东,2024,理科,一批,515,650,135,1617,661,1131,676,2102,,,各高校招生网/高考 100,2026-03-06T09:34:32.490424,TRUE,普通批
10698,西安交通大学,陕西,45,广西,2024,理科,一批,485,635,150,2241,646,1568,665,2913,,,各高校招生网/高考 100,2026-03-06T09:34:32.490424,TRUE,普通批
10698,西安交通大学,陕西,45,广西,2024,文科,一批,475,600,125,7176,603,5023,626,9328,,,各高校招生网/高考 100,2026-03-06T09:34:32.490424,TRUE,普通批
10698,西安交通大学,陕西,46,海南,2024,综合,一批,490,750,260,367,756,256,785,477,,,各高校招生网/高考 100,2026-03-06T09:34:32.490424,TRUE,普通批
10698,西安交通大学,陕西,50,重庆,2024,理科,一批,500,650,150,1018,654,712,689,1323,,,各高校招生网/高考 100,2026-03-06T09:34:32.490424,TRUE,普通批
10698,西安交通大学,陕西,51,四川,2024,理科,一批,515,670,155,1308,683,915,697,1700,,,各高校招生网/高考 100,2026-03-06T09:34:32.490424,TRUE,普通批
10698,西安交通大学,陕西,51,四川,2024,文科,一批,505,615,110,9234,625,6463,644,12004,,,各高校招生网/高考 100,2026-03-06T09:34:32.490424,TRUE,普通批
10698,西安交通大学,陕西,52,贵州,2024,理科,一批,490,640,150,2443,649,1710,667,3175,,,各高校招生网/高考 100,2026-03-06T09:34:32.490424,TRUE,普通批
10698,西安交通大学,陕西,52,贵州,2024,文科,一批,480,610,130,4987,622,3490,629,6483,,,各高校招生网/高考 100,2026-03-06T09:34:32.490424,TRUE,普通批
10698,西安交通大学,陕西,53,云南,2024,理科,一批,495,645,150,929,659,650,684,1207,,,各高校招生网/高考 100,2026-03-06T09:34:32.490424,TRUE,普通批
10698,西安交通大学,陕西,53,云南,2024,文科,一批,485,615,130,2824,622,1976,638,3671,,,各高校招生网/高考 100,2026-03-06T09:34:32.490424,TRUE,普通批
10698,西安交通大学,陕西,61,陕西,2024,理科,一批,505,665,160,1601,672,1120,683,2081,,,各高校招生网/高考 100,2026-03-06T09:34:32.490424,TRUE,普通批
10698,西安交通大学,陕西,61,陕西,2024,文科,一批,495,620,125,2711,627,1897,656,3524,,,各高校招生网/高考 100,2026-03-06T09:34:32.490424,TRUE,普通批
10698,西安交通大学,陕西,62,甘肃,2024,理科,一批,480,635,155,1380,647,965,653,1794,,,各高校招生网/高考 100,2026-03-06T09:34:32.490424,TRUE,普通批
10698,西安交通大学,陕西,62,甘肃,2024,文科,一批,470,595,125,1278,602,894,610,1661,,,各高校招生网/高考 100,2026-03-06T09:34:32.490424,TRUE,普通批
10698,西安交通大学,陕西,63,青海,2024,理科,一批,465,600,135,481,609,336,638,625,,,各高校招生网/高考 100,2026-03-06T09:34:32.490424,TRUE,普通批
10698,西安交通大学,陕西,64,宁夏,2024,理科,一批,470,610,140,767,618,536,634,997,,,各高校招生网/高考 100,2026-03-06T09:34:32.490424,TRUE,普通批
10698,西安交通大学,陕西,65,新疆,2024,理科,一批,475,605,130,1452,619,1016,637,1887,,,各高校招生网/高考 100,2026-03-06T09:34:32.490424,TRUE,普通批
10001,北京大学,北京,11,北京,2023,物理类,本科批,510,684,174,35,694,24,716,45,,,北京大学本科招生网/高考 100,2026-03-06T09:41:25.684094,TRUE,2023年
10001,北京大学,北京,11,北京,2023,理科,本科批,510,687,177,26,698,18,705,33,,,北京大学本科招生网/高考 100,2026-03-06T09:41:25.684094,TRUE,2023年
10001,北京大学,北京,11,北京,2023,综合,本科批,505,683,178,51,689,35,699,66,,,北京大学本科招生网/高考 100,2026-03-06T09:41:25.684094,TRUE,2023年
10001,北京大学,北京,11,北京,2023,综合,本科批,505,691,186,7,700,4,728,9,,,北京大学本科招生网/高考 100,2026-03-06T09:41:25.684094,TRUE,2023年
10001,北京大学,北京,12,天津,2023,物理类,本科批,500,700,200,39,712,27,725,50,,,北京大学本科招生网/高考 100,2026-03-06T09:41:25.684094,TRUE,2023年
10001,北京大学,北京,12,天津,2023,理科,本科批,500,699,199,64,703,44,729,83,,,北京大学本科招生网/高考 100,2026-03-06T09:41:25.684094,TRUE,2023年
10001,北京大学,北京,12,天津,2023,综合,本科批,495,698,203,17,707,11,726,22,,,北京大学本科招生网/高考 100,2026-03-06T09:41:25.684094,TRUE,2023年
10001,北京大学,北京,13,河北,2023,理科,一批,490,688,198,106,700,74,719,137,,,北京大学本科招生网/高考 100,2026-03-06T09:41:25.684094,TRUE,2023年
10001,北京大学,北京,13,河北,2023,文科,一批,480,664,184,22,677,15,698,28,,,北京大学本科招生网/高考 100,2026-03-06T09:41:25.684094,TRUE,2023年
10001,北京大学,北京,14,山西,2023,理科,一批,480,679,199,52,685,36,703,67,,,北京大学本科招生网/高考 100,2026-03-06T09:41:25.684094,TRUE,2023年
10001,北京大学,北京,14,山西,2023,文科,一批,470,624,154,51,637,35,647,66,,,北京大学本科招生网/高考 100,2026-03-06T09:41:25.684094,TRUE,2023年
10001,北京大学,北京,15,内蒙古,2023,理科,一批,470,678,208,66,687,46,694,85,,,北京大学本科招生网/高考 100,2026-03-06T09:41:25.684094,TRUE,2023年
10001,北京大学,北京,15,内蒙古,2023,文科,一批,460,637,177,0,643,0,655,0,,,北京大学本科招生网/高考 100,2026-03-06T09:41:25.684094,TRUE,2023年
10001,北京大学,北京,21,辽宁,2023,理科,一批,485,699,214,84,714,58,734,109,,,北京大学本科招生网/高考 100,2026-03-06T09:41:25.684094,TRUE,2023年
10001,北京大学,北京,21,辽宁,2023,文科,一批,475,666,191,3,673,2,696,3,,,北京大学本科招生网/高考 100,2026-03-06T09:41:25.684094,TRUE,2023年
10001,北京大学,北京,22,吉林,2023,理科,一批,475,674,199,64,681,44,692,83,,,北京大学本科招生网/高考 100,2026-03-06T09:41:25.684094,TRUE,2023年
10001,北京大学,北京,22,吉林,2023,文科,一批,465,619,154,44,622,30,657,57,,,北京大学本科招生网/高考 100,2026-03-06T09:41:25.684094,TRUE,2023年
10001,北京大学,北京,23,黑龙江,2023,理科,一批,480,675,195,14,679,9,699,18,,,北京大学本科招生网/高考 100,2026-03-06T09:41:25.684094,TRUE,2023年
10001,北京大学,北京,23,黑龙江,2023,文科,一批,470,610,140,24,624,16,648,31,,,北京大学本科招生网/高考 100,2026-03-06T09:41:25.684094,TRUE,2023年
10001,北京大学,北京,31,上海,2023,综合,本科批,485,618,133,72,623,50,650,93,,,北京大学本科招生网/高考 100,2026-03-06T09:41:25.684094,TRUE,2023年
10001,北京大学,北京,31,上海,2023,物理类,本科批,490,620,130,96,635,67,653,124,,,北京大学本科招生网/高考 100,2026-03-06T09:41:25.684094,TRUE,2023年
10001,北京大学,北京,32,江苏,2023,物理类,一批,500,691,191,9,703,6,711,11,,,北京大学本科招生网/高考 100,2026-03-06T09:41:25.684094,TRUE,2023年
10001,北京大学,北京,32,江苏,2023,历史类,一批,490,663,173,26,666,18,683,33,,,北京大学本科招生网/高考 100,2026-03-06T09:41:25.684094,TRUE,2023年
10001,北京大学,北京,33,浙江,2023,文科,本科批,500,703,203,1,706,0,740,1,,,北京大学本科招生网/高考 100,2026-03-06T09:41:25.684094,TRUE,2023年
10001,北京大学,北京,33,浙江,2023,理科,本科批,510,712,202,55,725,38,734,71,,,北京大学本科招生网/高考 100,2026-03-06T09:41:25.684094,TRUE,2023年
10001,北京大学,北京,34,安徽,2023,理科,一批,495,690,195,71,700,49,709,92,,,北京大学本科招生网/高考 100,2026-03-06T09:41:25.684094,TRUE,2023年
10001,北京大学,北京,34,安徽,2023,文科,一批,485,648,163,3,655,2,669,3,,,北京大学本科招生网/高考 100,2026-03-06T09:41:25.684094,TRUE,2023年
10001,北京大学,北京,35,福建,2023,物理类,一批,490,691,201,73,706,51,715,94,,,北京大学本科招生网/高考 100,2026-03-06T09:41:25.684094,TRUE,2023年
10001,北京大学,北京,35,福建,2023,历史类,一批,480,667,187,12,672,8,686,15,,,北京大学本科招生网/高考 100,2026-03-06T09:41:25.684094,TRUE,2023年
10001,北京大学,北京,36,江西,2023,理科,一批,485,688,203,81,700,56,725,105,,,北京大学本科招生网/高考 100,2026-03-06T09:41:25.684094,TRUE,2023年
10001,北京大学,北京,36,江西,2023,文科,一批,475,658,183,22,666,15,673,28,,,北京大学本科招生网/高考 100,2026-03-06T09:41:25.684094,TRUE,2023年
10001,北京大学,北京,37,山东,2023,理科,一批,505,693,188,46,696,32,725,59,,,北京大学本科招生网/高考 100,2026-03-06T09:41:25.684094,TRUE,2023年
10001,北京大学,北京,37,山东,2023,文科,一批,495,689,194,15,697,10,704,19,,,北京大学本科招生网/高考 100,2026-03-06T09:41:25.684094,TRUE,2023年
10001,北京大学,北京,41,河南,2023,理科,一批,515,696,181,128,706,89,726,166,,,北京大学本科招生网/高考 100,2026-03-06T09:41:25.684094,TRUE,2023年
10001,北京大学,北京,41,河南,2023,文科,一批,505,672,167,62,679,43,708,80,,,北京大学本科招生网/高考 100,2026-03-06T09:41:25.684094,TRUE,2023年
10001,北京大学,北京,42,湖北,2023,物理类,一批,500,693,193,60,704,42,731,78,,,北京大学本科招生网/高考 100,2026-03-06T09:41:25.684094,TRUE,2023年
10001,北京大学,北京,42,湖北,2023,历史类,一批,490,661,171,37,675,25,695,48,,,北京大学本科招生网/高考 100,2026-03-06T09:41:25.684094,TRUE,2023年
10001,北京大学,北京,43,湖南,2023,物理类,一批,495,685,190,45,691,31,707,58,,,北京大学本科招生网/高考 100,2026-03-06T09:41:25.684094,TRUE,2023年
10001,北京大学,北京,43,湖南,2023,历史类,一批,485,658,173,7,666,4,689,9,,,北京大学本科招生网/高考 100,2026-03-06T09:41:25.684094,TRUE,2023年
10001,北京大学,北京,44,广东,2023,物理类,一批,510,694,184,60,699,42,724,78,,,北京大学本科招生网/高考 100,2026-03-06T09:41:25.684094,TRUE,2023年
10001,北京大学,北京,44,广东,2023,历史类,一批,500,670,170,12,681,8,704,15,,,北京大学本科招生网/高考 100,2026-03-06T09:41:25.684094,TRUE,2023年
10001,北京大学,北京,45,广西,2023,理科,一批,480,689,209,66,699,46,724,85,,,北京大学本科招生网/高考 100,2026-03-06T09:41:25.684094,TRUE,2023年
10001,北京大学,北京,45,广西,2023,文科,一批,470,667,197,17,678,11,699,22,,,北京大学本科招生网/高考 100,2026-03-06T09:41:25.684094,TRUE,2023年
10001,北京大学,北京,46,海南,2023,物理类,一批,490,848,358,8,858,5,882,10,,,北京大学本科招生网/高考 100,2026-03-06T09:41:25.684094,TRUE,2023年
10001,北京大学,北京,46,海南,2023,综合,一批,485,841,356,8,849,5,869,10,,,北京大学本科招生网/高考 100,2026-03-06T09:41:25.684094,TRUE,2023年
10001,北京大学,北京,50,重庆,2023,物理类,一批,495,689,194,24,703,16,721,31,,,北京大学本科招生网/高考 100,2026-03-06T09:41:25.684094,TRUE,2023年
10001,北京大学,北京,50,重庆,2023,历史类,一批,485,661,176,8,666,5,700,10,,,北京大学本科招生网/高考 100,2026-03-06T09:41:25.684094,TRUE,2023年
10001,北京大学,北京,51,四川,2023,理科,一批,510,698,188,3,708,2,738,3,,,北京大学本科招生网/高考 100,2026-03-06T09:41:25.684094,TRUE,2023年
10001,北京大学,北京,51,四川,2023,文科,一批,500,639,139,66,653,46,673,85,,,北京大学本科招生网/高考 100,2026-03-06T09:41:25.684094,TRUE,2023年
10001,北京大学,北京,52,贵州,2023,理科,一批,485,684,199,14,691,9,714,18,,,北京大学本科招生网/高考 100,2026-03-06T09:41:25.684094,TRUE,2023年
10001,北京大学,北京,52,贵州,2023,文科,一批,475,667,192,27,670,18,687,35,,,北京大学本科招生网/高考 100,2026-03-06T09:41:25.684094,TRUE,2023年
10001,北京大学,北京,53,云南,2023,理科,一批,490,701,211,49,715,34,739,63,,,北京大学本科招生网/高考 100,2026-03-06T09:41:25.684094,TRUE,2023年
10001,北京大学,北京,53,云南,2023,文科,一批,480,692,212,15,701,10,725,19,,,北京大学本科招生网/高考 100,2026-03-06T09:41:25.684094,TRUE,2023年
10001,北京大学,北京,61,陕西,2023,理科,一批,500,702,202,90,710,62,738,117,,,北京大学本科招生网/高考 100,2026-03-06T09:41:25.684094,TRUE,2023年
10001,北京大学,北京,61,陕西,2023,文科,一批,490,662,172,36,677,25,678,46,,,北京大学本科招生网/高考 100,2026-03-06T09:41:25.684094,TRUE,2023年
10001,北京大学,北京,62,甘肃,2023,理科,一批,475,665,190,8,679,5,680,10,,,北京大学本科招生网/高考 100,2026-03-06T09:41:25.684094,TRUE,2023年
10001,北京大学,北京,62,甘肃,2023,文科,一批,465,631,166,28,638,19,654,36,,,北京大学本科招生网/高考 100,2026-03-06T09:41:25.684094,TRUE,2023年
10001,北京大学,北京,63,青海,2023,理科,一批,460,634,174,25,643,17,671,32,,,北京大学本科招生网/高考 100,2026-03-06T09:41:25.684094,TRUE,2023年
10001,北京大学,北京,63,青海,2023,文科,一批,450,605,155,4,618,2,620,5,,,北京大学本科招生网/高考 100,2026-03-06T09:41:25.684094,TRUE,2023年
10001,北京大学,北京,64,宁夏,2023,理科,一批,465,644,179,22,659,15,675,28,,,北京大学本科招生网/高考 100,2026-03-06T09:41:25.684094,TRUE,2023年
10001,北京大学,北京,64,宁夏,2023,文科,一批,455,635,180,12,639,8,652,15,,,北京大学本科招生网/高考 100,2026-03-06T09:41:25.684094,TRUE,2023年
10001,北京大学,北京,65,新疆,2023,理科,一批,470,663,193,19,672,13,703,24,,,北京大学本科招生网/高考 100,2026-03-06T09:41:25.684094,TRUE,2023年
10001,北京大学,北京,65,新疆,2023,文科,一批,460,621,161,16,630,11,644,20,,,北京大学本科招生网/高考 100,2026-03-06T09:41:25.684094,TRUE,2023年
10001,北京大学,北京,11,北京,2022,物理类,本科批,505,688,183,27,692,18,710,35,,,北京大学本科招生网/高考 100,2026-03-06T09:41:25.684094,TRUE,2022年
10001,北京大学,北京,11,北京,2022,理科,本科批,505,688,183,51,700,35,705,66,,,北京大学本科招生网/高考 100,2026-03-06T09:41:25.684094,TRUE,2022年
10001,北京大学,北京,11,北京,2022,综合,本科批,500,687,187,33,694,23,705,42,,,北京大学本科招生网/高考 100,2026-03-06T09:41:25.684094,TRUE,2022年
10001,北京大学,北京,11,北京,2022,综合,本科批,500,695,195,12,703,8,731,15,,,北京大学本科招生网/高考 100,2026-03-06T09:41:25.684094,TRUE,2022年
10001,北京大学,北京,12,天津,2022,综合,本科批,490,706,216,19,709,13,733,24,,,北京大学本科招生网/高考 100,2026-03-06T09:41:25.684094,TRUE,2022年
10001,北京大学,北京,12,天津,2022,理科,本科批,495,706,211,33,715,23,738,42,,,北京大学本科招生网/高考 100,2026-03-06T09:41:25.684094,TRUE,2022年
10001,北京大学,北京,12,天津,2022,物理类,本科批,495,707,212,28,712,19,745,36,,,北京大学本科招生网/高考 100,2026-03-06T09:41:25.684094,TRUE,2022年
10001,北京大学,北京,13,河北,2022,物理类,一批,485,676,191,141,679,98,698,183,,,北京大学本科招生网/高考 100,2026-03-06T09:41:25.684094,TRUE,2022年
10001,北京大学,北京,13,河北,2022,历史类,一批,475,656,181,12,661,8,675,15,,,北京大学本科招生网/高考 100,2026-03-06T09:41:25.684094,TRUE,2022年
10001,北京大学,北京,14,山西,2022,理科,一批,475,675,200,18,679,12,700,23,,,北京大学本科招生网/高考 100,2026-03-06T09:41:25.684094,TRUE,2022年
10001,北京大学,北京,14,山西,2022,文科,一批,465,618,153,61,625,42,642,79,,,北京大学本科招生网/高考 100,2026-03-06T09:41:25.684094,TRUE,2022年
10001,北京大学,北京,15,内蒙古,2022,理科,一批,465,672,207,66,683,46,687,85,,,北京大学本科招生网/高考 100,2026-03-06T09:41:25.684094,TRUE,2022年
10001,北京大学,北京,15,内蒙古,2022,文科,一批,455,620,165,35,627,24,659,45,,,北京大学本科招生网/高考 100,2026-03-06T09:41:25.684094,TRUE,2022年
10001,北京大学,北京,21,辽宁,2022,物理类,一批,480,683,203,90,689,62,722,117,,,北京大学本科招生网/高考 100,2026-03-06T09:41:25.684094,TRUE,2022年
10001,北京大学,北京,21,辽宁,2022,历史类,一批,470,654,184,38,663,26,680,49,,,北京大学本科招生网/高考 100,2026-03-06T09:41:25.684094,TRUE,2022年
10001,北京大学,北京,22,吉林,2022,理科,一批,470,672,202,43,685,30,692,55,,,北京大学本科招生网/高考 100,2026-03-06T09:41:25.684094,TRUE,2022年
10001,北京大学,北京,22,吉林,2022,文科,一批,460,607,147,55,620,38,630,71,,,北京大学本科招生网/高考 100,2026-03-06T09:41:25.684094,TRUE,2022年
10001,北京大学,北京,23,黑龙江,2022,理科,一批,475,675,200,18,688,12,692,23,,,北京大学本科招生网/高考 100,2026-03-06T09:41:25.684094,TRUE,2022年
10001,北京大学,北京,23,黑龙江,2022,文科,一批,465,625,160,21,637,14,653,27,,,北京大学本科招生网/高考 100,2026-03-06T09:41:25.684094,TRUE,2022年
10001,北京大学,北京,31,上海,2022,物理类,本科批,485,620,135,122,633,85,657,158,,,北京大学本科招生网/高考 100,2026-03-06T09:41:25.684094,TRUE,2022年
10001,北京大学,北京,31,上海,2022,综合,本科批,480,618,138,34,627,23,634,44,,,北京大学本科招生网/高考 100,2026-03-06T09:41:25.684094,TRUE,2022年
10001,北京大学,北京,32,江苏,2022,物理类,一批,495,674,179,104,687,72,698,135,,,北京大学本科招生网/高考 100,2026-03-06T09:41:25.684094,TRUE,2022年
10001,北京大学,北京,32,江苏,2022,历史类,一批,485,631,146,36,634,25,662,46,,,北京大学本科招生网/高考 100,2026-03-06T09:41:25.684094,TRUE,2022年
10001,北京大学,北京,33,浙江,2022,理科,本科批,505,703,198,47,708,32,720,61,,,北京大学本科招生网/高考 100,2026-03-06T09:41:25.684094,TRUE,2022年
10001,北京大学,北京,33,浙江,2022,文科,本科批,495,694,199,10,697,7,717,13,,,北京大学本科招生网/高考 100,2026-03-06T09:41:25.684094,TRUE,2022年
10001,北京大学,北京,34,安徽,2022,理科,一批,490,685,195,87,695,60,701,113,,,北京大学本科招生网/高考 100,2026-03-06T09:41:25.684094,TRUE,2022年
10001,北京大学,北京,34,安徽,2022,文科,一批,480,637,157,42,652,29,662,54,,,北京大学本科招生网/高考 100,2026-03-06T09:41:25.684094,TRUE,2022年
10001,北京大学,北京,35,福建,2022,物理类,一批,485,682,197,85,693,59,717,110,,,北京大学本科招生网/高考 100,2026-03-06T09:41:25.684094,TRUE,2022年
10001,北京大学,北京,35,福建,2022,历史类,一批,475,654,179,24,660,16,693,31,,,北京大学本科招生网/高考 100,2026-03-06T09:41:25.684094,TRUE,2022年
10001,北京大学,北京,36,江西,2022,理科,一批,480,670,190,12,682,8,686,15,,,北京大学本科招生网/高考 100,2026-03-06T09:41:25.684094,TRUE,2022年
10001,北京大学,北京,36,江西,2022,文科,一批,470,638,168,56,648,39,663,72,,,北京大学本科招生网/高考 100,2026-03-06T09:41:25.684094,TRUE,2022年
10001,北京大学,北京,37,山东,2022,理科,一批,500,676,176,137,689,95,713,178,,,北京大学本科招生网/高考 100,2026-03-06T09:41:25.684094,TRUE,2022年
10001,北京大学,北京,37,山东,2022,文科,一批,490,672,182,60,681,42,687,78,,,北京大学本科招生网/高考 100,2026-03-06T09:41:25.684094,TRUE,2022年
10001,北京大学,北京,41,河南,2022,理科,一批,510,683,173,58,688,40,714,75,,,北京大学本科招生网/高考 100,2026-03-06T09:41:25.684094,TRUE,2022年
10001,北京大学,北京,41,河南,2022,文科,一批,500,639,139,6,652,4,661,7,,,北京大学本科招生网/高考 100,2026-03-06T09:41:25.684094,TRUE,2022年
10001,北京大学,北京,42,湖北,2022,物理类,一批,495,678,183,156,693,109,716,202,,,北京大学本科招生网/高考 100,2026-03-06T09:41:25.684094,TRUE,2022年
10001,北京大学,北京,42,湖北,2022,历史类,一批,485,645,160,78,652,54,682,101,,,北京大学本科招生网/高考 100,2026-03-06T09:41:25.684094,TRUE,2022年
10001,北京大学,北京,43,湖南,2022,物理类,一批,490,672,182,118,679,82,712,153,,,北京大学本科招生网/高考 100,2026-03-06T09:41:25.684094,TRUE,2022年
10001,北京大学,北京,43,湖南,2022,历史类,一批,480,640,160,21,651,14,663,27,,,北京大学本科招生网/高考 100,2026-03-06T09:41:25.684094,TRUE,2022年
10001,北京大学,北京,44,广东,2022,物理类,一批,505,683,178,203,691,142,721,263,,,北京大学本科招生网/高考 100,2026-03-06T09:41:25.684094,TRUE,2022年
10001,北京大学,北京,44,广东,2022,历史类,一批,495,651,156,29,663,20,685,37,,,北京大学本科招生网/高考 100,2026-03-06T09:41:25.684094,TRUE,2022年
10001,北京大学,北京,45,广西,2022,理科,一批,475,685,210,86,692,60,712,111,,,北京大学本科招生网/高考 100,2026-03-06T09:41:25.684094,TRUE,2022年
10001,北京大学,北京,45,广西,2022,文科,一批,465,666,201,42,680,29,681,54,,,北京大学本科招生网/高考 100,2026-03-06T09:41:25.684094,TRUE,2022年
10001,北京大学,北京,46,海南,2022,物理类,一批,485,870,385,13,878,9,907,16,,,北京大学本科招生网/高考 100,2026-03-06T09:41:25.684094,TRUE,2022年
10001,北京大学,北京,46,海南,2022,综合,一批,480,847,367,22,854,15,885,28,,,北京大学本科招生网/高考 100,2026-03-06T09:41:25.684094,TRUE,2022年
10001,北京大学,北京,50,重庆,2022,物理类,一批,490,679,189,72,689,50,708,93,,,北京大学本科招生网/高考 100,2026-03-06T09:41:25.684094,TRUE,2022年
10001,北京大学,北京,50,重庆,2022,历史类,一批,480,655,175,28,668,19,695,36,,,北京大学本科招生网/高考 100,2026-03-06T09:41:25.684094,TRUE,2022年
10001,北京大学,北京,51,四川,2022,理科,一批,505,694,189,54,708,37,730,70,,,北京大学本科招生网/高考 100,2026-03-06T09:41:25.684094,TRUE,2022年
10001,北京大学,北京,51,四川,2022,文科,一批,495,648,153,71,653,49,682,92,,,北京大学本科招生网/高考 100,2026-03-06T09:41:25.684094,TRUE,2022年
10001,北京大学,北京,52,贵州,2022,理科,一批,480,663,183,9,672,6,692,11,,,北京大学本科招生网/高考 100,2026-03-06T09:41:25.684094,TRUE,2022年
10001,北京大学,北京,52,贵州,2022,文科,一批,470,668,198,23,671,16,702,29,,,北京大学本科招生网/高考 100,2026-03-06T09:41:25.684094,TRUE,2022年
10001,北京大学,北京,53,云南,2022,理科,一批,485,711,226,16,716,11,745,20,,,北京大学本科招生网/高考 100,2026-03-06T09:41:25.684094,TRUE,2022年
10001,北京大学,北京,53,云南,2022,文科,一批,475,685,210,8,692,5,722,10,,,北京大学本科招生网/高考 100,2026-03-06T09:41:25.684094,TRUE,2022年
10001,北京大学,北京,61,陕西,2022,理科,一批,495,689,194,44,704,30,712,57,,,北京大学本科招生网/高考 100,2026-03-06T09:41:25.684094,TRUE,2022年
10001,北京大学,北京,61,陕西,2022,文科,一批,485,641,156,39,652,27,675,50,,,北京大学本科招生网/高考 100,2026-03-06T09:41:25.684094,TRUE,2022年
10001,北京大学,北京,62,甘肃,2022,理科,一批,470,650,180,78,654,54,665,101,,,北京大学本科招生网/高考 100,2026-03-06T09:41:25.684094,TRUE,2022年
10001,北京大学,北京,62,甘肃,2022,文科,一批,460,615,155,15,621,10,639,19,,,北京大学本科招生网/高考 100,2026-03-06T09:41:25.684094,TRUE,2022年
10001,北京大学,北京,63,青海,2022,理科,一批,455,621,166,38,633,26,649,49,,,北京大学本科招生网/高考 100,2026-03-06T09:41:25.684094,TRUE,2022年
10001,北京大学,北京,63,青海,2022,文科,一批,445,598,153,15,602,10,614,19,,,北京大学本科招生网/高考 100,2026-03-06T09:41:25.684094,TRUE,2022年
10001,北京大学,北京,64,宁夏,2022,理科,一批,460,643,183,42,655,29,662,54,,,北京大学本科招生网/高考 100,2026-03-06T09:41:25.684094,TRUE,2022年
10001,北京大学,北京,64,宁夏,2022,文科,一批,450,620,170,8,633,5,657,10,,,北京大学本科招生网/高考 100,2026-03-06T09:41:25.684094,TRUE,2022年
10001,北京大学,北京,65,新疆,2022,理科,一批,465,644,179,6,654,4,681,7,,,北京大学本科招生网/高考 100,2026-03-06T09:41:25.684094,TRUE,2022年
10001,北京大学,北京,65,新疆,2022,文科,一批,455,594,139,10,597,7,611,13,,,北京大学本科招生网/高考 100,2026-03-06T09:41:25.684094,TRUE,2022年
10001,北京大学,北京,11,北京,2021,物理类,本科批,500,678,178,28,685,19,703,36,,,北京大学本科招生网/高考 100,2026-03-06T09:41:25.684094,TRUE,2021年
10001,北京大学,北京,11,北京,2021,理科,本科批,500,679,179,52,689,36,716,67,,,北京大学本科招生网/高考 100,2026-03-06T09:41:25.684094,TRUE,2021年
10001,北京大学,北京,11,北京,2021,综合,本科批,495,678,183,10,687,7,708,13,,,北京大学本科招生网/高考 100,2026-03-06T09:41:25.684094,TRUE,2021年
10001,北京大学,北京,11,北京,2021,综合,本科批,495,683,188,0,696,0,704,0,,,北京大学本科招生网/高考 100,2026-03-06T09:41:25.684094,TRUE,2021年
10001,北京大学,北京,12,天津,2021,综合,本科批,485,713,228,48,717,33,748,62,,,北京大学本科招生网/高考 100,2026-03-06T09:41:25.684094,TRUE,2021年
10001,北京大学,北京,12,天津,2021,理科,本科批,490,712,222,46,726,32,733,59,,,北京大学本科招生网/高考 100,2026-03-06T09:41:25.684094,TRUE,2021年
10001,北京大学,北京,12,天津,2021,物理类,本科批,490,715,225,48,724,33,739,62,,,北京大学本科招生网/高考 100,2026-03-06T09:41:25.684094,TRUE,2021年
10001,北京大学,北京,13,河北,2021,物理类,一批,480,685,205,41,692,28,719,53,,,北京大学本科招生网/高考 100,2026-03-06T09:41:25.684094,TRUE,2021年
10001,北京大学,北京,13,河北,2021,历史类,一批,470,660,190,62,671,43,677,80,,,北京大学本科招生网/高考 100,2026-03-06T09:41:25.684094,TRUE,2021年
10001,北京大学,北京,14,山西,2021,理科,一批,470,675,205,91,680,63,697,118,,,北京大学本科招生网/高考 100,2026-03-06T09:41:25.684094,TRUE,2021年
10001,北京大学,北京,14,山西,2021,文科,一批,460,649,189,57,663,39,673,74,,,北京大学本科招生网/高考 100,2026-03-06T09:41:25.684094,TRUE,2021年
10001,北京大学,北京,15,内蒙古,2021,理科,一批,460,672,212,63,684,44,708,81,,,北京大学本科招生网/高考 100,2026-03-06T09:41:25.684094,TRUE,2021年
10001,北京大学,北京,15,内蒙古,2021,文科,一批,450,649,199,20,663,14,675,26,,,北京大学本科招生网/高考 100,2026-03-06T09:41:25.684094,TRUE,2021年
10001,北京大学,北京,21,辽宁,2021,物理类,一批,475,695,220,11,710,7,733,14,,,北京大学本科招生网/高考 100,2026-03-06T09:41:25.684094,TRUE,2021年
10001,北京大学,北京,21,辽宁,2021,历史类,一批,465,668,203,41,675,28,702,53,,,北京大学本科招生网/高考 100,2026-03-06T09:41:25.684094,TRUE,2021年
10001,北京大学,北京,22,吉林,2021,理科,一批,465,676,211,33,690,23,716,42,,,北京大学本科招生网/高考 100,2026-03-06T09:41:25.684094,TRUE,2021年
10001,北京大学,北京,22,吉林,2021,文科,一批,455,644,189,40,648,28,670,52,,,北京大学本科招生网/高考 100,2026-03-06T09:41:25.684094,TRUE,2021年
10001,北京大学,北京,23,黑龙江,2021,理科,一批,470,680,210,18,691,12,698,23,,,北京大学本科招生网/高考 100,2026-03-06T09:41:25.684094,TRUE,2021年
10001,北京大学,北京,23,黑龙江,2021,文科,一批,460,655,195,22,659,15,671,28,,,北京大学本科招生网/高考 100,2026-03-06T09:41:25.684094,TRUE,2021年
10001,北京大学,北京,31,上海,2021,综合,本科批,475,614,139,67,627,46,647,87,,,北京大学本科招生网/高考 100,2026-03-06T09:41:25.684094,TRUE,2021年
10001,北京大学,北京,31,上海,2021,物理类,本科批,480,614,134,133,621,93,652,172,,,北京大学本科招生网/高考 100,2026-03-06T09:41:25.684094,TRUE,2021年
10001,北京大学,北京,32,江苏,2021,物理类,一批,490,661,171,33,667,23,700,42,,,北京大学本科招生网/高考 100,2026-03-06T09:41:25.684094,TRUE,2021年
10001,北京大学,北京,32,江苏,2021,历史类,一批,480,638,158,25,645,17,658,32,,,北京大学本科招生网/高考 100,2026-03-06T09:41:25.684094,TRUE,2021年
10001,北京大学,北京,33,浙江,2021,理科,本科批,500,696,196,12,701,8,712,15,,,北京大学本科招生网/高考 100,2026-03-06T09:41:25.684094,TRUE,2021年
10001,北京大学,北京,33,浙江,2021,文科,本科批,490,699,209,5,702,3,737,6,,,北京大学本科招生网/高考 100,2026-03-06T09:41:25.684094,TRUE,2021年
10001,北京大学,北京,34,安徽,2021,理科,一批,485,694,209,47,700,32,721,61,,,北京大学本科招生网/高考 100,2026-03-06T09:41:25.684094,TRUE,2021年
10001,北京大学,北京,34,安徽,2021,文科,一批,475,674,199,51,682,35,712,66,,,北京大学本科招生网/高考 100,2026-03-06T09:41:25.684094,TRUE,2021年
10001,北京大学,北京,35,福建,2021,物理类,一批,480,683,203,72,690,50,710,93,,,北京大学本科招生网/高考 100,2026-03-06T09:41:25.684094,TRUE,2021年
10001,北京大学,北京,35,福建,2021,历史类,一批,470,653,183,4,664,2,679,5,,,北京大学本科招生网/高考 100,2026-03-06T09:41:25.684094,TRUE,2021年
10001,北京大学,北京,36,江西,2021,理科,一批,475,684,209,85,692,59,705,110,,,北京大学本科招生网/高考 100,2026-03-06T09:41:25.684094,TRUE,2021年
10001,北京大学,北京,36,江西,2021,文科,一批,465,661,196,47,668,32,697,61,,,北京大学本科招生网/高考 100,2026-03-06T09:41:25.684094,TRUE,2021年
10001,北京大学,北京,37,山东,2021,理科,一批,495,681,186,110,692,77,705,143,,,北京大学本科招生网/高考 100,2026-03-06T09:41:25.684094,TRUE,2021年
10001,北京大学,北京,37,山东,2021,文科,一批,485,677,192,14,680,9,693,18,,,北京大学本科招生网/高考 100,2026-03-06T09:41:25.684094,TRUE,2021年
10001,北京大学,北京,41,河南,2021,理科,一批,505,697,192,137,707,95,735,178,,,北京大学本科招生网/高考 100,2026-03-06T09:41:25.684094,TRUE,2021年
10001,北京大学,北京,41,河南,2021,文科,一批,495,669,174,24,679,16,694,31,,,北京大学本科招生网/高考 100,2026-03-06T09:41:25.684094,TRUE,2021年
10001,北京大学,北京,42,湖北,2021,物理类,一批,490,692,202,123,705,86,732,159,,,北京大学本科招生网/高考 100,2026-03-06T09:41:25.684094,TRUE,2021年
10001,北京大学,北京,42,湖北,2021,历史类,一批,480,686,206,26,695,18,702,33,,,北京大学本科招生网/高考 100,2026-03-06T09:41:25.684094,TRUE,2021年
10001,北京大学,北京,43,湖南,2021,物理类,一批,485,682,197,133,687,93,701,172,,,北京大学本科招生网/高考 100,2026-03-06T09:41:25.684094,TRUE,2021年
10001,北京大学,北京,43,湖南,2021,历史类,一批,475,653,178,23,667,16,671,29,,,北京大学本科招生网/高考 100,2026-03-06T09:41:25.684094,TRUE,2021年
10001,北京大学,北京,44,广东,2021,物理类,一批,500,689,189,86,693,60,709,111,,,北京大学本科招生网/高考 100,2026-03-06T09:41:25.684094,TRUE,2021年
10001,北京大学,北京,44,广东,2021,历史类,一批,490,662,172,87,667,60,700,113,,,北京大学本科招生网/高考 100,2026-03-06T09:41:25.684094,TRUE,2021年
10001,北京大学,北京,45,广西,2021,理科,一批,470,682,212,106,693,74,704,137,,,北京大学本科招生网/高考 100,2026-03-06T09:41:25.684094,TRUE,2021年
10001,北京大学,北京,45,广西,2021,文科,一批,460,664,204,49,670,34,697,63,,,北京大学本科招生网/高考 100,2026-03-06T09:41:25.684094,TRUE,2021年
10001,北京大学,北京,46,海南,2021,物理类,一批,480,845,365,27,857,18,874,35,,,北京大学本科招生网/高考 100,2026-03-06T09:41:25.684094,TRUE,2021年
10001,北京大学,北京,46,海南,2021,综合,一批,475,832,357,27,847,18,849,35,,,北京大学本科招生网/高考 100,2026-03-06T09:41:25.684094,TRUE,2021年
10001,北京大学,北京,50,重庆,2021,物理类,一批,485,704,219,55,718,38,735,71,,,北京大学本科招生网/高考 100,2026-03-06T09:41:25.684094,TRUE,2021年
10001,北京大学,北京,50,重庆,2021,历史类,一批,475,675,200,32,688,22,694,41,,,北京大学本科招生网/高考 100,2026-03-06T09:41:25.684094,TRUE,2021年
10001,北京大学,北京,51,四川,2021,理科,一批,500,698,198,31,706,21,731,40,,,北京大学本科招生网/高考 100,2026-03-06T09:41:25.684094,TRUE,2021年
10001,北京大学,北京,51,四川,2021,文科,一批,490,641,151,70,650,49,675,91,,,北京大学本科招生网/高考 100,2026-03-06T09:41:25.684094,TRUE,2021年
10001,北京大学,北京,52,贵州,2021,理科,一批,475,670,195,60,685,42,691,78,,,北京大学本科招生网/高考 100,2026-03-06T09:41:25.684094,TRUE,2021年
10001,北京大学,北京,52,贵州,2021,文科,一批,465,677,212,28,680,19,708,36,,,北京大学本科招生网/高考 100,2026-03-06T09:41:25.684094,TRUE,2021年
10001,北京大学,北京,53,云南,2021,理科,一批,480,702,222,56,714,39,725,72,,,北京大学本科招生网/高考 100,2026-03-06T09:41:25.684094,TRUE,2021年
10001,北京大学,北京,53,云南,2021,文科,一批,470,685,215,6,696,4,722,7,,,北京大学本科招生网/高考 100,2026-03-06T09:41:25.684094,TRUE,2021年
10001,北京大学,北京,61,陕西,2021,理科,一批,490,694,204,4,705,2,713,5,,,北京大学本科招生网/高考 100,2026-03-06T09:41:25.684094,TRUE,2021年
10001,北京大学,北京,61,陕西,2021,文科,一批,480,666,186,40,676,28,700,52,,,北京大学本科招生网/高考 100,2026-03-06T09:41:25.684094,TRUE,2021年
10001,北京大学,北京,62,甘肃,2021,理科,一批,465,665,200,51,668,35,695,66,,,北京大学本科招生网/高考 100,2026-03-06T09:41:25.684094,TRUE,2021年
10001,北京大学,北京,62,甘肃,2021,文科,一批,455,649,194,2,652,1,668,2,,,北京大学本科招生网/高考 100,2026-03-06T09:41:25.684094,TRUE,2021年
10001,北京大学,北京,63,青海,2021,理科,一批,450,627,177,26,639,18,643,33,,,北京大学本科招生网/高考 100,2026-03-06T09:41:25.684094,TRUE,2021年
10001,北京大学,北京,63,青海,2021,文科,一批,440,622,182,9,629,6,659,11,,,北京大学本科招生网/高考 100,2026-03-06T09:41:25.684094,TRUE,2021年
10001,北京大学,北京,64,宁夏,2021,理科,一批,455,643,188,3,658,2,676,3,,,北京大学本科招生网/高考 100,2026-03-06T09:41:25.684094,TRUE,2021年
10001,北京大学,北京,64,宁夏,2021,文科,一批,445,658,213,6,666,4,679,7,,,北京大学本科招生网/高考 100,2026-03-06T09:41:25.684094,TRUE,2021年
10001,北京大学,北京,65,新疆,2021,理科,一批,460,654,194,7,664,4,692,9,,,北京大学本科招生网/高考 100,2026-03-06T09:41:25.684094,TRUE,2021年
10001,北京大学,北京,65,新疆,2021,文科,一批,450,628,178,14,639,9,644,18,,,北京大学本科招生网/高考 100,2026-03-06T09:41:25.684094,TRUE,2021年
10001,北京大学,北京,11,北京,2020,物理类,本科批,495,690,195,4,703,2,714,5,,,北京大学本科招生网/高考 100,2026-03-06T09:41:25.684094,TRUE,2020年
10001,北京大学,北京,11,北京,2020,综合,本科批,490,684,194,57,688,39,706,74,,,北京大学本科招生网/高考 100,2026-03-06T09:41:25.684094,TRUE,2020年
10001,北京大学,北京,11,北京,2020,理科,本科批,495,683,188,15,696,10,700,19,,,北京大学本科招生网/高考 100,2026-03-06T09:41:25.684094,TRUE,2020年
10001,北京大学,北京,12,天津,2020,综合,本科批,480,713,233,7,724,4,750,9,,,北京大学本科招生网/高考 100,2026-03-06T09:41:25.684094,TRUE,2020年
10001,北京大学,北京,12,天津,2020,理科,本科批,485,706,221,41,710,28,726,53,,,北京大学本科招生网/高考 100,2026-03-06T09:41:25.684094,TRUE,2020年
10001,北京大学,北京,12,天津,2020,物理类,本科批,485,706,221,64,718,44,736,83,,,北京大学本科招生网/高考 100,2026-03-06T09:41:25.684094,TRUE,2020年
10001,北京大学,北京,13,河北,2020,理科,一批,475,703,228,88,713,61,741,114,,,北京大学本科招生网/高考 100,2026-03-06T09:41:25.684094,TRUE,2020年
10001,北京大学,北京,13,河北,2020,文科,一批,465,667,202,28,673,19,706,36,,,北京大学本科招生网/高考 100,2026-03-06T09:41:25.684094,TRUE,2020年
10001,北京大学,北京,14,山西,2020,理科,一批,465,683,218,109,686,76,704,141,,,北京大学本科招生网/高考 100,2026-03-06T09:41:25.684094,TRUE,2020年
10001,北京大学,北京,14,山西,2020,文科,一批,455,638,183,35,644,24,655,45,,,北京大学本科招生网/高考 100,2026-03-06T09:41:25.684094,TRUE,2020年
10001,北京大学,北京,15,内蒙古,2020,理科,一批,455,686,231,18,696,12,704,23,,,北京大学本科招生网/高考 100,2026-03-06T09:41:25.684094,TRUE,2020年
10001,北京大学,北京,15,内蒙古,2020,文科,一批,445,660,215,24,673,16,684,31,,,北京大学本科招生网/高考 100,2026-03-06T09:41:25.684094,TRUE,2020年
10001,北京大学,北京,21,辽宁,2020,理科,一批,470,693,223,86,705,60,722,111,,,北京大学本科招生网/高考 100,2026-03-06T09:41:25.684094,TRUE,2020年
10001,北京大学,北京,21,辽宁,2020,文科,一批,460,666,206,14,669,9,681,18,,,北京大学本科招生网/高考 100,2026-03-06T09:41:25.684094,TRUE,2020年
10001,北京大学,北京,22,吉林,2020,理科,一批,460,694,234,40,704,28,713,52,,,北京大学本科招生网/高考 100,2026-03-06T09:41:25.684094,TRUE,2020年
10001,北京大学,北京,22,吉林,2020,文科,一批,450,644,194,3,649,2,666,3,,,北京大学本科招生网/高考 100,2026-03-06T09:41:25.684094,TRUE,2020年
10001,北京大学,北京,23,黑龙江,2020,理科,一批,465,700,235,16,706,11,733,20,,,北京大学本科招生网/高考 100,2026-03-06T09:41:25.684094,TRUE,2020年
10001,北京大学,北京,23,黑龙江,2020,文科,一批,455,646,191,42,653,29,683,54,,,北京大学本科招生网/高考 100,2026-03-06T09:41:25.684094,TRUE,2020年
10001,北京大学,北京,31,上海,2020,综合,本科批,470,611,141,110,624,77,639,143,,,北京大学本科招生网/高考 100,2026-03-06T09:41:25.684094,TRUE,2020年
10001,北京大学,北京,31,上海,2020,物理类,本科批,475,612,137,122,624,85,637,158,,,北京大学本科招生网/高考 100,2026-03-06T09:41:25.684094,TRUE,2020年
10001,北京大学,北京,32,江苏,2020,理科,一批,485,425,-60,163,436,114,464,211,,,北京大学本科招生网/高考 100,2026-03-06T09:41:25.684094,TRUE,2020年
10001,北京大学,北京,32,江苏,2020,文科,一批,475,417,-58,154,425,107,435,200,,,北京大学本科招生网/高考 100,2026-03-06T09:41:25.684094,TRUE,2020年
10001,北京大学,北京,33,浙江,2020,理科,本科批,495,698,203,121,712,84,737,157,,,北京大学本科招生网/高考 100,2026-03-06T09:41:25.684094,TRUE,2020年
10001,北京大学,北京,33,浙江,2020,文科,本科批,485,650,165,37,659,25,665,48,,,北京大学本科招生网/高考 100,2026-03-06T09:41:25.684094,TRUE,2020年
10001,北京大学,北京,34,安徽,2020,理科,一批,480,698,218,32,701,22,734,41,,,北京大学本科招生网/高考 100,2026-03-06T09:41:25.684094,TRUE,2020年
10001,北京大学,北京,34,安徽,2020,文科,一批,470,648,178,23,652,16,686,29,,,北京大学本科招生网/高考 100,2026-03-06T09:41:25.684094,TRUE,2020年
10001,北京大学,北京,35,福建,2020,理科,一批,475,690,215,6,693,4,726,7,,,北京大学本科招生网/高考 100,2026-03-06T09:41:25.684094,TRUE,2020年
10001,北京大学,北京,35,福建,2020,文科,一批,465,650,185,12,655,8,676,15,,,北京大学本科招生网/高考 100,2026-03-06T09:41:25.684094,TRUE,2020年
10001,北京大学,北京,36,江西,2020,理科,一批,470,686,216,37,694,25,715,48,,,北京大学本科招生网/高考 100,2026-03-06T09:41:25.684094,TRUE,2020年
10001,北京大学,北京,36,江西,2020,文科,一批,460,644,184,10,647,7,681,13,,,北京大学本科招生网/高考 100,2026-03-06T09:41:25.684094,TRUE,2020年
10001,北京大学,北京,37,山东,2020,理科,一批,490,687,197,17,697,11,713,22,,,北京大学本科招生网/高考 100,2026-03-06T09:41:25.684094,TRUE,2020年
10001,北京大学,北京,37,山东,2020,文科,一批,480,650,170,36,664,25,682,46,,,北京大学本科招生网/高考 100,2026-03-06T09:41:25.684094,TRUE,2020年
10001,北京大学,北京,41,河南,2020,理科,一批,500,703,203,14,715,9,723,18,,,北京大学本科招生网/高考 100,2026-03-06T09:41:25.684094,TRUE,2020年
10001,北京大学,北京,41,河南,2020,文科,一批,490,661,171,81,665,56,678,105,,,北京大学本科招生网/高考 100,2026-03-06T09:41:25.684094,TRUE,2020年
10001,北京大学,北京,42,湖北,2020,理科,一批,485,687,202,24,702,16,710,31,,,北京大学本科招生网/高考 100,2026-03-06T09:41:25.684094,TRUE,2020年
10001,北京大学,北京,42,湖北,2020,文科,一批,475,644,169,26,651,18,672,33,,,北京大学本科招生网/高考 100,2026-03-06T09:41:25.684094,TRUE,2020年
10001,北京大学,北京,43,湖南,2020,理科,一批,480,688,208,75,691,52,717,97,,,北京大学本科招生网/高考 100,2026-03-06T09:41:25.684094,TRUE,2020年
10001,北京大学,北京,43,湖南,2020,文科,一批,470,663,193,40,668,28,699,52,,,北京大学本科招生网/高考 100,2026-03-06T09:41:25.684094,TRUE,2020年
10001,北京大学,北京,44,广东,2020,理科,一批,495,693,198,136,696,95,726,176,,,北京大学本科招生网/高考 100,2026-03-06T09:41:25.684094,TRUE,2020年
10001,北京大学,北京,44,广东,2020,文科,一批,485,645,160,85,652,59,680,110,,,北京大学本科招生网/高考 100,2026-03-06T09:41:25.684094,TRUE,2020年
10001,北京大学,北京,45,广西,2020,理科,一批,465,693,228,57,706,39,727,74,,,北京大学本科招生网/高考 100,2026-03-06T09:41:25.684094,TRUE,2020年
10001,北京大学,北京,45,广西,2020,文科,一批,455,652,197,1,663,0,687,1,,,北京大学本科招生网/高考 100,2026-03-06T09:41:25.684094,TRUE,2020年
10001,北京大学,北京,46,海南,2020,物理类,一批,475,831,356,16,836,11,850,20,,,北京大学本科招生网/高考 100,2026-03-06T09:41:25.684094,TRUE,2020年
10001,北京大学,北京,46,海南,2020,理科,一批,475,832,357,9,839,6,853,11,,,北京大学本科招生网/高考 100,2026-03-06T09:41:25.684094,TRUE,2020年
10001,北京大学,北京,46,海南,2020,综合,一批,470,846,376,20,855,14,880,26,,,北京大学本科招生网/高考 100,2026-03-06T09:41:25.684094,TRUE,2020年
10001,北京大学,北京,50,重庆,2020,理科,一批,480,703,223,61,716,42,739,79,,,北京大学本科招生网/高考 100,2026-03-06T09:41:25.684094,TRUE,2020年
10001,北京大学,北京,50,重庆,2020,文科,一批,470,664,194,4,674,2,703,5,,,北京大学本科招生网/高考 100,2026-03-06T09:41:25.684094,TRUE,2020年
10001,北京大学,北京,51,四川,2020,理科,一批,495,695,200,132,701,92,723,171,,,北京大学本科招生网/高考 100,2026-03-06T09:41:25.684094,TRUE,2020年
10001,北京大学,北京,51,四川,2020,文科,一批,485,646,161,87,653,60,680,113,,,北京大学本科招生网/高考 100,2026-03-06T09:41:25.684094,TRUE,2020年
10001,北京大学,北京,52,贵州,2020,理科,一批,470,694,224,48,697,33,728,62,,,北京大学本科招生网/高考 100,2026-03-06T09:41:25.684094,TRUE,2020年
10001,北京大学,北京,52,贵州,2020,文科,一批,460,674,214,15,689,10,707,19,,,北京大学本科招生网/高考 100,2026-03-06T09:41:25.684094,TRUE,2020年
10001,北京大学,北京,53,云南,2020,理科,一批,475,713,238,36,719,25,731,46,,,北京大学本科招生网/高考 100,2026-03-06T09:41:25.684094,TRUE,2020年
10001,北京大学,北京,53,云南,2020,文科,一批,465,684,219,9,697,6,723,11,,,北京大学本科招生网/高考 100,2026-03-06T09:41:25.684094,TRUE,2020年
10001,北京大学,北京,61,陕西,2020,理科,一批,485,701,216,47,704,32,734,61,,,北京大学本科招生网/高考 100,2026-03-06T09:41:25.684094,TRUE,2020年
10001,北京大学,北京,61,陕西,2020,文科,一批,475,678,203,13,681,9,704,16,,,北京大学本科招生网/高考 100,2026-03-06T09:41:25.684094,TRUE,2020年
10001,北京大学,北京,62,甘肃,2020,理科,一批,460,679,219,15,683,10,703,19,,,北京大学本科招生网/高考 100,2026-03-06T09:41:25.684094,TRUE,2020年
10001,北京大学,北京,62,甘肃,2020,文科,一批,450,660,210,13,668,9,682,16,,,北京大学本科招生网/高考 100,2026-03-06T09:41:25.684094,TRUE,2020年
10001,北京大学,北京,63,青海,2020,理科,一批,445,647,202,36,653,25,674,46,,,北京大学本科招生网/高考 100,2026-03-06T09:41:25.684094,TRUE,2020年
10001,北京大学,北京,63,青海,2020,文科,一批,435,627,192,15,636,10,649,19,,,北京大学本科招生网/高考 100,2026-03-06T09:41:25.684094,TRUE,2020年
10001,北京大学,北京,64,宁夏,2020,理科,一批,450,666,216,15,677,10,696,19,,,北京大学本科招生网/高考 100,2026-03-06T09:41:25.684094,TRUE,2020年
10001,北京大学,北京,64,宁夏,2020,文科,一批,440,665,225,6,674,4,685,7,,,北京大学本科招生网/高考 100,2026-03-06T09:41:25.684094,TRUE,2020年
10001,北京大学,北京,65,新疆,2020,理科,一批,455,680,225,57,689,39,708,74,,,北京大学本科招生网/高考 100,2026-03-06T09:41:25.684094,TRUE,2020年
10001,北京大学,北京,65,新疆,2020,文科,一批,445,636,191,29,639,20,666,37,,,北京大学本科招生网/高考 100,2026-03-06T09:41:25.684094,TRUE,2020年
10003,清华大学,北京,11,北京,2023,综合,本科批,505,688,183,21,699,14,712,27,,,各高校招生网/高考 100,2026-03-06T09:47:40.037788,TRUE,2023年
10003,清华大学,北京,12,天津,2023,综合,本科批,495,688,193,29,693,20,722,37,,,各高校招生网/高考 100,2026-03-06T09:47:40.037788,TRUE,2023年
10003,清华大学,北京,13,河北,2023,理科,一批,490,688,198,51,699,35,714,66,,,各高校招生网/高考 100,2026-03-06T09:47:40.037788,TRUE,2023年
10003,清华大学,北京,13,河北,2023,文科,一批,480,658,178,36,661,25,676,46,,,各高校招生网/高考 100,2026-03-06T09:47:40.037788,TRUE,2023年
10003,清华大学,北京,14,山西,2023,理科,一批,480,688,208,21,697,14,705,27,,,各高校招生网/高考 100,2026-03-06T09:47:40.037788,TRUE,2023年
10003,清华大学,北京,14,山西,2023,文科,一批,470,658,188,15,662,10,676,19,,,各高校招生网/高考 100,2026-03-06T09:47:40.037788,TRUE,2023年
10003,清华大学,北京,15,内蒙古,2023,理科,一批,470,688,218,21,703,14,717,27,,,各高校招生网/高考 100,2026-03-06T09:47:40.037788,TRUE,2023年
10003,清华大学,北京,15,内蒙古,2023,文科,一批,460,658,198,12,671,8,694,15,,,各高校招生网/高考 100,2026-03-06T09:47:40.037788,TRUE,2023年
10003,清华大学,北京,21,辽宁,2023,理科,一批,485,688,203,28,700,19,715,36,,,各高校招生网/高考 100,2026-03-06T09:47:40.037788,TRUE,2023年
10003,清华大学,北京,21,辽宁,2023,文科,一批,475,658,183,6,673,4,680,7,,,各高校招生网/高考 100,2026-03-06T09:47:40.037788,TRUE,2023年
10003,清华大学,北京,22,吉林,2023,理科,一批,475,688,213,45,703,31,711,58,,,各高校招生网/高考 100,2026-03-06T09:47:40.037788,TRUE,2023年
10003,清华大学,北京,22,吉林,2023,文科,一批,465,658,193,11,662,7,696,14,,,各高校招生网/高考 100,2026-03-06T09:47:40.037788,TRUE,2023年
10003,清华大学,北京,23,黑龙江,2023,理科,一批,480,688,208,14,700,9,703,18,,,各高校招生网/高考 100,2026-03-06T09:47:40.037788,TRUE,2023年
10003,清华大学,北京,23,黑龙江,2023,文科,一批,470,658,188,5,666,3,674,6,,,各高校招生网/高考 100,2026-03-06T09:47:40.037788,TRUE,2023年
10003,清华大学,北京,31,上海,2023,综合,本科批,485,688,203,11,695,7,703,14,,,各高校招生网/高考 100,2026-03-06T09:47:40.037788,TRUE,2023年
10003,清华大学,北京,32,江苏,2023,理科,一批,500,688,188,44,703,30,727,57,,,各高校招生网/高考 100,2026-03-06T09:47:40.037788,TRUE,2023年
10003,清华大学,北京,32,江苏,2023,文科,一批,490,658,168,18,669,12,688,23,,,各高校招生网/高考 100,2026-03-06T09:47:40.037788,TRUE,2023年
10003,清华大学,北京,33,浙江,2023,综合,本科批,505,688,183,19,701,13,726,24,,,各高校招生网/高考 100,2026-03-06T09:47:40.037788,TRUE,2023年
10003,清华大学,北京,34,安徽,2023,理科,一批,495,688,193,71,703,49,709,92,,,各高校招生网/高考 100,2026-03-06T09:47:40.037788,TRUE,2023年
10003,清华大学,北京,34,安徽,2023,文科,一批,485,658,173,2,673,1,688,2,,,各高校招生网/高考 100,2026-03-06T09:47:40.037788,TRUE,2023年
10003,清华大学,北京,35,福建,2023,理科,一批,490,688,198,16,697,11,716,20,,,各高校招生网/高考 100,2026-03-06T09:47:40.037788,TRUE,2023年
10003,清华大学,北京,35,福建,2023,文科,一批,480,658,178,23,672,16,697,29,,,各高校招生网/高考 100,2026-03-06T09:47:40.037788,TRUE,2023年
10003,清华大学,北京,36,江西,2023,理科,一批,485,688,203,38,703,26,715,49,,,各高校招生网/高考 100,2026-03-06T09:47:40.037788,TRUE,2023年
10003,清华大学,北京,36,江西,2023,文科,一批,475,658,183,24,669,16,677,31,,,各高校招生网/高考 100,2026-03-06T09:47:40.037788,TRUE,2023年
10003,清华大学,北京,37,山东,2023,理科,一批,505,688,183,26,692,18,723,33,,,各高校招生网/高考 100,2026-03-06T09:47:40.037788,TRUE,2023年
10003,清华大学,北京,37,山东,2023,文科,一批,495,658,163,5,669,3,690,6,,,各高校招生网/高考 100,2026-03-06T09:47:40.037788,TRUE,2023年
10003,清华大学,北京,41,河南,2023,理科,一批,515,688,173,124,701,86,708,161,,,各高校招生网/高考 100,2026-03-06T09:47:40.037788,TRUE,2023年
10003,清华大学,北京,41,河南,2023,文科,一批,505,658,153,8,670,5,677,10,,,各高校招生网/高考 100,2026-03-06T09:47:40.037788,TRUE,2023年
10003,清华大学,北京,42,湖北,2023,理科,一批,500,688,188,87,697,60,723,113,,,各高校招生网/高考 100,2026-03-06T09:47:40.037788,TRUE,2023年
10003,清华大学,北京,42,湖北,2023,文科,一批,490,658,168,32,667,22,674,41,,,各高校招生网/高考 100,2026-03-06T09:47:40.037788,TRUE,2023年
10003,清华大学,北京,43,湖南,2023,理科,一批,495,688,193,67,697,46,713,87,,,各高校招生网/高考 100,2026-03-06T09:47:40.037788,TRUE,2023年
10003,清华大学,北京,43,湖南,2023,文科,一批,485,658,173,17,671,11,693,22,,,各高校招生网/高考 100,2026-03-06T09:47:40.037788,TRUE,2023年
10003,清华大学,北京,44,广东,2023,理科,一批,510,688,178,55,692,38,725,71,,,各高校招生网/高考 100,2026-03-06T09:47:40.037788,TRUE,2023年
10003,清华大学,北京,44,广东,2023,文科,一批,500,658,158,16,665,11,674,20,,,各高校招生网/高考 100,2026-03-06T09:47:40.037788,TRUE,2023年
10003,清华大学,北京,45,广西,2023,理科,一批,480,688,208,54,692,37,712,70,,,各高校招生网/高考 100,2026-03-06T09:47:40.037788,TRUE,2023年
10003,清华大学,北京,45,广西,2023,文科,一批,470,658,188,28,671,19,675,36,,,各高校招生网/高考 100,2026-03-06T09:47:40.037788,TRUE,2023年
10003,清华大学,北京,46,海南,2023,理科,一批,490,688,198,12,698,8,725,15,,,各高校招生网/高考 100,2026-03-06T09:47:40.037788,TRUE,2023年
10003,清华大学,北京,46,海南,2023,文科,一批,480,658,178,6,665,4,690,7,,,各高校招生网/高考 100,2026-03-06T09:47:40.037788,TRUE,2023年
10003,清华大学,北京,50,重庆,2023,理科,一批,495,688,193,11,693,7,714,14,,,各高校招生网/高考 100,2026-03-06T09:47:40.037788,TRUE,2023年
10003,清华大学,北京,50,重庆,2023,文科,一批,485,658,173,9,665,6,687,11,,,各高校招生网/高考 100,2026-03-06T09:47:40.037788,TRUE,2023年
10003,清华大学,北京,51,四川,2023,理科,一批,510,688,178,86,698,60,704,111,,,各高校招生网/高考 100,2026-03-06T09:47:40.037788,TRUE,2023年
10003,清华大学,北京,51,四川,2023,文科,一批,500,658,158,26,663,18,677,33,,,各高校招生网/高考 100,2026-03-06T09:47:40.037788,TRUE,2023年
10003,清华大学,北京,52,贵州,2023,理科,一批,485,688,203,37,702,25,706,48,,,各高校招生网/高考 100,2026-03-06T09:47:40.037788,TRUE,2023年
10003,清华大学,北京,52,贵州,2023,文科,一批,475,658,183,13,663,9,686,16,,,各高校招生网/高考 100,2026-03-06T09:47:40.037788,TRUE,2023年
10003,清华大学,北京,53,云南,2023,理科,一批,490,688,198,10,699,7,724,13,,,各高校招生网/高考 100,2026-03-06T09:47:40.037788,TRUE,2023年
10003,清华大学,北京,53,云南,2023,文科,一批,480,658,178,9,667,6,687,11,,,各高校招生网/高考 100,2026-03-06T09:47:40.037788,TRUE,2023年
10003,清华大学,北京,54,西藏,2023,理科,一批,440,688,248,3,698,2,713,3,,,各高校招生网/高考 100,2026-03-06T09:47:40.037788,TRUE,2023年
10003,清华大学,北京,54,西藏,2023,文科,一批,430,658,228,1,663,0,696,1,,,各高校招生网/高考 100,2026-03-06T09:47:40.037788,TRUE,2023年
10003,清华大学,北京,61,陕西,2023,理科,一批,500,688,188,53,691,37,710,68,,,各高校招生网/高考 100,2026-03-06T09:47:40.037788,TRUE,2023年
10003,清华大学,北京,61,陕西,2023,文科,一批,490,658,168,25,672,17,683,32,,,各高校招生网/高考 100,2026-03-06T09:47:40.037788,TRUE,2023年
10003,清华大学,北京,62,甘肃,2023,理科,一批,475,688,213,6,692,4,716,7,,,各高校招生网/高考 100,2026-03-06T09:47:40.037788,TRUE,2023年
10003,清华大学,北京,62,甘肃,2023,文科,一批,465,658,193,6,663,4,682,7,,,各高校招生网/高考 100,2026-03-06T09:47:40.037788,TRUE,2023年
10003,清华大学,北京,63,青海,2023,理科,一批,460,688,228,7,696,4,719,9,,,各高校招生网/高考 100,2026-03-06T09:47:40.037788,TRUE,2023年
10003,清华大学,北京,63,青海,2023,文科,一批,450,658,208,6,670,4,675,7,,,各高校招生网/高考 100,2026-03-06T09:47:40.037788,TRUE,2023年
10003,清华大学,北京,64,宁夏,2023,理科,一批,465,688,223,3,702,2,719,3,,,各高校招生网/高考 100,2026-03-06T09:47:40.037788,TRUE,2023年
10003,清华大学,北京,64,宁夏,2023,文科,一批,455,658,203,0,666,0,692,0,,,各高校招生网/高考 100,2026-03-06T09:47:40.037788,TRUE,2023年
10003,清华大学,北京,65,新疆,2023,理科,一批,470,688,218,9,696,6,719,11,,,各高校招生网/高考 100,2026-03-06T09:47:40.037788,TRUE,2023年
10003,清华大学,北京,65,新疆,2023,文科,一批,460,658,198,8,662,5,674,10,,,各高校招生网/高考 100,2026-03-06T09:47:40.037788,TRUE,2023年
10003,清华大学,北京,11,北京,2022,综合,本科批,500,681,181,6,687,4,701,7,,,各高校招生网/高考 100,2026-03-06T09:47:40.037788,TRUE,2022年
10003,清华大学,北京,12,天津,2022,综合,本科批,490,681,191,38,689,26,699,49,,,各高校招生网/高考 100,2026-03-06T09:47:40.037788,TRUE,2022年
10003,清华大学,北京,13,河北,2022,理科,一批,485,681,196,22,693,15,703,28,,,各高校招生网/高考 100,2026-03-06T09:47:40.037788,TRUE,2022年
10003,清华大学,北京,13,河北,2022,文科,一批,475,651,176,34,666,23,682,44,,,各高校招生网/高考 100,2026-03-06T09:47:40.037788,TRUE,2022年
10003,清华大学,北京,14,山西,2022,理科,一批,475,681,206,20,695,14,719,26,,,各高校招生网/高考 100,2026-03-06T09:47:40.037788,TRUE,2022年
10003,清华大学,北京,14,山西,2022,文科,一批,465,651,186,21,656,14,676,27,,,各高校招生网/高考 100,2026-03-06T09:47:40.037788,TRUE,2022年
10003,清华大学,北京,15,内蒙古,2022,理科,一批,465,681,216,7,694,4,714,9,,,各高校招生网/高考 100,2026-03-06T09:47:40.037788,TRUE,2022年
10003,清华大学,北京,15,内蒙古,2022,文科,一批,455,651,196,12,662,8,673,15,,,各高校招生网/高考 100,2026-03-06T09:47:40.037788,TRUE,2022年
10003,清华大学,北京,21,辽宁,2022,理科,一批,480,681,201,78,685,54,710,101,,,各高校招生网/高考 100,2026-03-06T09:47:40.037788,TRUE,2022年
10003,清华大学,北京,21,辽宁,2022,文科,一批,470,651,181,1,655,0,666,1,,,各高校招生网/高考 100,2026-03-06T09:47:40.037788,TRUE,2022年
10003,清华大学,北京,22,吉林,2022,理科,一批,470,681,211,12,687,8,713,15,,,各高校招生网/高考 100,2026-03-06T09:47:40.037788,TRUE,2022年
10003,清华大学,北京,22,吉林,2022,文科,一批,460,651,191,18,665,12,675,23,,,各高校招生网/高考 100,2026-03-06T09:47:40.037788,TRUE,2022年
10003,清华大学,北京,23,黑龙江,2022,理科,一批,475,681,206,7,688,4,703,9,,,各高校招生网/高考 100,2026-03-06T09:47:40.037788,TRUE,2022年
10003,清华大学,北京,23,黑龙江,2022,文科,一批,465,651,186,21,662,14,680,27,,,各高校招生网/高考 100,2026-03-06T09:47:40.037788,TRUE,2022年
10003,清华大学,北京,31,上海,2022,综合,本科批,480,681,201,34,693,23,721,44,,,各高校招生网/高考 100,2026-03-06T09:47:40.037788,TRUE,2022年
10003,清华大学,北京,32,江苏,2022,理科,一批,495,681,186,96,684,67,699,124,,,各高校招生网/高考 100,2026-03-06T09:47:40.037788,TRUE,2022年
10003,清华大学,北京,32,江苏,2022,文科,一批,485,651,166,3,658,2,675,3,,,各高校招生网/高考 100,2026-03-06T09:47:40.037788,TRUE,2022年
10003,清华大学,北京,33,浙江,2022,综合,本科批,500,681,181,84,685,58,718,109,,,各高校招生网/高考 100,2026-03-06T09:47:40.037788,TRUE,2022年
10003,清华大学,北京,34,安徽,2022,理科,一批,490,681,191,53,686,37,714,68,,,各高校招生网/高考 100,2026-03-06T09:47:40.037788,TRUE,2022年
10003,清华大学,北京,34,安徽,2022,文科,一批,480,651,171,37,655,25,691,48,,,各高校招生网/高考 100,2026-03-06T09:47:40.037788,TRUE,2022年
10003,清华大学,北京,35,福建,2022,理科,一批,485,681,196,6,694,4,714,7,,,各高校招生网/高考 100,2026-03-06T09:47:40.037788,TRUE,2022年
10003,清华大学,北京,35,福建,2022,文科,一批,475,651,176,4,665,2,672,5,,,各高校招生网/高考 100,2026-03-06T09:47:40.037788,TRUE,2022年
10003,清华大学,北京,36,江西,2022,理科,一批,480,681,201,12,687,8,716,15,,,各高校招生网/高考 100,2026-03-06T09:47:40.037788,TRUE,2022年
10003,清华大学,北京,36,江西,2022,文科,一批,470,651,181,2,655,1,690,2,,,各高校招生网/高考 100,2026-03-06T09:47:40.037788,TRUE,2022年
10003,清华大学,北京,37,山东,2022,理科,一批,500,681,181,8,689,5,716,10,,,各高校招生网/高考 100,2026-03-06T09:47:40.037788,TRUE,2022年
10003,清华大学,北京,37,山东,2022,文科,一批,490,651,161,20,665,14,673,26,,,各高校招生网/高考 100,2026-03-06T09:47:40.037788,TRUE,2022年
10003,清华大学,北京,41,河南,2022,理科,一批,510,681,171,110,687,77,714,143,,,各高校招生网/高考 100,2026-03-06T09:47:40.037788,TRUE,2022年
10003,清华大学,北京,41,河南,2022,文科,一批,500,651,151,11,665,7,690,14,,,各高校招生网/高考 100,2026-03-06T09:47:40.037788,TRUE,2022年
10003,清华大学,北京,42,湖北,2022,理科,一批,495,681,186,77,693,53,699,100,,,各高校招生网/高考 100,2026-03-06T09:47:40.037788,TRUE,2022年
10003,清华大学,北京,42,湖北,2022,文科,一批,485,651,166,2,664,1,680,2,,,各高校招生网/高考 100,2026-03-06T09:47:40.037788,TRUE,2022年
10003,清华大学,北京,43,湖南,2022,理科,一批,490,681,191,7,687,4,711,9,,,各高校招生网/高考 100,2026-03-06T09:47:40.037788,TRUE,2022年
10003,清华大学,北京,43,湖南,2022,文科,一批,480,651,171,13,666,9,686,16,,,各高校招生网/高考 100,2026-03-06T09:47:40.037788,TRUE,2022年
10003,清华大学,北京,44,广东,2022,理科,一批,505,681,176,77,687,53,721,100,,,各高校招生网/高考 100,2026-03-06T09:47:40.037788,TRUE,2022年
10003,清华大学,北京,44,广东,2022,文科,一批,495,651,156,26,666,18,671,33,,,各高校招生网/高考 100,2026-03-06T09:47:40.037788,TRUE,2022年
10003,清华大学,北京,45,广西,2022,理科,一批,475,681,206,64,692,44,707,83,,,各高校招生网/高考 100,2026-03-06T09:47:40.037788,TRUE,2022年
10003,清华大学,北京,45,广西,2022,文科,一批,465,651,186,15,655,10,680,19,,,各高校招生网/高考 100,2026-03-06T09:47:40.037788,TRUE,2022年
10003,清华大学,北京,46,海南,2022,理科,一批,485,681,196,16,688,11,698,20,,,各高校招生网/高考 100,2026-03-06T09:47:40.037788,TRUE,2022年
10003,清华大学,北京,46,海南,2022,文科,一批,475,651,176,7,663,4,675,9,,,各高校招生网/高考 100,2026-03-06T09:47:40.037788,TRUE,2022年
10003,清华大学,北京,50,重庆,2022,理科,一批,490,681,191,48,690,33,702,62,,,各高校招生网/高考 100,2026-03-06T09:47:40.037788,TRUE,2022年
10003,清华大学,北京,50,重庆,2022,文科,一批,480,651,171,22,661,15,690,28,,,各高校招生网/高考 100,2026-03-06T09:47:40.037788,TRUE,2022年
10003,清华大学,北京,51,四川,2022,理科,一批,505,681,176,83,695,58,699,107,,,各高校招生网/高考 100,2026-03-06T09:47:40.037788,TRUE,2022年
10003,清华大学,北京,51,四川,2022,文科,一批,495,651,156,35,658,24,674,45,,,各高校招生网/高考 100,2026-03-06T09:47:40.037788,TRUE,2022年
10003,清华大学,北京,52,贵州,2022,理科,一批,480,681,201,55,690,38,713,71,,,各高校招生网/高考 100,2026-03-06T09:47:40.037788,TRUE,2022年
10003,清华大学,北京,52,贵州,2022,文科,一批,470,651,181,14,661,9,679,18,,,各高校招生网/高考 100,2026-03-06T09:47:40.037788,TRUE,2022年
10003,清华大学,北京,53,云南,2022,理科,一批,485,681,196,48,692,33,697,62,,,各高校招生网/高考 100,2026-03-06T09:47:40.037788,TRUE,2022年
10003,清华大学,北京,53,云南,2022,文科,一批,475,651,176,9,656,6,676,11,,,各高校招生网/高考 100,2026-03-06T09:47:40.037788,TRUE,2022年
10003,清华大学,北京,54,西藏,2022,理科,一批,435,681,246,0,686,0,696,0,,,各高校招生网/高考 100,2026-03-06T09:47:40.037788,TRUE,2022年
10003,清华大学,北京,54,西藏,2022,文科,一批,425,651,226,1,663,0,684,1,,,各高校招生网/高考 100,2026-03-06T09:47:40.037788,TRUE,2022年
10003,清华大学,北京,61,陕西,2022,理科,一批,495,681,186,46,694,32,701,59,,,各高校招生网/高考 100,2026-03-06T09:47:40.037788,TRUE,2022年
10003,清华大学,北京,61,陕西,2022,文科,一批,485,651,166,13,663,9,671,16,,,各高校招生网/高考 100,2026-03-06T09:47:40.037788,TRUE,2022年
10003,清华大学,北京,62,甘肃,2022,理科,一批,470,681,211,16,685,11,720,20,,,各高校招生网/高考 100,2026-03-06T09:47:40.037788,TRUE,2022年
10003,清华大学,北京,62,甘肃,2022,文科,一批,460,651,191,15,655,10,672,19,,,各高校招生网/高考 100,2026-03-06T09:47:40.037788,TRUE,2022年
10003,清华大学,北京,63,青海,2022,理科,一批,455,681,226,10,687,7,699,13,,,各高校招生网/高考 100,2026-03-06T09:47:40.037788,TRUE,2022年
10003,清华大学,北京,63,青海,2022,文科,一批,445,651,206,1,656,0,680,1,,,各高校招生网/高考 100,2026-03-06T09:47:40.037788,TRUE,2022年
10003,清华大学,北京,64,宁夏,2022,理科,一批,460,681,221,12,684,8,702,15,,,各高校招生网/高考 100,2026-03-06T09:47:40.037788,TRUE,2022年
10003,清华大学,北京,64,宁夏,2022,文科,一批,450,651,201,1,656,0,679,1,,,各高校招生网/高考 100,2026-03-06T09:47:40.037788,TRUE,2022年
10003,清华大学,北京,65,新疆,2022,理科,一批,465,681,216,34,684,23,721,44,,,各高校招生网/高考 100,2026-03-06T09:47:40.037788,TRUE,2022年
10003,清华大学,北京,65,新疆,2022,文科,一批,455,651,196,2,654,1,674,2,,,各高校招生网/高考 100,2026-03-06T09:47:40.037788,TRUE,2022年
10003,清华大学,北京,11,北京,2021,综合,本科批,495,674,179,15,685,10,704,19,,,各高校招生网/高考 100,2026-03-06T09:47:40.037788,TRUE,2021年
10003,清华大学,北京,12,天津,2021,综合,本科批,485,674,189,33,677,23,698,42,,,各高校招生网/高考 100,2026-03-06T09:47:40.037788,TRUE,2021年
10003,清华大学,北京,13,河北,2021,理科,一批,480,674,194,38,685,26,707,49,,,各高校招生网/高考 100,2026-03-06T09:47:40.037788,TRUE,2021年
10003,清华大学,北京,13,河北,2021,文科,一批,470,644,174,16,651,11,668,20,,,各高校招生网/高考 100,2026-03-06T09:47:40.037788,TRUE,2021年
10003,清华大学,北京,14,山西,2021,理科,一批,470,674,204,11,681,7,694,14,,,各高校招生网/高考 100,2026-03-06T09:47:40.037788,TRUE,2021年
10003,清华大学,北京,14,山西,2021,文科,一批,460,644,184,32,659,22,666,41,,,各高校招生网/高考 100,2026-03-06T09:47:40.037788,TRUE,2021年
10003,清华大学,北京,15,内蒙古,2021,理科,一批,460,674,214,28,682,19,708,36,,,各高校招生网/高考 100,2026-03-06T09:47:40.037788,TRUE,2021年
10003,清华大学,北京,15,内蒙古,2021,文科,一批,450,644,194,16,655,11,661,20,,,各高校招生网/高考 100,2026-03-06T09:47:40.037788,TRUE,2021年
10003,清华大学,北京,21,辽宁,2021,理科,一批,475,674,199,18,686,12,712,23,,,各高校招生网/高考 100,2026-03-06T09:47:40.037788,TRUE,2021年
10003,清华大学,北京,21,辽宁,2021,文科,一批,465,644,179,37,653,25,682,48,,,各高校招生网/高考 100,2026-03-06T09:47:40.037788,TRUE,2021年
10003,清华大学,北京,22,吉林,2021,理科,一批,465,674,209,55,683,38,698,71,,,各高校招生网/高考 100,2026-03-06T09:47:40.037788,TRUE,2021年
10003,清华大学,北京,22,吉林,2021,文科,一批,455,644,189,3,653,2,676,3,,,各高校招生网/高考 100,2026-03-06T09:47:40.037788,TRUE,2021年
10003,清华大学,北京,23,黑龙江,2021,理科,一批,470,674,204,53,678,37,700,68,,,各高校招生网/高考 100,2026-03-06T09:47:40.037788,TRUE,2021年
10003,清华大学,北京,23,黑龙江,2021,文科,一批,460,644,184,2,650,1,667,2,,,各高校招生网/高考 100,2026-03-06T09:47:40.037788,TRUE,2021年
10003,清华大学,北京,31,上海,2021,综合,本科批,475,674,199,37,679,25,708,48,,,各高校招生网/高考 100,2026-03-06T09:47:40.037788,TRUE,2021年
10003,清华大学,北京,32,江苏,2021,理科,一批,490,674,184,113,678,79,711,146,,,各高校招生网/高考 100,2026-03-06T09:47:40.037788,TRUE,2021年
10003,清华大学,北京,32,江苏,2021,文科,一批,480,644,164,3,651,2,684,3,,,各高校招生网/高考 100,2026-03-06T09:47:40.037788,TRUE,2021年
10003,清华大学,北京,33,浙江,2021,综合,本科批,495,674,179,100,679,70,706,130,,,各高校招生网/高考 100,2026-03-06T09:47:40.037788,TRUE,2021年
10003,清华大学,北京,34,安徽,2021,理科,一批,485,674,189,92,687,64,693,119,,,各高校招生网/高考 100,2026-03-06T09:47:40.037788,TRUE,2021年
10003,清华大学,北京,34,安徽,2021,文科,一批,475,644,169,43,650,30,662,55,,,各高校招生网/高考 100,2026-03-06T09:47:40.037788,TRUE,2021年
10003,清华大学,北京,35,福建,2021,理科,一批,480,674,194,12,685,8,690,15,,,各高校招生网/高考 100,2026-03-06T09:47:40.037788,TRUE,2021年
10003,清华大学,北京,35,福建,2021,文科,一批,470,644,174,10,653,7,677,13,,,各高校招生网/高考 100,2026-03-06T09:47:40.037788,TRUE,2021年
10003,清华大学,北京,36,江西,2021,理科,一批,475,674,199,65,687,45,691,84,,,各高校招生网/高考 100,2026-03-06T09:47:40.037788,TRUE,2021年
10003,清华大学,北京,36,江西,2021,文科,一批,465,644,179,36,655,25,660,46,,,各高校招生网/高考 100,2026-03-06T09:47:40.037788,TRUE,2021年
10003,清华大学,北京,37,山东,2021,理科,一批,495,674,179,97,682,67,692,126,,,各高校招生网/高考 100,2026-03-06T09:47:40.037788,TRUE,2021年
10003,清华大学,北京,37,山东,2021,文科,一批,485,644,159,7,658,4,675,9,,,各高校招生网/高考 100,2026-03-06T09:47:40.037788,TRUE,2021年
10003,清华大学,北京,41,河南,2021,理科,一批,505,674,169,24,684,16,698,31,,,各高校招生网/高考 100,2026-03-06T09:47:40.037788,TRUE,2021年
10003,清华大学,北京,41,河南,2021,文科,一批,495,644,149,38,654,26,672,49,,,各高校招生网/高考 100,2026-03-06T09:47:40.037788,TRUE,2021年
10003,清华大学,北京,42,湖北,2021,理科,一批,490,674,184,102,683,71,711,132,,,各高校招生网/高考 100,2026-03-06T09:47:40.037788,TRUE,2021年
10003,清华大学,北京,42,湖北,2021,文科,一批,480,644,164,12,651,8,679,15,,,各高校招生网/高考 100,2026-03-06T09:47:40.037788,TRUE,2021年
10003,清华大学,北京,43,湖南,2021,理科,一批,485,674,189,71,688,49,697,92,,,各高校招生网/高考 100,2026-03-06T09:47:40.037788,TRUE,2021年
10003,清华大学,北京,43,湖南,2021,文科,一批,475,644,169,33,654,23,678,42,,,各高校招生网/高考 100,2026-03-06T09:47:40.037788,TRUE,2021年
10003,清华大学,北京,44,广东,2021,理科,一批,500,674,174,55,681,38,701,71,,,各高校招生网/高考 100,2026-03-06T09:47:40.037788,TRUE,2021年
10003,清华大学,北京,44,广东,2021,文科,一批,490,644,154,61,647,42,662,79,,,各高校招生网/高考 100,2026-03-06T09:47:40.037788,TRUE,2021年
10003,清华大学,北京,45,广西,2021,理科,一批,470,674,204,15,684,10,693,19,,,各高校招生网/高考 100,2026-03-06T09:47:40.037788,TRUE,2021年
10003,清华大学,北京,45,广西,2021,文科,一批,460,644,184,18,656,12,680,23,,,各高校招生网/高考 100,2026-03-06T09:47:40.037788,TRUE,2021年
10003,清华大学,北京,46,海南,2021,理科,一批,480,674,194,18,683,12,701,23,,,各高校招生网/高考 100,2026-03-06T09:47:40.037788,TRUE,2021年
10003,清华大学,北京,46,海南,2021,文科,一批,470,644,174,2,655,1,682,2,,,各高校招生网/高考 100,2026-03-06T09:47:40.037788,TRUE,2021年
10003,清华大学,北京,50,重庆,2021,理科,一批,485,674,189,51,687,35,690,66,,,各高校招生网/高考 100,2026-03-06T09:47:40.037788,TRUE,2021年
10003,清华大学,北京,50,重庆,2021,文科,一批,475,644,169,9,655,6,677,11,,,各高校招生网/高考 100,2026-03-06T09:47:40.037788,TRUE,2021年
10003,清华大学,北京,51,四川,2021,理科,一批,500,674,174,59,681,41,706,76,,,各高校招生网/高考 100,2026-03-06T09:47:40.037788,TRUE,2021年
10003,清华大学,北京,51,四川,2021,文科,一批,490,644,154,38,649,26,664,49,,,各高校招生网/高考 100,2026-03-06T09:47:40.037788,TRUE,2021年
10003,清华大学,北京,52,贵州,2021,理科,一批,475,674,199,69,683,48,698,89,,,各高校招生网/高考 100,2026-03-06T09:47:40.037788,TRUE,2021年
10003,清华大学,北京,52,贵州,2021,文科,一批,465,644,179,1,655,0,683,1,,,各高校招生网/高考 100,2026-03-06T09:47:40.037788,TRUE,2021年
10003,清华大学,北京,53,云南,2021,理科,一批,480,674,194,32,685,22,709,41,,,各高校招生网/高考 100,2026-03-06T09:47:40.037788,TRUE,2021年
10003,清华大学,北京,53,云南,2021,文科,一批,470,644,174,12,655,8,672,15,,,各高校招生网/高考 100,2026-03-06T09:47:40.037788,TRUE,2021年
10003,清华大学,北京,54,西藏,2021,理科,一批,430,674,244,5,684,3,689,6,,,各高校招生网/高考 100,2026-03-06T09:47:40.037788,TRUE,2021年
10003,清华大学,北京,54,西藏,2021,文科,一批,420,644,224,3,659,2,667,3,,,各高校招生网/高考 100,2026-03-06T09:47:40.037788,TRUE,2021年
10003,清华大学,北京,61,陕西,2021,理科,一批,490,674,184,40,677,28,707,52,,,各高校招生网/高考 100,2026-03-06T09:47:40.037788,TRUE,2021年
10003,清华大学,北京,61,陕西,2021,文科,一批,480,644,164,23,647,16,665,29,,,各高校招生网/高考 100,2026-03-06T09:47:40.037788,TRUE,2021年
10003,清华大学,北京,62,甘肃,2021,理科,一批,465,674,209,37,689,25,703,48,,,各高校招生网/高考 100,2026-03-06T09:47:40.037788,TRUE,2021年
10003,清华大学,北京,62,甘肃,2021,文科,一批,455,644,189,2,657,1,675,2,,,各高校招生网/高考 100,2026-03-06T09:47:40.037788,TRUE,2021年
10003,清华大学,北京,63,青海,2021,理科,一批,450,674,224,1,689,0,700,1,,,各高校招生网/高考 100,2026-03-06T09:47:40.037788,TRUE,2021年
10003,清华大学,北京,63,青海,2021,文科,一批,440,644,204,7,647,4,681,9,,,各高校招生网/高考 100,2026-03-06T09:47:40.037788,TRUE,2021年
10003,清华大学,北京,64,宁夏,2021,理科,一批,455,674,219,23,689,16,709,29,,,各高校招生网/高考 100,2026-03-06T09:47:40.037788,TRUE,2021年
10003,清华大学,北京,64,宁夏,2021,文科,一批,445,644,199,3,656,2,678,3,,,各高校招生网/高考 100,2026-03-06T09:47:40.037788,TRUE,2021年
10003,清华大学,北京,65,新疆,2021,理科,一批,460,674,214,7,687,4,695,9,,,各高校招生网/高考 100,2026-03-06T09:47:40.037788,TRUE,2021年
10003,清华大学,北京,65,新疆,2021,文科,一批,450,644,194,6,651,4,670,7,,,各高校招生网/高考 100,2026-03-06T09:47:40.037788,TRUE,2021年
10003,清华大学,北京,11,北京,2020,综合,本科批,490,667,177,7,679,4,682,9,,,各高校招生网/高考 100,2026-03-06T09:47:40.037788,TRUE,2020年
10003,清华大学,北京,12,天津,2020,综合,本科批,480,667,187,38,677,26,697,49,,,各高校招生网/高考 100,2026-03-06T09:47:40.037788,TRUE,2020年
10003,清华大学,北京,13,河北,2020,理科,一批,475,667,192,84,675,58,697,109,,,各高校招生网/高考 100,2026-03-06T09:47:40.037788,TRUE,2020年
10003,清华大学,北京,13,河北,2020,文科,一批,465,637,172,34,645,23,660,44,,,各高校招生网/高考 100,2026-03-06T09:47:40.037788,TRUE,2020年
10003,清华大学,北京,14,山西,2020,理科,一批,465,667,202,87,681,60,696,113,,,各高校招生网/高考 100,2026-03-06T09:47:40.037788,TRUE,2020年
10003,清华大学,北京,14,山西,2020,文科,一批,455,637,182,14,640,9,653,18,,,各高校招生网/高考 100,2026-03-06T09:47:40.037788,TRUE,2020年
10003,清华大学,北京,15,内蒙古,2020,理科,一批,455,667,212,45,672,31,690,58,,,各高校招生网/高考 100,2026-03-06T09:47:40.037788,TRUE,2020年
10003,清华大学,北京,15,内蒙古,2020,文科,一批,445,637,192,12,648,8,659,15,,,各高校招生网/高考 100,2026-03-06T09:47:40.037788,TRUE,2020年
10003,清华大学,北京,21,辽宁,2020,理科,一批,470,667,197,34,682,23,706,44,,,各高校招生网/高考 100,2026-03-06T09:47:40.037788,TRUE,2020年
10003,清华大学,北京,21,辽宁,2020,文科,一批,460,637,177,3,652,2,657,3,,,各高校招生网/高考 100,2026-03-06T09:47:40.037788,TRUE,2020年
10003,清华大学,北京,22,吉林,2020,理科,一批,460,667,207,45,676,31,704,58,,,各高校招生网/高考 100,2026-03-06T09:47:40.037788,TRUE,2020年
10003,清华大学,北京,22,吉林,2020,文科,一批,450,637,187,12,640,8,656,15,,,各高校招生网/高考 100,2026-03-06T09:47:40.037788,TRUE,2020年
10003,清华大学,北京,23,黑龙江,2020,理科,一批,465,667,202,67,680,46,698,87,,,各高校招生网/高考 100,2026-03-06T09:47:40.037788,TRUE,2020年
10003,清华大学,北京,23,黑龙江,2020,文科,一批,455,637,182,5,651,3,654,6,,,各高校招生网/高考 100,2026-03-06T09:47:40.037788,TRUE,2020年
10003,清华大学,北京,31,上海,2020,综合,本科批,470,667,197,28,675,19,689,36,,,各高校招生网/高考 100,2026-03-06T09:47:40.037788,TRUE,2020年
10003,清华大学,北京,32,江苏,2020,理科,一批,485,667,182,30,673,21,690,39,,,各高校招生网/高考 100,2026-03-06T09:47:40.037788,TRUE,2020年
10003,清华大学,北京,32,江苏,2020,文科,一批,475,637,162,37,651,25,667,48,,,各高校招生网/高考 100,2026-03-06T09:47:40.037788,TRUE,2020年
10003,清华大学,北京,33,浙江,2020,综合,本科批,490,667,177,91,672,63,696,118,,,各高校招生网/高考 100,2026-03-06T09:47:40.037788,TRUE,2020年
10003,清华大学,北京,34,安徽,2020,理科,一批,480,667,187,64,681,44,691,83,,,各高校招生网/高考 100,2026-03-06T09:47:40.037788,TRUE,2020年
10003,清华大学,北京,34,安徽,2020,文科,一批,470,637,167,27,645,18,657,35,,,各高校招生网/高考 100,2026-03-06T09:47:40.037788,TRUE,2020年
10003,清华大学,北京,35,福建,2020,理科,一批,475,667,192,84,671,58,694,109,,,各高校招生网/高考 100,2026-03-06T09:47:40.037788,TRUE,2020年
10003,清华大学,北京,35,福建,2020,文科,一批,465,637,172,26,645,18,677,33,,,各高校招生网/高考 100,2026-03-06T09:47:40.037788,TRUE,2020年
10003,清华大学,北京,36,江西,2020,理科,一批,470,667,197,90,678,62,692,117,,,各高校招生网/高考 100,2026-03-06T09:47:40.037788,TRUE,2020年
10003,清华大学,北京,36,江西,2020,文科,一批,460,637,177,20,652,14,665,26,,,各高校招生网/高考 100,2026-03-06T09:47:40.037788,TRUE,2020年
10003,清华大学,北京,37,山东,2020,理科,一批,490,667,177,148,672,103,702,192,,,各高校招生网/高考 100,2026-03-06T09:47:40.037788,TRUE,2020年
10003,清华大学,北京,37,山东,2020,文科,一批,480,637,157,4,650,2,673,5,,,各高校招生网/高考 100,2026-03-06T09:47:40.037788,TRUE,2020年
10003,清华大学,北京,41,河南,2020,理科,一批,500,667,167,89,673,62,701,115,,,各高校招生网/高考 100,2026-03-06T09:47:40.037788,TRUE,2020年
10003,清华大学,北京,41,河南,2020,文科,一批,490,637,147,69,651,48,672,89,,,各高校招生网/高考 100,2026-03-06T09:47:40.037788,TRUE,2020年
10003,清华大学,北京,42,湖北,2020,理科,一批,485,667,182,13,682,9,704,16,,,各高校招生网/高考 100,2026-03-06T09:47:40.037788,TRUE,2020年
10003,清华大学,北京,42,湖北,2020,文科,一批,475,637,162,43,642,30,655,55,,,各高校招生网/高考 100,2026-03-06T09:47:40.037788,TRUE,2020年
10003,清华大学,北京,43,湖南,2020,理科,一批,480,667,187,84,679,58,699,109,,,各高校招生网/高考 100,2026-03-06T09:47:40.037788,TRUE,2020年
10003,清华大学,北京,43,湖南,2020,文科,一批,470,637,167,32,651,22,661,41,,,各高校招生网/高考 100,2026-03-06T09:47:40.037788,TRUE,2020年
10003,清华大学,北京,44,广东,2020,理科,一批,495,667,172,139,672,97,698,180,,,各高校招生网/高考 100,2026-03-06T09:47:40.037788,TRUE,2020年
10003,清华大学,北京,44,广东,2020,文科,一批,485,637,152,29,650,20,676,37,,,各高校招生网/高考 100,2026-03-06T09:47:40.037788,TRUE,2020年
10003,清华大学,北京,45,广西,2020,理科,一批,465,667,202,29,671,20,690,37,,,各高校招生网/高考 100,2026-03-06T09:47:40.037788,TRUE,2020年
10003,清华大学,北京,45,广西,2020,文科,一批,455,637,182,11,645,7,667,14,,,各高校招生网/高考 100,2026-03-06T09:47:40.037788,TRUE,2020年
10003,清华大学,北京,46,海南,2020,理科,一批,475,667,192,17,677,11,682,22,,,各高校招生网/高考 100,2026-03-06T09:47:40.037788,TRUE,2020年
10003,清华大学,北京,46,海南,2020,文科,一批,465,637,172,3,640,2,672,3,,,各高校招生网/高考 100,2026-03-06T09:47:40.037788,TRUE,2020年
10003,清华大学,北京,50,重庆,2020,理科,一批,480,667,187,22,681,15,683,28,,,各高校招生网/高考 100,2026-03-06T09:47:40.037788,TRUE,2020年
10003,清华大学,北京,50,重庆,2020,文科,一批,470,637,167,25,645,17,661,32,,,各高校招生网/高考 100,2026-03-06T09:47:40.037788,TRUE,2020年
10003,清华大学,北京,51,四川,2020,理科,一批,495,667,172,83,673,58,699,107,,,各高校招生网/高考 100,2026-03-06T09:47:40.037788,TRUE,2020年
10003,清华大学,北京,51,四川,2020,文科,一批,485,637,152,50,641,35,667,65,,,各高校招生网/高考 100,2026-03-06T09:47:40.037788,TRUE,2020年
10003,清华大学,北京,52,贵州,2020,理科,一批,470,667,197,71,671,49,696,92,,,各高校招生网/高考 100,2026-03-06T09:47:40.037788,TRUE,2020年
10003,清华大学,北京,52,贵州,2020,文科,一批,460,637,177,23,652,16,673,29,,,各高校招生网/高考 100,2026-03-06T09:47:40.037788,TRUE,2020年
10003,清华大学,北京,53,云南,2020,理科,一批,475,667,192,58,682,40,702,75,,,各高校招生网/高考 100,2026-03-06T09:47:40.037788,TRUE,2020年
10003,清华大学,北京,53,云南,2020,文科,一批,465,637,172,2,649,1,671,2,,,各高校招生网/高考 100,2026-03-06T09:47:40.037788,TRUE,2020年
10003,清华大学,北京,54,西藏,2020,理科,一批,425,667,242,3,680,2,707,3,,,各高校招生网/高考 100,2026-03-06T09:47:40.037788,TRUE,2020年
10003,清华大学,北京,54,西藏,2020,文科,一批,415,637,222,1,642,0,673,1,,,各高校招生网/高考 100,2026-03-06T09:47:40.037788,TRUE,2020年
10003,清华大学,北京,61,陕西,2020,理科,一批,485,667,182,107,681,74,684,139,,,各高校招生网/高考 100,2026-03-06T09:47:40.037788,TRUE,2020年
10003,清华大学,北京,61,陕西,2020,文科,一批,475,637,162,50,640,35,663,65,,,各高校招生网/高考 100,2026-03-06T09:47:40.037788,TRUE,2020年
10003,清华大学,北京,62,甘肃,2020,理科,一批,460,667,207,41,681,28,705,53,,,各高校招生网/高考 100,2026-03-06T09:47:40.037788,TRUE,2020年
10003,清华大学,北京,62,甘肃,2020,文科,一批,450,637,187,20,646,14,661,26,,,各高校招生网/高考 100,2026-03-06T09:47:40.037788,TRUE,2020年
10003,清华大学,北京,63,青海,2020,理科,一批,445,667,222,16,676,11,705,20,,,各高校招生网/高考 100,2026-03-06T09:47:40.037788,TRUE,2020年
10003,清华大学,北京,63,青海,2020,文科,一批,435,637,202,7,641,4,668,9,,,各高校招生网/高考 100,2026-03-06T09:47:40.037788,TRUE,2020年
10003,清华大学,北京,64,宁夏,2020,理科,一批,450,667,217,25,681,17,691,32,,,各高校招生网/高考 100,2026-03-06T09:47:40.037788,TRUE,2020年
10003,清华大学,北京,64,宁夏,2020,文科,一批,440,637,197,4,642,2,655,5,,,各高校招生网/高考 100,2026-03-06T09:47:40.037788,TRUE,2020年
10003,清华大学,北京,65,新疆,2020,理科,一批,455,667,212,19,682,13,685,24,,,各高校招生网/高考 100,2026-03-06T09:47:40.037788,TRUE,2020年
10003,清华大学,北京,65,新疆,2020,文科,一批,445,637,192,6,648,4,669,7,,,各高校招生网/高考 100,2026-03-06T09:47:40.037788,TRUE,2020年
10246,复旦大学,上海,11,北京,2023,综合,本科批,505,670,165,175,678,122,694,227,,,各高校招生网/高考 100,2026-03-06T09:47:40.037788,TRUE,2023年
10246,复旦大学,上海,12,天津,2023,综合,本科批,495,670,175,115,676,80,709,149,,,各高校招生网/高考 100,2026-03-06T09:47:40.037788,TRUE,2023年
10246,复旦大学,上海,13,河北,2023,理科,一批,490,670,180,421,673,294,695,547,,,各高校招生网/高考 100,2026-03-06T09:47:40.037788,TRUE,2023年
10246,复旦大学,上海,13,河北,2023,文科,一批,480,645,165,50,659,35,685,65,,,各高校招生网/高考 100,2026-03-06T09:47:40.037788,TRUE,2023年
10246,复旦大学,上海,14,山西,2023,理科,一批,480,670,190,298,683,208,687,387,,,各高校招生网/高考 100,2026-03-06T09:47:40.037788,TRUE,2023年
10246,复旦大学,上海,14,山西,2023,文科,一批,470,645,175,211,658,147,673,274,,,各高校招生网/高考 100,2026-03-06T09:47:40.037788,TRUE,2023年
10246,复旦大学,上海,15,内蒙古,2023,理科,一批,470,670,200,151,683,105,685,196,,,各高校招生网/高考 100,2026-03-06T09:47:40.037788,TRUE,2023年
10246,复旦大学,上海,15,内蒙古,2023,文科,一批,460,645,185,18,652,12,664,23,,,各高校招生网/高考 100,2026-03-06T09:47:40.037788,TRUE,2023年
10246,复旦大学,上海,21,辽宁,2023,理科,一批,485,670,185,109,680,76,692,141,,,各高校招生网/高考 100,2026-03-06T09:47:40.037788,TRUE,2023年
10246,复旦大学,上海,21,辽宁,2023,文科,一批,475,645,170,89,653,62,677,115,,,各高校招生网/高考 100,2026-03-06T09:47:40.037788,TRUE,2023年
10246,复旦大学,上海,22,吉林,2023,理科,一批,475,670,195,288,676,201,703,374,,,各高校招生网/高考 100,2026-03-06T09:47:40.037788,TRUE,2023年
10246,复旦大学,上海,22,吉林,2023,文科,一批,465,645,180,17,648,11,681,22,,,各高校招生网/高考 100,2026-03-06T09:47:40.037788,TRUE,2023年
10246,复旦大学,上海,23,黑龙江,2023,理科,一批,480,670,190,48,675,33,698,62,,,各高校招生网/高考 100,2026-03-06T09:47:40.037788,TRUE,2023年
10246,复旦大学,上海,23,黑龙江,2023,文科,一批,470,645,175,54,654,37,666,70,,,各高校招生网/高考 100,2026-03-06T09:47:40.037788,TRUE,2023年
10246,复旦大学,上海,31,上海,2023,综合,本科批,485,670,185,208,677,145,700,270,,,各高校招生网/高考 100,2026-03-06T09:47:40.037788,TRUE,2023年
10246,复旦大学,上海,32,江苏,2023,理科,一批,500,670,170,612,673,428,685,795,,,各高校招生网/高考 100,2026-03-06T09:47:40.037788,TRUE,2023年
10246,复旦大学,上海,32,江苏,2023,文科,一批,490,645,155,213,651,149,681,276,,,各高校招生网/高考 100,2026-03-06T09:47:40.037788,TRUE,2023年
10246,复旦大学,上海,33,浙江,2023,综合,本科批,505,670,165,540,685,378,695,702,,,各高校招生网/高考 100,2026-03-06T09:47:40.037788,TRUE,2023年
10246,复旦大学,上海,34,安徽,2023,理科,一批,495,670,175,393,685,275,694,510,,,各高校招生网/高考 100,2026-03-06T09:47:40.037788,TRUE,2023年
10246,复旦大学,上海,34,安徽,2023,文科,一批,485,645,160,39,656,27,665,50,,,各高校招生网/高考 100,2026-03-06T09:47:40.037788,TRUE,2023年
10246,复旦大学,上海,35,福建,2023,理科,一批,490,670,180,356,680,249,688,462,,,各高校招生网/高考 100,2026-03-06T09:47:40.037788,TRUE,2023年
10246,复旦大学,上海,35,福建,2023,文科,一批,480,645,165,76,651,53,675,98,,,各高校招生网/高考 100,2026-03-06T09:47:40.037788,TRUE,2023年
10246,复旦大学,上海,36,江西,2023,理科,一批,485,670,185,434,682,303,695,564,,,各高校招生网/高考 100,2026-03-06T09:47:40.037788,TRUE,2023年
10246,复旦大学,上海,36,江西,2023,文科,一批,475,645,170,128,658,89,685,166,,,各高校招生网/高考 100,2026-03-06T09:47:40.037788,TRUE,2023年
10246,复旦大学,上海,37,山东,2023,理科,一批,505,670,165,576,682,403,696,748,,,各高校招生网/高考 100,2026-03-06T09:47:40.037788,TRUE,2023年
10246,复旦大学,上海,37,山东,2023,文科,一批,495,645,150,172,659,120,682,223,,,各高校招生网/高考 100,2026-03-06T09:47:40.037788,TRUE,2023年
10246,复旦大学,上海,41,河南,2023,理科,一批,515,670,155,448,683,313,704,582,,,各高校招生网/高考 100,2026-03-06T09:47:40.037788,TRUE,2023年
10246,复旦大学,上海,41,河南,2023,文科,一批,505,645,140,424,658,296,677,551,,,各高校招生网/高考 100,2026-03-06T09:47:40.037788,TRUE,2023年
10246,复旦大学,上海,42,湖北,2023,理科,一批,500,670,170,99,680,69,709,128,,,各高校招生网/高考 100,2026-03-06T09:47:40.037788,TRUE,2023年
10246,复旦大学,上海,42,湖北,2023,文科,一批,490,645,155,248,654,173,670,322,,,各高校招生网/高考 100,2026-03-06T09:47:40.037788,TRUE,2023年
10246,复旦大学,上海,43,湖南,2023,理科,一批,495,670,175,336,675,235,697,436,,,各高校招生网/高考 100,2026-03-06T09:47:40.037788,TRUE,2023年
10246,复旦大学,上海,43,湖南,2023,文科,一批,485,645,160,60,653,42,670,78,,,各高校招生网/高考 100,2026-03-06T09:47:40.037788,TRUE,2023年
10246,复旦大学,上海,44,广东,2023,理科,一批,510,670,160,126,675,88,687,163,,,各高校招生网/高考 100,2026-03-06T09:47:40.037788,TRUE,2023年
10246,复旦大学,上海,44,广东,2023,文科,一批,500,645,145,196,648,137,677,254,,,各高校招生网/高考 100,2026-03-06T09:47:40.037788,TRUE,2023年
10246,复旦大学,上海,45,广西,2023,理科,一批,480,670,190,263,673,184,708,341,,,各高校招生网/高考 100,2026-03-06T09:47:40.037788,TRUE,2023年
10246,复旦大学,上海,45,广西,2023,文科,一批,470,645,175,56,654,39,676,72,,,各高校招生网/高考 100,2026-03-06T09:47:40.037788,TRUE,2023年
10246,复旦大学,上海,46,海南,2023,理科,一批,490,670,180,112,684,78,697,145,,,各高校招生网/高考 100,2026-03-06T09:47:40.037788,TRUE,2023年
10246,复旦大学,上海,46,海南,2023,文科,一批,480,645,165,59,655,41,661,76,,,各高校招生网/高考 100,2026-03-06T09:47:40.037788,TRUE,2023年
10246,复旦大学,上海,50,重庆,2023,理科,一批,495,670,175,160,679,112,699,208,,,各高校招生网/高考 100,2026-03-06T09:47:40.037788,TRUE,2023年
10246,复旦大学,上海,50,重庆,2023,文科,一批,485,645,160,173,654,121,674,224,,,各高校招生网/高考 100,2026-03-06T09:47:40.037788,TRUE,2023年
10246,复旦大学,上海,51,四川,2023,理科,一批,510,670,160,193,679,135,695,250,,,各高校招生网/高考 100,2026-03-06T09:47:40.037788,TRUE,2023年
10246,复旦大学,上海,51,四川,2023,文科,一批,500,645,145,195,658,136,676,253,,,各高校招生网/高考 100,2026-03-06T09:47:40.037788,TRUE,2023年
10246,复旦大学,上海,52,贵州,2023,理科,一批,485,670,185,153,675,107,695,198,,,各高校招生网/高考 100,2026-03-06T09:47:40.037788,TRUE,2023年
10246,复旦大学,上海,52,贵州,2023,文科,一批,475,645,170,134,652,93,666,174,,,各高校招生网/高考 100,2026-03-06T09:47:40.037788,TRUE,2023年
10246,复旦大学,上海,53,云南,2023,理科,一批,490,670,180,198,679,138,686,257,,,各高校招生网/高考 100,2026-03-06T09:47:40.037788,TRUE,2023年
10246,复旦大学,上海,53,云南,2023,文科,一批,480,645,165,115,658,80,679,149,,,各高校招生网/高考 100,2026-03-06T09:47:40.037788,TRUE,2023年
10246,复旦大学,上海,61,陕西,2023,理科,一批,500,670,170,356,674,249,702,462,,,各高校招生网/高考 100,2026-03-06T09:47:40.037788,TRUE,2023年
10246,复旦大学,上海,61,陕西,2023,文科,一批,490,645,155,242,654,169,670,314,,,各高校招生网/高考 100,2026-03-06T09:47:40.037788,TRUE,2023年
10246,复旦大学,上海,62,甘肃,2023,理科,一批,475,670,195,43,678,30,705,55,,,各高校招生网/高考 100,2026-03-06T09:47:40.037788,TRUE,2023年
10246,复旦大学,上海,62,甘肃,2023,文科,一批,465,645,180,74,659,51,662,96,,,各高校招生网/高考 100,2026-03-06T09:47:40.037788,TRUE,2023年
10246,复旦大学,上海,63,青海,2023,理科,一批,460,670,210,24,677,16,700,31,,,各高校招生网/高考 100,2026-03-06T09:47:40.037788,TRUE,2023年
10246,复旦大学,上海,63,青海,2023,文科,一批,450,645,195,42,656,29,671,54,,,各高校招生网/高考 100,2026-03-06T09:47:40.037788,TRUE,2023年
10246,复旦大学,上海,64,宁夏,2023,理科,一批,465,670,205,110,684,77,706,143,,,各高校招生网/高考 100,2026-03-06T09:47:40.037788,TRUE,2023年
10246,复旦大学,上海,64,宁夏,2023,文科,一批,455,645,190,21,649,14,672,27,,,各高校招生网/高考 100,2026-03-06T09:47:40.037788,TRUE,2023年
10246,复旦大学,上海,65,新疆,2023,理科,一批,470,670,200,39,684,27,695,50,,,各高校招生网/高考 100,2026-03-06T09:47:40.037788,TRUE,2023年
10246,复旦大学,上海,65,新疆,2023,文科,一批,460,645,185,110,650,77,673,143,,,各高校招生网/高考 100,2026-03-06T09:47:40.037788,TRUE,2023年
10246,复旦大学,上海,11,北京,2022,综合,本科批,500,665,165,186,673,130,688,241,,,各高校招生网/高考 100,2026-03-06T09:47:40.037788,TRUE,2022年
10246,复旦大学,上海,12,天津,2022,综合,本科批,490,665,175,178,679,124,682,231,,,各高校招生网/高考 100,2026-03-06T09:47:40.037788,TRUE,2022年
10246,复旦大学,上海,13,河北,2022,理科,一批,485,665,180,548,678,383,697,712,,,各高校招生网/高考 100,2026-03-06T09:47:40.037788,TRUE,2022年
10246,复旦大学,上海,13,河北,2022,文科,一批,475,640,165,281,651,196,679,365,,,各高校招生网/高考 100,2026-03-06T09:47:40.037788,TRUE,2022年
10246,复旦大学,上海,14,山西,2022,理科,一批,475,665,190,180,670,125,683,234,,,各高校招生网/高考 100,2026-03-06T09:47:40.037788,TRUE,2022年
10246,复旦大学,上海,14,山西,2022,文科,一批,465,640,175,42,646,29,667,54,,,各高校招生网/高考 100,2026-03-06T09:47:40.037788,TRUE,2022年
10246,复旦大学,上海,15,内蒙古,2022,理科,一批,465,665,200,103,670,72,694,133,,,各高校招生网/高考 100,2026-03-06T09:47:40.037788,TRUE,2022年
10246,复旦大学,上海,15,内蒙古,2022,文科,一批,455,640,185,106,648,74,669,137,,,各高校招生网/高考 100,2026-03-06T09:47:40.037788,TRUE,2022年
10246,复旦大学,上海,21,辽宁,2022,理科,一批,480,665,185,319,668,223,697,414,,,各高校招生网/高考 100,2026-03-06T09:47:40.037788,TRUE,2022年
10246,复旦大学,上海,21,辽宁,2022,文科,一批,470,640,170,180,649,125,675,234,,,各高校招生网/高考 100,2026-03-06T09:47:40.037788,TRUE,2022年
10246,复旦大学,上海,22,吉林,2022,理科,一批,470,665,195,55,670,38,692,71,,,各高校招生网/高考 100,2026-03-06T09:47:40.037788,TRUE,2022年
10246,复旦大学,上海,22,吉林,2022,文科,一批,460,640,180,98,643,68,658,127,,,各高校招生网/高考 100,2026-03-06T09:47:40.037788,TRUE,2022年
10246,复旦大学,上海,23,黑龙江,2022,理科,一批,475,665,190,204,672,142,693,265,,,各高校招生网/高考 100,2026-03-06T09:47:40.037788,TRUE,2022年
10246,复旦大学,上海,23,黑龙江,2022,文科,一批,465,640,175,141,645,98,656,183,,,各高校招生网/高考 100,2026-03-06T09:47:40.037788,TRUE,2022年
10246,复旦大学,上海,31,上海,2022,综合,本科批,480,665,185,256,671,179,687,332,,,各高校招生网/高考 100,2026-03-06T09:47:40.037788,TRUE,2022年
10246,复旦大学,上海,32,江苏,2022,理科,一批,495,665,170,121,675,84,688,157,,,各高校招生网/高考 100,2026-03-06T09:47:40.037788,TRUE,2022年
10246,复旦大学,上海,32,江苏,2022,文科,一批,485,640,155,223,645,156,656,289,,,各高校招生网/高考 100,2026-03-06T09:47:40.037788,TRUE,2022年
10246,复旦大学,上海,33,浙江,2022,综合,本科批,500,665,165,249,676,174,684,323,,,各高校招生网/高考 100,2026-03-06T09:47:40.037788,TRUE,2022年
10246,复旦大学,上海,34,安徽,2022,理科,一批,490,665,175,491,680,343,687,638,,,各高校招生网/高考 100,2026-03-06T09:47:40.037788,TRUE,2022年
10246,复旦大学,上海,34,安徽,2022,文科,一批,480,640,160,141,652,98,658,183,,,各高校招生网/高考 100,2026-03-06T09:47:40.037788,TRUE,2022年
10246,复旦大学,上海,35,福建,2022,理科,一批,485,665,180,250,676,175,690,325,,,各高校招生网/高考 100,2026-03-06T09:47:40.037788,TRUE,2022年
10246,复旦大学,上海,35,福建,2022,文科,一批,475,640,165,164,648,114,677,213,,,各高校招生网/高考 100,2026-03-06T09:47:40.037788,TRUE,2022年
10246,复旦大学,上海,36,江西,2022,理科,一批,480,665,185,472,675,330,689,613,,,各高校招生网/高考 100,2026-03-06T09:47:40.037788,TRUE,2022年
10246,复旦大学,上海,36,江西,2022,文科,一批,470,640,170,51,650,35,677,66,,,各高校招生网/高考 100,2026-03-06T09:47:40.037788,TRUE,2022年
10246,复旦大学,上海,37,山东,2022,理科,一批,500,665,165,481,675,336,702,625,,,各高校招生网/高考 100,2026-03-06T09:47:40.037788,TRUE,2022年
10246,复旦大学,上海,37,山东,2022,文科,一批,490,640,150,120,653,84,677,156,,,各高校招生网/高考 100,2026-03-06T09:47:40.037788,TRUE,2022年
10246,复旦大学,上海,41,河南,2022,理科,一批,510,665,155,768,670,537,687,998,,,各高校招生网/高考 100,2026-03-06T09:47:40.037788,TRUE,2022年
10246,复旦大学,上海,41,河南,2022,文科,一批,500,640,140,504,646,352,673,655,,,各高校招生网/高考 100,2026-03-06T09:47:40.037788,TRUE,2022年
10246,复旦大学,上海,42,湖北,2022,理科,一批,495,665,170,378,674,264,690,491,,,各高校招生网/高考 100,2026-03-06T09:47:40.037788,TRUE,2022年
10246,复旦大学,上海,42,湖北,2022,文科,一批,485,640,155,230,655,161,680,299,,,各高校招生网/高考 100,2026-03-06T09:47:40.037788,TRUE,2022年
10246,复旦大学,上海,43,湖南,2022,理科,一批,490,665,175,149,674,104,696,193,,,各高校招生网/高考 100,2026-03-06T09:47:40.037788,TRUE,2022年
10246,复旦大学,上海,43,湖南,2022,文科,一批,480,640,160,116,652,81,655,150,,,各高校招生网/高考 100,2026-03-06T09:47:40.037788,TRUE,2022年
10246,复旦大学,上海,44,广东,2022,理科,一批,505,665,160,733,679,513,693,952,,,各高校招生网/高考 100,2026-03-06T09:47:40.037788,TRUE,2022年
10246,复旦大学,上海,44,广东,2022,文科,一批,495,640,145,313,651,219,678,406,,,各高校招生网/高考 100,2026-03-06T09:47:40.037788,TRUE,2022年
10246,复旦大学,上海,45,广西,2022,理科,一批,475,665,190,143,676,100,687,185,,,各高校招生网/高考 100,2026-03-06T09:47:40.037788,TRUE,2022年
10246,复旦大学,上海,45,广西,2022,文科,一批,465,640,175,94,647,65,672,122,,,各高校招生网/高考 100,2026-03-06T09:47:40.037788,TRUE,2022年
10246,复旦大学,上海,46,海南,2022,理科,一批,485,665,180,85,680,59,689,110,,,各高校招生网/高考 100,2026-03-06T09:47:40.037788,TRUE,2022年
10246,复旦大学,上海,46,海南,2022,文科,一批,475,640,165,75,643,52,678,97,,,各高校招生网/高考 100,2026-03-06T09:47:40.037788,TRUE,2022年
10246,复旦大学,上海,50,重庆,2022,理科,一批,490,665,175,63,672,44,686,81,,,各高校招生网/高考 100,2026-03-06T09:47:40.037788,TRUE,2022年
10246,复旦大学,上海,50,重庆,2022,文科,一批,480,640,160,139,651,97,663,180,,,各高校招生网/高考 100,2026-03-06T09:47:40.037788,TRUE,2022年
10246,复旦大学,上海,51,四川,2022,理科,一批,505,665,160,701,669,490,695,911,,,各高校招生网/高考 100,2026-03-06T09:47:40.037788,TRUE,2022年
10246,复旦大学,上海,51,四川,2022,文科,一批,495,640,145,42,646,29,673,54,,,各高校招生网/高考 100,2026-03-06T09:47:40.037788,TRUE,2022年
10246,复旦大学,上海,52,贵州,2022,理科,一批,480,665,185,92,674,64,689,119,,,各高校招生网/高考 100,2026-03-06T09:47:40.037788,TRUE,2022年
10246,复旦大学,上海,52,贵州,2022,文科,一批,470,640,170,168,653,117,665,218,,,各高校招生网/高考 100,2026-03-06T09:47:40.037788,TRUE,2022年
10246,复旦大学,上海,53,云南,2022,理科,一批,485,665,180,335,668,234,686,435,,,各高校招生网/高考 100,2026-03-06T09:47:40.037788,TRUE,2022年
10246,复旦大学,上海,53,云南,2022,文科,一批,475,640,165,146,643,102,660,189,,,各高校招生网/高考 100,2026-03-06T09:47:40.037788,TRUE,2022年
10246,复旦大学,上海,61,陕西,2022,理科,一批,495,665,170,188,669,131,697,244,,,各高校招生网/高考 100,2026-03-06T09:47:40.037788,TRUE,2022年
10246,复旦大学,上海,61,陕西,2022,文科,一批,485,640,155,241,647,168,665,313,,,各高校招生网/高考 100,2026-03-06T09:47:40.037788,TRUE,2022年
10246,复旦大学,上海,62,甘肃,2022,理科,一批,470,665,195,114,673,79,691,148,,,各高校招生网/高考 100,2026-03-06T09:47:40.037788,TRUE,2022年
10246,复旦大学,上海,62,甘肃,2022,文科,一批,460,640,180,21,646,14,666,27,,,各高校招生网/高考 100,2026-03-06T09:47:40.037788,TRUE,2022年
10246,复旦大学,上海,63,青海,2022,理科,一批,455,665,210,13,672,9,686,16,,,各高校招生网/高考 100,2026-03-06T09:47:40.037788,TRUE,2022年
10246,复旦大学,上海,63,青海,2022,文科,一批,445,640,195,22,644,15,656,28,,,各高校招生网/高考 100,2026-03-06T09:47:40.037788,TRUE,2022年
10246,复旦大学,上海,64,宁夏,2022,理科,一批,460,665,205,65,670,45,680,84,,,各高校招生网/高考 100,2026-03-06T09:47:40.037788,TRUE,2022年
10246,复旦大学,上海,64,宁夏,2022,文科,一批,450,640,190,38,652,26,675,49,,,各高校招生网/高考 100,2026-03-06T09:47:40.037788,TRUE,2022年
10246,复旦大学,上海,65,新疆,2022,理科,一批,465,665,200,189,669,132,695,245,,,各高校招生网/高考 100,2026-03-06T09:47:40.037788,TRUE,2022年
10246,复旦大学,上海,65,新疆,2022,文科,一批,455,640,185,12,654,8,655,15,,,各高校招生网/高考 100,2026-03-06T09:47:40.037788,TRUE,2022年
10246,复旦大学,上海,11,北京,2021,综合,本科批,495,660,165,270,669,189,692,351,,,各高校招生网/高考 100,2026-03-06T09:47:40.037788,TRUE,2021年
10246,复旦大学,上海,12,天津,2021,综合,本科批,485,660,175,186,664,130,686,241,,,各高校招生网/高考 100,2026-03-06T09:47:40.037788,TRUE,2021年
10246,复旦大学,上海,13,河北,2021,理科,一批,480,660,180,326,673,228,682,423,,,各高校招生网/高考 100,2026-03-06T09:47:40.037788,TRUE,2021年
10246,复旦大学,上海,13,河北,2021,文科,一批,470,635,165,70,649,49,672,91,,,各高校招生网/高考 100,2026-03-06T09:47:40.037788,TRUE,2021年
10246,复旦大学,上海,14,山西,2021,理科,一批,470,660,190,511,670,357,686,664,,,各高校招生网/高考 100,2026-03-06T09:47:40.037788,TRUE,2021年
10246,复旦大学,上海,14,山西,2021,文科,一批,460,635,175,191,646,133,672,248,,,各高校招生网/高考 100,2026-03-06T09:47:40.037788,TRUE,2021年
10246,复旦大学,上海,15,内蒙古,2021,理科,一批,460,660,200,268,668,187,689,348,,,各高校招生网/高考 100,2026-03-06T09:47:40.037788,TRUE,2021年
10246,复旦大学,上海,15,内蒙古,2021,文科,一批,450,635,185,137,650,95,658,178,,,各高校招生网/高考 100,2026-03-06T09:47:40.037788,TRUE,2021年
10246,复旦大学,上海,21,辽宁,2021,理科,一批,475,660,185,308,673,215,694,400,,,各高校招生网/高考 100,2026-03-06T09:47:40.037788,TRUE,2021年
10246,复旦大学,上海,21,辽宁,2021,文科,一批,465,635,170,148,648,103,655,192,,,各高校招生网/高考 100,2026-03-06T09:47:40.037788,TRUE,2021年
10246,复旦大学,上海,22,吉林,2021,理科,一批,465,660,195,56,671,39,675,72,,,各高校招生网/高考 100,2026-03-06T09:47:40.037788,TRUE,2021年
10246,复旦大学,上海,22,吉林,2021,文科,一批,455,635,180,148,650,103,655,192,,,各高校招生网/高考 100,2026-03-06T09:47:40.037788,TRUE,2021年
10246,复旦大学,上海,23,黑龙江,2021,理科,一批,470,660,190,128,673,89,675,166,,,各高校招生网/高考 100,2026-03-06T09:47:40.037788,TRUE,2021年
10246,复旦大学,上海,23,黑龙江,2021,文科,一批,460,635,175,171,647,119,671,222,,,各高校招生网/高考 100,2026-03-06T09:47:40.037788,TRUE,2021年
10246,复旦大学,上海,31,上海,2021,综合,本科批,475,660,185,225,666,157,675,292,,,各高校招生网/高考 100,2026-03-06T09:47:40.037788,TRUE,2021年
10246,复旦大学,上海,32,江苏,2021,理科,一批,490,660,170,617,665,431,678,802,,,各高校招生网/高考 100,2026-03-06T09:47:40.037788,TRUE,2021年
10246,复旦大学,上海,32,江苏,2021,文科,一批,480,635,155,229,650,160,650,297,,,各高校招生网/高考 100,2026-03-06T09:47:40.037788,TRUE,2021年
10246,复旦大学,上海,33,浙江,2021,综合,本科批,495,660,165,418,663,292,698,543,,,各高校招生网/高考 100,2026-03-06T09:47:40.037788,TRUE,2021年
10246,复旦大学,上海,34,安徽,2021,理科,一批,485,660,175,604,664,422,700,785,,,各高校招生网/高考 100,2026-03-06T09:47:40.037788,TRUE,2021年
10246,复旦大学,上海,34,安徽,2021,文科,一批,475,635,160,246,647,172,657,319,,,各高校招生网/高考 100,2026-03-06T09:47:40.037788,TRUE,2021年
10246,复旦大学,上海,35,福建,2021,理科,一批,480,660,180,447,673,312,687,581,,,各高校招生网/高考 100,2026-03-06T09:47:40.037788,TRUE,2021年
10246,复旦大学,上海,35,福建,2021,文科,一批,470,635,165,30,642,21,664,39,,,各高校招生网/高考 100,2026-03-06T09:47:40.037788,TRUE,2021年
10246,复旦大学,上海,36,江西,2021,理科,一批,475,660,185,204,670,142,676,265,,,各高校招生网/高考 100,2026-03-06T09:47:40.037788,TRUE,2021年
10246,复旦大学,上海,36,江西,2021,文科,一批,465,635,170,39,643,27,674,50,,,各高校招生网/高考 100,2026-03-06T09:47:40.037788,TRUE,2021年
10246,复旦大学,上海,37,山东,2021,理科,一批,495,660,165,253,663,177,692,328,,,各高校招生网/高考 100,2026-03-06T09:47:40.037788,TRUE,2021年
10246,复旦大学,上海,37,山东,2021,文科,一批,485,635,150,85,649,59,656,110,,,各高校招生网/高考 100,2026-03-06T09:47:40.037788,TRUE,2021年
10246,复旦大学,上海,41,河南,2021,理科,一批,505,660,155,630,667,441,699,819,,,各高校招生网/高考 100,2026-03-06T09:47:40.037788,TRUE,2021年
10246,复旦大学,上海,41,河南,2021,文科,一批,495,635,140,416,649,291,668,540,,,各高校招生网/高考 100,2026-03-06T09:47:40.037788,TRUE,2021年
10246,复旦大学,上海,42,湖北,2021,理科,一批,490,660,170,85,671,59,696,110,,,各高校招生网/高考 100,2026-03-06T09:47:40.037788,TRUE,2021年
10246,复旦大学,上海,42,湖北,2021,文科,一批,480,635,155,181,644,126,660,235,,,各高校招生网/高考 100,2026-03-06T09:47:40.037788,TRUE,2021年
10246,复旦大学,上海,43,湖南,2021,理科,一批,485,660,175,323,663,226,697,419,,,各高校招生网/高考 100,2026-03-06T09:47:40.037788,TRUE,2021年
10246,复旦大学,上海,43,湖南,2021,文科,一批,475,635,160,139,646,97,651,180,,,各高校招生网/高考 100,2026-03-06T09:47:40.037788,TRUE,2021年
10246,复旦大学,上海,44,广东,2021,理科,一批,500,660,160,327,670,228,684,425,,,各高校招生网/高考 100,2026-03-06T09:47:40.037788,TRUE,2021年
10246,复旦大学,上海,44,广东,2021,文科,一批,490,635,145,206,650,144,650,267,,,各高校招生网/高考 100,2026-03-06T09:47:40.037788,TRUE,2021年
10246,复旦大学,上海,45,广西,2021,理科,一批,470,660,190,311,668,217,687,404,,,各高校招生网/高考 100,2026-03-06T09:47:40.037788,TRUE,2021年
10246,复旦大学,上海,45,广西,2021,文科,一批,460,635,175,226,646,158,654,293,,,各高校招生网/高考 100,2026-03-06T09:47:40.037788,TRUE,2021年
10246,复旦大学,上海,46,海南,2021,理科,一批,480,660,180,120,665,84,688,156,,,各高校招生网/高考 100,2026-03-06T09:47:40.037788,TRUE,2021年
10246,复旦大学,上海,46,海南,2021,文科,一批,470,635,165,19,647,13,654,24,,,各高校招生网/高考 100,2026-03-06T09:47:40.037788,TRUE,2021年
10246,复旦大学,上海,50,重庆,2021,理科,一批,485,660,175,168,671,117,682,218,,,各高校招生网/高考 100,2026-03-06T09:47:40.037788,TRUE,2021年
10246,复旦大学,上海,50,重庆,2021,文科,一批,475,635,160,118,639,82,651,153,,,各高校招生网/高考 100,2026-03-06T09:47:40.037788,TRUE,2021年
10246,复旦大学,上海,51,四川,2021,理科,一批,500,660,160,362,672,253,681,470,,,各高校招生网/高考 100,2026-03-06T09:47:40.037788,TRUE,2021年
10246,复旦大学,上海,51,四川,2021,文科,一批,490,635,145,379,648,265,660,492,,,各高校招生网/高考 100,2026-03-06T09:47:40.037788,TRUE,2021年
10246,复旦大学,上海,52,贵州,2021,理科,一批,475,660,185,278,667,194,682,361,,,各高校招生网/高考 100,2026-03-06T09:47:40.037788,TRUE,2021年
10246,复旦大学,上海,52,贵州,2021,文科,一批,465,635,170,141,641,98,653,183,,,各高校招生网/高考 100,2026-03-06T09:47:40.037788,TRUE,2021年
10246,复旦大学,上海,53,云南,2021,理科,一批,480,660,180,277,664,193,681,360,,,各高校招生网/高考 100,2026-03-06T09:47:40.037788,TRUE,2021年
10246,复旦大学,上海,53,云南,2021,文科,一批,470,635,165,60,641,42,661,78,,,各高校招生网/高考 100,2026-03-06T09:47:40.037788,TRUE,2021年
10246,复旦大学,上海,61,陕西,2021,理科,一批,490,660,170,232,671,162,680,301,,,各高校招生网/高考 100,2026-03-06T09:47:40.037788,TRUE,2021年
10246,复旦大学,上海,61,陕西,2021,文科,一批,480,635,155,309,646,216,667,401,,,各高校招生网/高考 100,2026-03-06T09:47:40.037788,TRUE,2021年
10246,复旦大学,上海,62,甘肃,2021,理科,一批,465,660,195,44,665,30,693,57,,,各高校招生网/高考 100,2026-03-06T09:47:40.037788,TRUE,2021年
10246,复旦大学,上海,62,甘肃,2021,文科,一批,455,635,180,51,646,35,670,66,,,各高校招生网/高考 100,2026-03-06T09:47:40.037788,TRUE,2021年
10246,复旦大学,上海,63,青海,2021,理科,一批,450,660,210,92,667,64,699,119,,,各高校招生网/高考 100,2026-03-06T09:47:40.037788,TRUE,2021年
10246,复旦大学,上海,63,青海,2021,文科,一批,440,635,195,25,643,17,655,32,,,各高校招生网/高考 100,2026-03-06T09:47:40.037788,TRUE,2021年
10246,复旦大学,上海,64,宁夏,2021,理科,一批,455,660,205,120,670,84,686,156,,,各高校招生网/高考 100,2026-03-06T09:47:40.037788,TRUE,2021年
10246,复旦大学,上海,64,宁夏,2021,文科,一批,445,635,190,61,640,42,663,79,,,各高校招生网/高考 100,2026-03-06T09:47:40.037788,TRUE,2021年
10246,复旦大学,上海,65,新疆,2021,理科,一批,460,660,200,63,672,44,685,81,,,各高校招生网/高考 100,2026-03-06T09:47:40.037788,TRUE,2021年
10246,复旦大学,上海,65,新疆,2021,文科,一批,450,635,185,136,638,95,653,176,,,各高校招生网/高考 100,2026-03-06T09:47:40.037788,TRUE,2021年
10246,复旦大学,上海,11,北京,2020,综合,本科批,490,655,165,216,666,151,677,280,,,各高校招生网/高考 100,2026-03-06T09:47:40.037788,TRUE,2020年
10246,复旦大学,上海,12,天津,2020,综合,本科批,480,655,175,124,660,86,690,161,,,各高校招生网/高考 100,2026-03-06T09:47:40.037788,TRUE,2020年
10246,复旦大学,上海,13,河北,2020,理科,一批,475,655,180,225,663,157,672,292,,,各高校招生网/高考 100,2026-03-06T09:47:40.037788,TRUE,2020年
10246,复旦大学,上海,13,河北,2020,文科,一批,465,630,165,323,634,226,647,419,,,各高校招生网/高考 100,2026-03-06T09:47:40.037788,TRUE,2020年
10246,复旦大学,上海,14,山西,2020,理科,一批,465,655,190,531,669,371,670,690,,,各高校招生网/高考 100,2026-03-06T09:47:40.037788,TRUE,2020年
10246,复旦大学,上海,14,山西,2020,文科,一批,455,630,175,248,643,173,657,322,,,各高校招生网/高考 100,2026-03-06T09:47:40.037788,TRUE,2020年
10246,复旦大学,上海,15,内蒙古,2020,理科,一批,455,655,200,157,659,109,684,204,,,各高校招生网/高考 100,2026-03-06T09:47:40.037788,TRUE,2020年
10246,复旦大学,上海,15,内蒙古,2020,文科,一批,445,630,185,116,643,81,656,150,,,各高校招生网/高考 100,2026-03-06T09:47:40.037788,TRUE,2020年
10246,复旦大学,上海,21,辽宁,2020,理科,一批,470,655,185,186,664,130,692,241,,,各高校招生网/高考 100,2026-03-06T09:47:40.037788,TRUE,2020年
10246,复旦大学,上海,21,辽宁,2020,文科,一批,460,630,170,199,639,139,653,258,,,各高校招生网/高考 100,2026-03-06T09:47:40.037788,TRUE,2020年
10246,复旦大学,上海,22,吉林,2020,理科,一批,460,655,195,250,670,175,681,325,,,各高校招生网/高考 100,2026-03-06T09:47:40.037788,TRUE,2020年
10246,复旦大学,上海,22,吉林,2020,文科,一批,450,630,180,96,643,67,670,124,,,各高校招生网/高考 100,2026-03-06T09:47:40.037788,TRUE,2020年
10246,复旦大学,上海,23,黑龙江,2020,理科,一批,465,655,190,58,665,40,683,75,,,各高校招生网/高考 100,2026-03-06T09:47:40.037788,TRUE,2020年
10246,复旦大学,上海,23,黑龙江,2020,文科,一批,455,630,175,47,640,32,668,61,,,各高校招生网/高考 100,2026-03-06T09:47:40.037788,TRUE,2020年
10246,复旦大学,上海,31,上海,2020,综合,本科批,470,655,185,216,660,151,684,280,,,各高校招生网/高考 100,2026-03-06T09:47:40.037788,TRUE,2020年
10246,复旦大学,上海,32,江苏,2020,理科,一批,485,655,170,302,661,211,695,392,,,各高校招生网/高考 100,2026-03-06T09:47:40.037788,TRUE,2020年
10246,复旦大学,上海,32,江苏,2020,文科,一批,475,630,155,53,643,37,659,68,,,各高校招生网/高考 100,2026-03-06T09:47:40.037788,TRUE,2020年
10246,复旦大学,上海,33,浙江,2020,综合,本科批,490,655,165,636,660,445,691,826,,,各高校招生网/高考 100,2026-03-06T09:47:40.037788,TRUE,2020年
10246,复旦大学,上海,34,安徽,2020,理科,一批,480,655,175,351,663,245,685,456,,,各高校招生网/高考 100,2026-03-06T09:47:40.037788,TRUE,2020年
10246,复旦大学,上海,34,安徽,2020,文科,一批,470,630,160,158,635,110,668,205,,,各高校招生网/高考 100,2026-03-06T09:47:40.037788,TRUE,2020年
10246,复旦大学,上海,35,福建,2020,理科,一批,475,655,180,252,661,176,680,327,,,各高校招生网/高考 100,2026-03-06T09:47:40.037788,TRUE,2020年
10246,复旦大学,上海,35,福建,2020,文科,一批,465,630,165,77,642,53,655,100,,,各高校招生网/高考 100,2026-03-06T09:47:40.037788,TRUE,2020年
10246,复旦大学,上海,36,江西,2020,理科,一批,470,655,185,357,670,249,676,464,,,各高校招生网/高考 100,2026-03-06T09:47:40.037788,TRUE,2020年
10246,复旦大学,上海,36,江西,2020,文科,一批,460,630,170,95,633,66,670,123,,,各高校招生网/高考 100,2026-03-06T09:47:40.037788,TRUE,2020年
10246,复旦大学,上海,37,山东,2020,理科,一批,490,655,165,468,662,327,673,608,,,各高校招生网/高考 100,2026-03-06T09:47:40.037788,TRUE,2020年
10246,复旦大学,上海,37,山东,2020,文科,一批,480,630,150,343,639,240,663,445,,,各高校招生网/高考 100,2026-03-06T09:47:40.037788,TRUE,2020年
10246,复旦大学,上海,41,河南,2020,理科,一批,500,655,155,595,668,416,683,773,,,各高校招生网/高考 100,2026-03-06T09:47:40.037788,TRUE,2020年
10246,复旦大学,上海,41,河南,2020,文科,一批,490,630,140,416,642,291,659,540,,,各高校招生网/高考 100,2026-03-06T09:47:40.037788,TRUE,2020年
10246,复旦大学,上海,42,湖北,2020,理科,一批,485,655,170,443,660,310,675,575,,,各高校招生网/高考 100,2026-03-06T09:47:40.037788,TRUE,2020年
10246,复旦大学,上海,42,湖北,2020,文科,一批,475,630,155,100,645,70,666,130,,,各高校招生网/高考 100,2026-03-06T09:47:40.037788,TRUE,2020年
10246,复旦大学,上海,43,湖南,2020,理科,一批,480,655,175,410,667,287,687,533,,,各高校招生网/高考 100,2026-03-06T09:47:40.037788,TRUE,2020年
10246,复旦大学,上海,43,湖南,2020,文科,一批,470,630,160,78,635,54,669,101,,,各高校招生网/高考 100,2026-03-06T09:47:40.037788,TRUE,2020年
10246,复旦大学,上海,44,广东,2020,理科,一批,495,655,160,495,664,346,672,643,,,各高校招生网/高考 100,2026-03-06T09:47:40.037788,TRUE,2020年
10246,复旦大学,上海,44,广东,2020,文科,一批,485,630,145,150,637,105,650,195,,,各高校招生网/高考 100,2026-03-06T09:47:40.037788,TRUE,2020年
10246,复旦大学,上海,45,广西,2020,理科,一批,465,655,190,367,664,256,674,477,,,各高校招生网/高考 100,2026-03-06T09:47:40.037788,TRUE,2020年
10246,复旦大学,上海,45,广西,2020,文科,一批,455,630,175,47,645,32,659,61,,,各高校招生网/高考 100,2026-03-06T09:47:40.037788,TRUE,2020年
10246,复旦大学,上海,46,海南,2020,理科,一批,475,655,180,38,662,26,693,49,,,各高校招生网/高考 100,2026-03-06T09:47:40.037788,TRUE,2020年
10246,复旦大学,上海,46,海南,2020,文科,一批,465,630,165,47,641,32,646,61,,,各高校招生网/高考 100,2026-03-06T09:47:40.037788,TRUE,2020年
10246,复旦大学,上海,50,重庆,2020,理科,一批,480,655,175,106,663,74,692,137,,,各高校招生网/高考 100,2026-03-06T09:47:40.037788,TRUE,2020年
10246,复旦大学,上海,50,重庆,2020,文科,一批,470,630,160,112,636,78,668,145,,,各高校招生网/高考 100,2026-03-06T09:47:40.037788,TRUE,2020年
10246,复旦大学,上海,51,四川,2020,理科,一批,495,655,160,301,664,210,686,391,,,各高校招生网/高考 100,2026-03-06T09:47:40.037788,TRUE,2020年
10246,复旦大学,上海,51,四川,2020,文科,一批,485,630,145,43,637,30,657,55,,,各高校招生网/高考 100,2026-03-06T09:47:40.037788,TRUE,2020年
10246,复旦大学,上海,52,贵州,2020,理科,一批,470,655,185,147,661,102,688,191,,,各高校招生网/高考 100,2026-03-06T09:47:40.037788,TRUE,2020年
10246,复旦大学,上海,52,贵州,2020,文科,一批,460,630,170,94,633,65,647,122,,,各高校招生网/高考 100,2026-03-06T09:47:40.037788,TRUE,2020年
10246,复旦大学,上海,53,云南,2020,理科,一批,475,655,180,151,663,105,670,196,,,各高校招生网/高考 100,2026-03-06T09:47:40.037788,TRUE,2020年
10246,复旦大学,上海,53,云南,2020,文科,一批,465,630,165,91,640,63,645,118,,,各高校招生网/高考 100,2026-03-06T09:47:40.037788,TRUE,2020年
10246,复旦大学,上海,61,陕西,2020,理科,一批,485,655,170,140,659,98,689,182,,,各高校招生网/高考 100,2026-03-06T09:47:40.037788,TRUE,2020年
10246,复旦大学,上海,61,陕西,2020,文科,一批,475,630,155,168,638,117,660,218,,,各高校招生网/高考 100,2026-03-06T09:47:40.037788,TRUE,2020年
10246,复旦大学,上海,62,甘肃,2020,理科,一批,460,655,195,127,669,88,674,165,,,各高校招生网/高考 100,2026-03-06T09:47:40.037788,TRUE,2020年
10246,复旦大学,上海,62,甘肃,2020,文科,一批,450,630,180,80,634,56,668,104,,,各高校招生网/高考 100,2026-03-06T09:47:40.037788,TRUE,2020年
10246,复旦大学,上海,63,青海,2020,理科,一批,445,655,210,118,660,82,685,153,,,各高校招生网/高考 100,2026-03-06T09:47:40.037788,TRUE,2020年
10246,复旦大学,上海,63,青海,2020,文科,一批,435,630,195,12,638,8,652,15,,,各高校招生网/高考 100,2026-03-06T09:47:40.037788,TRUE,2020年
10246,复旦大学,上海,64,宁夏,2020,理科,一批,450,655,205,96,668,67,672,124,,,各高校招生网/高考 100,2026-03-06T09:47:40.037788,TRUE,2020年
10246,复旦大学,上海,64,宁夏,2020,文科,一批,440,630,190,51,641,35,662,66,,,各高校招生网/高考 100,2026-03-06T09:47:40.037788,TRUE,2020年
10246,复旦大学,上海,65,新疆,2020,理科,一批,455,655,200,78,661,54,695,101,,,各高校招生网/高考 100,2026-03-06T09:47:40.037788,TRUE,2020年
10246,复旦大学,上海,65,新疆,2020,文科,一批,445,630,185,89,634,62,651,115,,,各高校招生网/高考 100,2026-03-06T09:47:40.037788,TRUE,2020年
10248,上海交通大学,上海,11,北京,2023,综合,本科批,505,668,163,78,678,54,697,101,,,各高校招生网/高考 100,2026-03-06T09:47:40.037788,TRUE,2023年
10248,上海交通大学,上海,12,天津,2023,综合,本科批,495,668,173,175,678,122,699,227,,,各高校招生网/高考 100,2026-03-06T09:47:40.037788,TRUE,2023年
10248,上海交通大学,上海,13,河北,2023,理科,一批,490,668,178,158,683,110,683,205,,,各高校招生网/高考 100,2026-03-06T09:47:40.037788,TRUE,2023年
10248,上海交通大学,上海,13,河北,2023,文科,一批,480,640,160,369,650,258,669,479,,,各高校招生网/高考 100,2026-03-06T09:47:40.037788,TRUE,2023年
10248,上海交通大学,上海,14,山西,2023,理科,一批,480,668,188,292,681,204,690,379,,,各高校招生网/高考 100,2026-03-06T09:47:40.037788,TRUE,2023年
10248,上海交通大学,上海,14,山西,2023,文科,一批,470,640,170,287,653,200,669,373,,,各高校招生网/高考 100,2026-03-06T09:47:40.037788,TRUE,2023年
10248,上海交通大学,上海,15,内蒙古,2023,理科,一批,470,668,198,265,675,185,704,344,,,各高校招生网/高考 100,2026-03-06T09:47:40.037788,TRUE,2023年
10248,上海交通大学,上海,15,内蒙古,2023,文科,一批,460,640,180,116,649,81,667,150,,,各高校招生网/高考 100,2026-03-06T09:47:40.037788,TRUE,2023年
10248,上海交通大学,上海,21,辽宁,2023,理科,一批,485,668,183,242,671,169,684,314,,,各高校招生网/高考 100,2026-03-06T09:47:40.037788,TRUE,2023年
10248,上海交通大学,上海,21,辽宁,2023,文科,一批,475,640,165,142,644,99,656,184,,,各高校招生网/高考 100,2026-03-06T09:47:40.037788,TRUE,2023年
10248,上海交通大学,上海,22,吉林,2023,理科,一批,475,668,193,333,672,233,706,432,,,各高校招生网/高考 100,2026-03-06T09:47:40.037788,TRUE,2023年
10248,上海交通大学,上海,22,吉林,2023,文科,一批,465,640,175,132,654,92,668,171,,,各高校招生网/高考 100,2026-03-06T09:47:40.037788,TRUE,2023年
10248,上海交通大学,上海,23,黑龙江,2023,理科,一批,480,668,188,308,672,215,703,400,,,各高校招生网/高考 100,2026-03-06T09:47:40.037788,TRUE,2023年
10248,上海交通大学,上海,23,黑龙江,2023,文科,一批,470,640,170,220,647,154,662,286,,,各高校招生网/高考 100,2026-03-06T09:47:40.037788,TRUE,2023年
10248,上海交通大学,上海,31,上海,2023,综合,本科批,485,668,183,237,672,165,684,308,,,各高校招生网/高考 100,2026-03-06T09:47:40.037788,TRUE,2023年
10248,上海交通大学,上海,32,江苏,2023,理科,一批,500,668,168,222,672,155,687,288,,,各高校招生网/高考 100,2026-03-06T09:47:40.037788,TRUE,2023年
10248,上海交通大学,上海,32,江苏,2023,文科,一批,490,640,150,313,643,219,661,406,,,各高校招生网/高考 100,2026-03-06T09:47:40.037788,TRUE,2023年
10248,上海交通大学,上海,33,浙江,2023,综合,本科批,505,668,163,491,676,343,686,638,,,各高校招生网/高考 100,2026-03-06T09:47:40.037788,TRUE,2023年
10248,上海交通大学,上海,34,安徽,2023,理科,一批,495,668,173,368,671,257,691,478,,,各高校招生网/高考 100,2026-03-06T09:47:40.037788,TRUE,2023年
10248,上海交通大学,上海,34,安徽,2023,文科,一批,485,640,155,318,653,222,673,413,,,各高校招生网/高考 100,2026-03-06T09:47:40.037788,TRUE,2023年
10248,上海交通大学,上海,35,福建,2023,理科,一批,490,668,178,95,679,66,692,123,,,各高校招生网/高考 100,2026-03-06T09:47:40.037788,TRUE,2023年
10248,上海交通大学,上海,35,福建,2023,文科,一批,480,640,160,91,651,63,659,118,,,各高校招生网/高考 100,2026-03-06T09:47:40.037788,TRUE,2023年
10248,上海交通大学,上海,36,江西,2023,理科,一批,485,668,183,468,679,327,692,608,,,各高校招生网/高考 100,2026-03-06T09:47:40.037788,TRUE,2023年
10248,上海交通大学,上海,36,江西,2023,文科,一批,475,640,165,282,653,197,667,366,,,各高校招生网/高考 100,2026-03-06T09:47:40.037788,TRUE,2023年
10248,上海交通大学,上海,37,山东,2023,理科,一批,505,668,163,654,674,457,703,850,,,各高校招生网/高考 100,2026-03-06T09:47:40.037788,TRUE,2023年
10248,上海交通大学,上海,37,山东,2023,文科,一批,495,640,145,422,652,295,666,548,,,各高校招生网/高考 100,2026-03-06T09:47:40.037788,TRUE,2023年
10248,上海交通大学,上海,41,河南,2023,理科,一批,515,668,153,301,674,210,696,391,,,各高校招生网/高考 100,2026-03-06T09:47:40.037788,TRUE,2023年
10248,上海交通大学,上海,41,河南,2023,文科,一批,505,640,135,507,643,354,665,659,,,各高校招生网/高考 100,2026-03-06T09:47:40.037788,TRUE,2023年
10248,上海交通大学,上海,42,湖北,2023,理科,一批,500,668,168,327,671,228,684,425,,,各高校招生网/高考 100,2026-03-06T09:47:40.037788,TRUE,2023年
10248,上海交通大学,上海,42,湖北,2023,文科,一批,490,640,150,447,643,312,670,581,,,各高校招生网/高考 100,2026-03-06T09:47:40.037788,TRUE,2023年
10248,上海交通大学,上海,43,湖南,2023,理科,一批,495,668,173,556,678,389,700,722,,,各高校招生网/高考 100,2026-03-06T09:47:40.037788,TRUE,2023年
10248,上海交通大学,上海,43,湖南,2023,文科,一批,485,640,155,427,650,298,669,555,,,各高校招生网/高考 100,2026-03-06T09:47:40.037788,TRUE,2023年
10248,上海交通大学,上海,44,广东,2023,理科,一批,510,668,158,756,676,529,685,982,,,各高校招生网/高考 100,2026-03-06T09:47:40.037788,TRUE,2023年
10248,上海交通大学,上海,44,广东,2023,文科,一批,500,640,140,516,646,361,658,670,,,各高校招生网/高考 100,2026-03-06T09:47:40.037788,TRUE,2023年
10248,上海交通大学,上海,45,广西,2023,理科,一批,480,668,188,475,683,332,704,617,,,各高校招生网/高考 100,2026-03-06T09:47:40.037788,TRUE,2023年
10248,上海交通大学,上海,45,广西,2023,文科,一批,470,640,170,349,655,244,680,453,,,各高校招生网/高考 100,2026-03-06T09:47:40.037788,TRUE,2023年
10248,上海交通大学,上海,46,海南,2023,理科,一批,490,668,178,119,680,83,706,154,,,各高校招生网/高考 100,2026-03-06T09:47:40.037788,TRUE,2023年
10248,上海交通大学,上海,46,海南,2023,文科,一批,480,640,160,57,653,39,670,74,,,各高校招生网/高考 100,2026-03-06T09:47:40.037788,TRUE,2023年
10248,上海交通大学,上海,50,重庆,2023,理科,一批,495,668,173,131,682,91,684,170,,,各高校招生网/高考 100,2026-03-06T09:47:40.037788,TRUE,2023年
10248,上海交通大学,上海,50,重庆,2023,文科,一批,485,640,155,66,645,46,680,85,,,各高校招生网/高考 100,2026-03-06T09:47:40.037788,TRUE,2023年
10248,上海交通大学,上海,51,四川,2023,理科,一批,510,668,158,518,679,362,700,673,,,各高校招生网/高考 100,2026-03-06T09:47:40.037788,TRUE,2023年
10248,上海交通大学,上海,51,四川,2023,文科,一批,500,640,140,387,645,270,672,503,,,各高校招生网/高考 100,2026-03-06T09:47:40.037788,TRUE,2023年
10248,上海交通大学,上海,52,贵州,2023,理科,一批,485,668,183,357,679,249,685,464,,,各高校招生网/高考 100,2026-03-06T09:47:40.037788,TRUE,2023年
10248,上海交通大学,上海,52,贵州,2023,文科,一批,475,640,165,275,644,192,663,357,,,各高校招生网/高考 100,2026-03-06T09:47:40.037788,TRUE,2023年
10248,上海交通大学,上海,53,云南,2023,理科,一批,490,668,178,152,681,106,690,197,,,各高校招生网/高考 100,2026-03-06T09:47:40.037788,TRUE,2023年
10248,上海交通大学,上海,53,云南,2023,文科,一批,480,640,160,178,648,124,663,231,,,各高校招生网/高考 100,2026-03-06T09:47:40.037788,TRUE,2023年
10248,上海交通大学,上海,54,西藏,2023,理科,一批,440,668,228,19,679,13,706,24,,,各高校招生网/高考 100,2026-03-06T09:47:40.037788,TRUE,2023年
10248,上海交通大学,上海,54,西藏,2023,文科,一批,430,640,210,27,653,18,659,35,,,各高校招生网/高考 100,2026-03-06T09:47:40.037788,TRUE,2023年
10248,上海交通大学,上海,61,陕西,2023,理科,一批,500,668,168,534,671,373,683,694,,,各高校招生网/高考 100,2026-03-06T09:47:40.037788,TRUE,2023年
10248,上海交通大学,上海,61,陕西,2023,文科,一批,490,640,150,128,648,89,666,166,,,各高校招生网/高考 100,2026-03-06T09:47:40.037788,TRUE,2023年
10248,上海交通大学,上海,62,甘肃,2023,理科,一批,475,668,193,123,676,86,708,159,,,各高校招生网/高考 100,2026-03-06T09:47:40.037788,TRUE,2023年
10248,上海交通大学,上海,62,甘肃,2023,文科,一批,465,640,175,144,646,100,666,187,,,各高校招生网/高考 100,2026-03-06T09:47:40.037788,TRUE,2023年
10248,上海交通大学,上海,63,青海,2023,理科,一批,460,668,208,70,671,49,698,91,,,各高校招生网/高考 100,2026-03-06T09:47:40.037788,TRUE,2023年
10248,上海交通大学,上海,63,青海,2023,文科,一批,450,640,190,42,652,29,676,54,,,各高校招生网/高考 100,2026-03-06T09:47:40.037788,TRUE,2023年
10248,上海交通大学,上海,64,宁夏,2023,理科,一批,465,668,203,29,674,20,688,37,,,各高校招生网/高考 100,2026-03-06T09:47:40.037788,TRUE,2023年
10248,上海交通大学,上海,64,宁夏,2023,文科,一批,455,640,185,108,650,75,670,140,,,各高校招生网/高考 100,2026-03-06T09:47:40.037788,TRUE,2023年
10248,上海交通大学,上海,65,新疆,2023,理科,一批,470,668,198,111,672,77,699,144,,,各高校招生网/高考 100,2026-03-06T09:47:40.037788,TRUE,2023年
10248,上海交通大学,上海,65,新疆,2023,文科,一批,460,640,180,98,651,68,667,127,,,各高校招生网/高考 100,2026-03-06T09:47:40.037788,TRUE,2023年
10248,上海交通大学,上海,11,北京,2022,综合,本科批,500,663,163,53,678,37,687,68,,,各高校招生网/高考 100,2026-03-06T09:47:40.037788,TRUE,2022年
10248,上海交通大学,上海,12,天津,2022,综合,本科批,490,663,173,245,678,171,687,318,,,各高校招生网/高考 100,2026-03-06T09:47:40.037788,TRUE,2022年
10248,上海交通大学,上海,13,河北,2022,理科,一批,485,663,178,591,668,413,679,768,,,各高校招生网/高考 100,2026-03-06T09:47:40.037788,TRUE,2022年
10248,上海交通大学,上海,13,河北,2022,文科,一批,475,635,160,310,647,217,665,403,,,各高校招生网/高考 100,2026-03-06T09:47:40.037788,TRUE,2022年
10248,上海交通大学,上海,14,山西,2022,理科,一批,475,663,188,237,669,165,693,308,,,各高校招生网/高考 100,2026-03-06T09:47:40.037788,TRUE,2022年
10248,上海交通大学,上海,14,山西,2022,文科,一批,465,635,170,367,639,256,657,477,,,各高校招生网/高考 100,2026-03-06T09:47:40.037788,TRUE,2022年
10248,上海交通大学,上海,15,内蒙古,2022,理科,一批,465,663,198,340,667,237,695,442,,,各高校招生网/高考 100,2026-03-06T09:47:40.037788,TRUE,2022年
10248,上海交通大学,上海,15,内蒙古,2022,文科,一批,455,635,180,128,638,89,655,166,,,各高校招生网/高考 100,2026-03-06T09:47:40.037788,TRUE,2022年
10248,上海交通大学,上海,21,辽宁,2022,理科,一批,480,663,183,144,673,100,678,187,,,各高校招生网/高考 100,2026-03-06T09:47:40.037788,TRUE,2022年
10248,上海交通大学,上海,21,辽宁,2022,文科,一批,470,635,165,96,647,67,673,124,,,各高校招生网/高考 100,2026-03-06T09:47:40.037788,TRUE,2022年
10248,上海交通大学,上海,22,吉林,2022,理科,一批,470,663,193,336,668,235,679,436,,,各高校招生网/高考 100,2026-03-06T09:47:40.037788,TRUE,2022年
10248,上海交通大学,上海,22,吉林,2022,文科,一批,460,635,175,60,639,42,652,78,,,各高校招生网/高考 100,2026-03-06T09:47:40.037788,TRUE,2022年
10248,上海交通大学,上海,23,黑龙江,2022,理科,一批,475,663,188,326,676,228,679,423,,,各高校招生网/高考 100,2026-03-06T09:47:40.037788,TRUE,2022年
10248,上海交通大学,上海,23,黑龙江,2022,文科,一批,465,635,170,73,644,51,672,94,,,各高校招生网/高考 100,2026-03-06T09:47:40.037788,TRUE,2022年
10248,上海交通大学,上海,31,上海,2022,综合,本科批,480,663,183,81,671,56,699,105,,,各高校招生网/高考 100,2026-03-06T09:47:40.037788,TRUE,2022年
10248,上海交通大学,上海,32,江苏,2022,理科,一批,495,663,168,449,677,314,691,583,,,各高校招生网/高考 100,2026-03-06T09:47:40.037788,TRUE,2022年
10248,上海交通大学,上海,32,江苏,2022,文科,一批,485,635,150,229,645,160,657,297,,,各高校招生网/高考 100,2026-03-06T09:47:40.037788,TRUE,2022年
10248,上海交通大学,上海,33,浙江,2022,综合,本科批,500,663,163,587,675,410,694,763,,,各高校招生网/高考 100,2026-03-06T09:47:40.037788,TRUE,2022年
10248,上海交通大学,上海,34,安徽,2022,理科,一批,490,663,173,689,668,482,679,895,,,各高校招生网/高考 100,2026-03-06T09:47:40.037788,TRUE,2022年
10248,上海交通大学,上海,34,安徽,2022,文科,一批,480,635,155,421,645,294,662,547,,,各高校招生网/高考 100,2026-03-06T09:47:40.037788,TRUE,2022年
10248,上海交通大学,上海,35,福建,2022,理科,一批,485,663,178,211,675,147,698,274,,,各高校招生网/高考 100,2026-03-06T09:47:40.037788,TRUE,2022年
10248,上海交通大学,上海,35,福建,2022,文科,一批,475,635,160,220,638,154,668,286,,,各高校招生网/高考 100,2026-03-06T09:47:40.037788,TRUE,2022年
10248,上海交通大学,上海,36,江西,2022,理科,一批,480,663,183,300,672,210,685,390,,,各高校招生网/高考 100,2026-03-06T09:47:40.037788,TRUE,2022年
10248,上海交通大学,上海,36,江西,2022,文科,一批,470,635,165,271,649,189,652,352,,,各高校招生网/高考 100,2026-03-06T09:47:40.037788,TRUE,2022年
10248,上海交通大学,上海,37,山东,2022,理科,一批,500,663,163,861,670,602,701,1119,,,各高校招生网/高考 100,2026-03-06T09:47:40.037788,TRUE,2022年
10248,上海交通大学,上海,37,山东,2022,文科,一批,490,635,145,363,643,254,655,471,,,各高校招生网/高考 100,2026-03-06T09:47:40.037788,TRUE,2022年
10248,上海交通大学,上海,41,河南,2022,理科,一批,510,663,153,931,673,651,702,1210,,,各高校招生网/高考 100,2026-03-06T09:47:40.037788,TRUE,2022年
10248,上海交通大学,上海,41,河南,2022,文科,一批,500,635,135,720,645,503,660,936,,,各高校招生网/高考 100,2026-03-06T09:47:40.037788,TRUE,2022年
10248,上海交通大学,上海,42,湖北,2022,理科,一批,495,663,168,607,667,424,689,789,,,各高校招生网/高考 100,2026-03-06T09:47:40.037788,TRUE,2022年
10248,上海交通大学,上海,42,湖北,2022,文科,一批,485,635,150,458,641,320,673,595,,,各高校招生网/高考 100,2026-03-06T09:47:40.037788,TRUE,2022年
10248,上海交通大学,上海,43,湖南,2022,理科,一批,490,663,173,590,678,413,686,767,,,各高校招生网/高考 100,2026-03-06T09:47:40.037788,TRUE,2022年
10248,上海交通大学,上海,43,湖南,2022,文科,一批,480,635,155,212,642,148,670,275,,,各高校招生网/高考 100,2026-03-06T09:47:40.037788,TRUE,2022年
10248,上海交通大学,上海,44,广东,2022,理科,一批,505,663,158,743,678,520,683,965,,,各高校招生网/高考 100,2026-03-06T09:47:40.037788,TRUE,2022年
10248,上海交通大学,上海,44,广东,2022,文科,一批,495,635,140,308,650,215,671,400,,,各高校招生网/高考 100,2026-03-06T09:47:40.037788,TRUE,2022年
10248,上海交通大学,上海,45,广西,2022,理科,一批,475,663,188,446,673,312,694,579,,,各高校招生网/高考 100,2026-03-06T09:47:40.037788,TRUE,2022年
10248,上海交通大学,上海,45,广西,2022,文科,一批,465,635,170,145,650,101,671,188,,,各高校招生网/高考 100,2026-03-06T09:47:40.037788,TRUE,2022年
10248,上海交通大学,上海,46,海南,2022,理科,一批,485,663,178,119,678,83,688,154,,,各高校招生网/高考 100,2026-03-06T09:47:40.037788,TRUE,2022年
10248,上海交通大学,上海,46,海南,2022,文科,一批,475,635,160,26,649,18,670,33,,,各高校招生网/高考 100,2026-03-06T09:47:40.037788,TRUE,2022年
10248,上海交通大学,上海,50,重庆,2022,理科,一批,490,663,173,417,673,291,689,542,,,各高校招生网/高考 100,2026-03-06T09:47:40.037788,TRUE,2022年
10248,上海交通大学,上海,50,重庆,2022,文科,一批,480,635,155,230,648,161,659,299,,,各高校招生网/高考 100,2026-03-06T09:47:40.037788,TRUE,2022年
10248,上海交通大学,上海,51,四川,2022,理科,一批,505,663,158,337,669,235,700,438,,,各高校招生网/高考 100,2026-03-06T09:47:40.037788,TRUE,2022年
10248,上海交通大学,上海,51,四川,2022,文科,一批,495,635,140,579,640,405,673,752,,,各高校招生网/高考 100,2026-03-06T09:47:40.037788,TRUE,2022年
10248,上海交通大学,上海,52,贵州,2022,理科,一批,480,663,183,113,673,79,696,146,,,各高校招生网/高考 100,2026-03-06T09:47:40.037788,TRUE,2022年
10248,上海交通大学,上海,52,贵州,2022,文科,一批,470,635,165,183,648,128,672,237,,,各高校招生网/高考 100,2026-03-06T09:47:40.037788,TRUE,2022年
10248,上海交通大学,上海,53,云南,2022,理科,一批,485,663,178,218,666,152,689,283,,,各高校招生网/高考 100,2026-03-06T09:47:40.037788,TRUE,2022年
10248,上海交通大学,上海,53,云南,2022,文科,一批,475,635,160,151,640,105,651,196,,,各高校招生网/高考 100,2026-03-06T09:47:40.037788,TRUE,2022年
10248,上海交通大学,上海,54,西藏,2022,理科,一批,435,663,228,15,674,10,678,19,,,各高校招生网/高考 100,2026-03-06T09:47:40.037788,TRUE,2022年
10248,上海交通大学,上海,54,西藏,2022,文科,一批,425,635,210,21,642,14,659,27,,,各高校招生网/高考 100,2026-03-06T09:47:40.037788,TRUE,2022年
10248,上海交通大学,上海,61,陕西,2022,理科,一批,495,663,168,689,673,482,691,895,,,各高校招生网/高考 100,2026-03-06T09:47:40.037788,TRUE,2022年
10248,上海交通大学,上海,61,陕西,2022,文科,一批,485,635,150,69,642,48,675,89,,,各高校招生网/高考 100,2026-03-06T09:47:40.037788,TRUE,2022年
10248,上海交通大学,上海,62,甘肃,2022,理科,一批,470,663,193,174,675,121,683,226,,,各高校招生网/高考 100,2026-03-06T09:47:40.037788,TRUE,2022年
10248,上海交通大学,上海,62,甘肃,2022,文科,一批,460,635,175,154,649,107,670,200,,,各高校招生网/高考 100,2026-03-06T09:47:40.037788,TRUE,2022年
10248,上海交通大学,上海,63,青海,2022,理科,一批,455,663,208,81,673,56,683,105,,,各高校招生网/高考 100,2026-03-06T09:47:40.037788,TRUE,2022年
10248,上海交通大学,上海,63,青海,2022,文科,一批,445,635,190,73,643,51,670,94,,,各高校招生网/高考 100,2026-03-06T09:47:40.037788,TRUE,2022年
10248,上海交通大学,上海,64,宁夏,2022,理科,一批,460,663,203,147,671,102,686,191,,,各高校招生网/高考 100,2026-03-06T09:47:40.037788,TRUE,2022年
10248,上海交通大学,上海,64,宁夏,2022,文科,一批,450,635,185,88,648,61,675,114,,,各高校招生网/高考 100,2026-03-06T09:47:40.037788,TRUE,2022年
10248,上海交通大学,上海,65,新疆,2022,理科,一批,465,663,198,160,668,112,686,208,,,各高校招生网/高考 100,2026-03-06T09:47:40.037788,TRUE,2022年
10248,上海交通大学,上海,65,新疆,2022,文科,一批,455,635,180,122,644,85,673,158,,,各高校招生网/高考 100,2026-03-06T09:47:40.037788,TRUE,2022年
10248,上海交通大学,上海,11,北京,2021,综合,本科批,495,658,163,289,665,202,693,375,,,各高校招生网/高考 100,2026-03-06T09:47:40.037788,TRUE,2021年
10248,上海交通大学,上海,12,天津,2021,综合,本科批,485,658,173,348,670,243,697,452,,,各高校招生网/高考 100,2026-03-06T09:47:40.037788,TRUE,2021年
10248,上海交通大学,上海,13,河北,2021,理科,一批,480,658,178,263,671,184,685,341,,,各高校招生网/高考 100,2026-03-06T09:47:40.037788,TRUE,2021年
10248,上海交通大学,上海,13,河北,2021,文科,一批,470,630,160,409,636,286,660,531,,,各高校招生网/高考 100,2026-03-06T09:47:40.037788,TRUE,2021年
10248,上海交通大学,上海,14,山西,2021,理科,一批,470,658,188,600,669,420,690,780,,,各高校招生网/高考 100,2026-03-06T09:47:40.037788,TRUE,2021年
10248,上海交通大学,上海,14,山西,2021,文科,一批,460,630,170,256,637,179,661,332,,,各高校招生网/高考 100,2026-03-06T09:47:40.037788,TRUE,2021年
10248,上海交通大学,上海,15,内蒙古,2021,理科,一批,460,658,198,381,665,266,689,495,,,各高校招生网/高考 100,2026-03-06T09:47:40.037788,TRUE,2021年
10248,上海交通大学,上海,15,内蒙古,2021,文科,一批,450,630,180,217,640,151,655,282,,,各高校招生网/高考 100,2026-03-06T09:47:40.037788,TRUE,2021年
10248,上海交通大学,上海,21,辽宁,2021,理科,一批,475,658,183,225,666,157,693,292,,,各高校招生网/高考 100,2026-03-06T09:47:40.037788,TRUE,2021年
10248,上海交通大学,上海,21,辽宁,2021,文科,一批,465,630,165,245,645,171,652,318,,,各高校招生网/高考 100,2026-03-06T09:47:40.037788,TRUE,2021年
10248,上海交通大学,上海,22,吉林,2021,理科,一批,465,658,193,392,663,274,694,509,,,各高校招生网/高考 100,2026-03-06T09:47:40.037788,TRUE,2021年
10248,上海交通大学,上海,22,吉林,2021,文科,一批,455,630,175,77,640,53,651,100,,,各高校招生网/高考 100,2026-03-06T09:47:40.037788,TRUE,2021年
10248,上海交通大学,上海,23,黑龙江,2021,理科,一批,470,658,188,526,666,368,694,683,,,各高校招生网/高考 100,2026-03-06T09:47:40.037788,TRUE,2021年
10248,上海交通大学,上海,23,黑龙江,2021,文科,一批,460,630,170,308,637,215,664,400,,,各高校招生网/高考 100,2026-03-06T09:47:40.037788,TRUE,2021年
10248,上海交通大学,上海,31,上海,2021,综合,本科批,475,658,183,341,667,238,680,443,,,各高校招生网/高考 100,2026-03-06T09:47:40.037788,TRUE,2021年
10248,上海交通大学,上海,32,江苏,2021,理科,一批,490,658,168,344,670,240,689,447,,,各高校招生网/高考 100,2026-03-06T09:47:40.037788,TRUE,2021年
10248,上海交通大学,上海,32,江苏,2021,文科,一批,480,630,150,126,644,88,667,163,,,各高校招生网/高考 100,2026-03-06T09:47:40.037788,TRUE,2021年
10248,上海交通大学,上海,33,浙江,2021,综合,本科批,495,658,163,742,666,519,690,964,,,各高校招生网/高考 100,2026-03-06T09:47:40.037788,TRUE,2021年
10248,上海交通大学,上海,34,安徽,2021,理科,一批,485,658,173,769,664,538,689,999,,,各高校招生网/高考 100,2026-03-06T09:47:40.037788,TRUE,2021年
10248,上海交通大学,上海,34,安徽,2021,文科,一批,475,630,155,410,636,287,668,533,,,各高校招生网/高考 100,2026-03-06T09:47:40.037788,TRUE,2021年
10248,上海交通大学,上海,35,福建,2021,理科,一批,480,658,178,245,665,171,698,318,,,各高校招生网/高考 100,2026-03-06T09:47:40.037788,TRUE,2021年
10248,上海交通大学,上海,35,福建,2021,文科,一批,470,630,160,279,642,195,663,362,,,各高校招生网/高考 100,2026-03-06T09:47:40.037788,TRUE,2021年
10248,上海交通大学,上海,36,江西,2021,理科,一批,475,658,183,248,665,173,689,322,,,各高校招生网/高考 100,2026-03-06T09:47:40.037788,TRUE,2021年
10248,上海交通大学,上海,36,江西,2021,文科,一批,465,630,165,222,645,155,667,288,,,各高校招生网/高考 100,2026-03-06T09:47:40.037788,TRUE,2021年
10248,上海交通大学,上海,37,山东,2021,理科,一批,495,658,163,976,665,683,691,1268,,,各高校招生网/高考 100,2026-03-06T09:47:40.037788,TRUE,2021年
10248,上海交通大学,上海,37,山东,2021,文科,一批,485,630,145,213,639,149,669,276,,,各高校招生网/高考 100,2026-03-06T09:47:40.037788,TRUE,2021年
10248,上海交通大学,上海,41,河南,2021,理科,一批,505,658,153,220,671,154,677,286,,,各高校招生网/高考 100,2026-03-06T09:47:40.037788,TRUE,2021年
10248,上海交通大学,上海,41,河南,2021,文科,一批,495,630,135,645,639,451,661,838,,,各高校招生网/高考 100,2026-03-06T09:47:40.037788,TRUE,2021年
10248,上海交通大学,上海,42,湖北,2021,理科,一批,490,658,168,799,670,559,688,1038,,,各高校招生网/高考 100,2026-03-06T09:47:40.037788,TRUE,2021年
10248,上海交通大学,上海,42,湖北,2021,文科,一批,480,630,150,127,633,88,670,165,,,各高校招生网/高考 100,2026-03-06T09:47:40.037788,TRUE,2021年
10248,上海交通大学,上海,43,湖南,2021,理科,一批,485,658,173,754,670,527,676,980,,,各高校招生网/高考 100,2026-03-06T09:47:40.037788,TRUE,2021年
10248,上海交通大学,上海,43,湖南,2021,文科,一批,475,630,155,162,644,113,663,210,,,各高校招生网/高考 100,2026-03-06T09:47:40.037788,TRUE,2021年
10248,上海交通大学,上海,44,广东,2021,理科,一批,500,658,158,314,662,219,693,408,,,各高校招生网/高考 100,2026-03-06T09:47:40.037788,TRUE,2021年
10248,上海交通大学,上海,44,广东,2021,文科,一批,490,630,140,164,643,114,665,213,,,各高校招生网/高考 100,2026-03-06T09:47:40.037788,TRUE,2021年
10248,上海交通大学,上海,45,广西,2021,理科,一批,470,658,188,426,672,298,674,553,,,各高校招生网/高考 100,2026-03-06T09:47:40.037788,TRUE,2021年
10248,上海交通大学,上海,45,广西,2021,文科,一批,460,630,170,339,636,237,659,440,,,各高校招生网/高考 100,2026-03-06T09:47:40.037788,TRUE,2021年
10248,上海交通大学,上海,46,海南,2021,理科,一批,480,658,178,189,672,132,693,245,,,各高校招生网/高考 100,2026-03-06T09:47:40.037788,TRUE,2021年
10248,上海交通大学,上海,46,海南,2021,文科,一批,470,630,160,83,644,58,656,107,,,各高校招生网/高考 100,2026-03-06T09:47:40.037788,TRUE,2021年
10248,上海交通大学,上海,50,重庆,2021,理科,一批,485,658,173,496,671,347,691,644,,,各高校招生网/高考 100,2026-03-06T09:47:40.037788,TRUE,2021年
10248,上海交通大学,上海,50,重庆,2021,文科,一批,475,630,155,261,642,182,652,339,,,各高校招生网/高考 100,2026-03-06T09:47:40.037788,TRUE,2021年
10248,上海交通大学,上海,51,四川,2021,理科,一批,500,658,158,462,661,323,687,600,,,各高校招生网/高考 100,2026-03-06T09:47:40.037788,TRUE,2021年
10248,上海交通大学,上海,51,四川,2021,文科,一批,490,630,140,429,644,300,655,557,,,各高校招生网/高考 100,2026-03-06T09:47:40.037788,TRUE,2021年
10248,上海交通大学,上海,52,贵州,2021,理科,一批,475,658,183,197,663,137,685,256,,,各高校招生网/高考 100,2026-03-06T09:47:40.037788,TRUE,2021年
10248,上海交通大学,上海,52,贵州,2021,文科,一批,465,630,165,311,636,217,653,404,,,各高校招生网/高考 100,2026-03-06T09:47:40.037788,TRUE,2021年
10248,上海交通大学,上海,53,云南,2021,理科,一批,480,658,178,95,668,66,697,123,,,各高校招生网/高考 100,2026-03-06T09:47:40.037788,TRUE,2021年
10248,上海交通大学,上海,53,云南,2021,文科,一批,470,630,160,188,634,131,664,244,,,各高校招生网/高考 100,2026-03-06T09:47:40.037788,TRUE,2021年
10248,上海交通大学,上海,54,西藏,2021,理科,一批,430,658,228,60,672,42,688,78,,,各高校招生网/高考 100,2026-03-06T09:47:40.037788,TRUE,2021年
10248,上海交通大学,上海,54,西藏,2021,文科,一批,420,630,210,9,640,6,648,11,,,各高校招生网/高考 100,2026-03-06T09:47:40.037788,TRUE,2021年
10248,上海交通大学,上海,61,陕西,2021,理科,一批,490,658,168,363,671,254,679,471,,,各高校招生网/高考 100,2026-03-06T09:47:40.037788,TRUE,2021年
10248,上海交通大学,上海,61,陕西,2021,文科,一批,480,630,150,508,641,355,647,660,,,各高校招生网/高考 100,2026-03-06T09:47:40.037788,TRUE,2021年
10248,上海交通大学,上海,62,甘肃,2021,理科,一批,465,658,193,163,670,114,693,211,,,各高校招生网/高考 100,2026-03-06T09:47:40.037788,TRUE,2021年
10248,上海交通大学,上海,62,甘肃,2021,文科,一批,455,630,175,72,635,50,651,93,,,各高校招生网/高考 100,2026-03-06T09:47:40.037788,TRUE,2021年
10248,上海交通大学,上海,63,青海,2021,理科,一批,450,658,208,65,663,45,687,84,,,各高校招生网/高考 100,2026-03-06T09:47:40.037788,TRUE,2021年
10248,上海交通大学,上海,63,青海,2021,文科,一批,440,630,190,78,637,54,651,101,,,各高校招生网/高考 100,2026-03-06T09:47:40.037788,TRUE,2021年
10248,上海交通大学,上海,64,宁夏,2021,理科,一批,455,658,203,31,663,21,695,40,,,各高校招生网/高考 100,2026-03-06T09:47:40.037788,TRUE,2021年
10248,上海交通大学,上海,64,宁夏,2021,文科,一批,445,630,185,70,639,49,648,91,,,各高校招生网/高考 100,2026-03-06T09:47:40.037788,TRUE,2021年
10248,上海交通大学,上海,65,新疆,2021,理科,一批,460,658,198,61,663,42,697,79,,,各高校招生网/高考 100,2026-03-06T09:47:40.037788,TRUE,2021年
10248,上海交通大学,上海,65,新疆,2021,文科,一批,450,630,180,172,638,120,663,223,,,各高校招生网/高考 100,2026-03-06T09:47:40.037788,TRUE,2021年
10248,上海交通大学,上海,11,北京,2020,综合,本科批,490,653,163,348,667,243,681,452,,,各高校招生网/高考 100,2026-03-06T09:47:40.037788,TRUE,2020年
10248,上海交通大学,上海,12,天津,2020,综合,本科批,480,653,173,116,664,81,691,150,,,各高校招生网/高考 100,2026-03-06T09:47:40.037788,TRUE,2020年
10248,上海交通大学,上海,13,河北,2020,理科,一批,475,653,178,135,659,94,671,175,,,各高校招生网/高考 100,2026-03-06T09:47:40.037788,TRUE,2020年
10248,上海交通大学,上海,13,河北,2020,文科,一批,465,625,160,496,628,347,658,644,,,各高校招生网/高考 100,2026-03-06T09:47:40.037788,TRUE,2020年
10248,上海交通大学,上海,14,山西,2020,理科,一批,465,653,188,581,659,406,692,755,,,各高校招生网/高考 100,2026-03-06T09:47:40.037788,TRUE,2020年
10248,上海交通大学,上海,14,山西,2020,文科,一批,455,625,170,467,637,326,641,607,,,各高校招生网/高考 100,2026-03-06T09:47:40.037788,TRUE,2020年
10248,上海交通大学,上海,15,内蒙古,2020,理科,一批,455,653,198,128,662,89,677,166,,,各高校招生网/高考 100,2026-03-06T09:47:40.037788,TRUE,2020年
10248,上海交通大学,上海,15,内蒙古,2020,文科,一批,445,625,180,62,640,43,656,80,,,各高校招生网/高考 100,2026-03-06T09:47:40.037788,TRUE,2020年
10248,上海交通大学,上海,21,辽宁,2020,理科,一批,470,653,183,271,657,189,678,352,,,各高校招生网/高考 100,2026-03-06T09:47:40.037788,TRUE,2020年
10248,上海交通大学,上海,21,辽宁,2020,文科,一批,460,625,165,149,640,104,660,193,,,各高校招生网/高考 100,2026-03-06T09:47:40.037788,TRUE,2020年
10248,上海交通大学,上海,22,吉林,2020,理科,一批,460,653,193,332,665,232,692,431,,,各高校招生网/高考 100,2026-03-06T09:47:40.037788,TRUE,2020年
10248,上海交通大学,上海,22,吉林,2020,文科,一批,450,625,175,178,633,124,651,231,,,各高校招生网/高考 100,2026-03-06T09:47:40.037788,TRUE,2020年
10248,上海交通大学,上海,23,黑龙江,2020,理科,一批,465,653,188,507,668,354,693,659,,,各高校招生网/高考 100,2026-03-06T09:47:40.037788,TRUE,2020年
10248,上海交通大学,上海,23,黑龙江,2020,文科,一批,455,625,170,174,631,121,651,226,,,各高校招生网/高考 100,2026-03-06T09:47:40.037788,TRUE,2020年
10248,上海交通大学,上海,31,上海,2020,综合,本科批,470,653,183,327,660,228,680,425,,,各高校招生网/高考 100,2026-03-06T09:47:40.037788,TRUE,2020年
10248,上海交通大学,上海,32,江苏,2020,理科,一批,485,653,168,850,657,595,675,1105,,,各高校招生网/高考 100,2026-03-06T09:47:40.037788,TRUE,2020年
10248,上海交通大学,上海,32,江苏,2020,文科,一批,475,625,150,214,634,149,648,278,,,各高校招生网/高考 100,2026-03-06T09:47:40.037788,TRUE,2020年
10248,上海交通大学,上海,33,浙江,2020,综合,本科批,490,653,163,733,666,513,678,952,,,各高校招生网/高考 100,2026-03-06T09:47:40.037788,TRUE,2020年
10248,上海交通大学,上海,34,安徽,2020,理科,一批,480,653,173,640,664,448,669,832,,,各高校招生网/高考 100,2026-03-06T09:47:40.037788,TRUE,2020年
10248,上海交通大学,上海,34,安徽,2020,文科,一批,470,625,155,80,637,56,657,104,,,各高校招生网/高考 100,2026-03-06T09:47:40.037788,TRUE,2020年
10248,上海交通大学,上海,35,福建,2020,理科,一批,475,653,178,179,660,125,682,232,,,各高校招生网/高考 100,2026-03-06T09:47:40.037788,TRUE,2020年
10248,上海交通大学,上海,35,福建,2020,文科,一批,465,625,160,283,640,198,651,367,,,各高校招生网/高考 100,2026-03-06T09:47:40.037788,TRUE,2020年
10248,上海交通大学,上海,36,江西,2020,理科,一批,470,653,183,617,666,431,676,802,,,各高校招生网/高考 100,2026-03-06T09:47:40.037788,TRUE,2020年
10248,上海交通大学,上海,36,江西,2020,文科,一批,460,625,165,296,632,207,663,384,,,各高校招生网/高考 100,2026-03-06T09:47:40.037788,TRUE,2020年
10248,上海交通大学,上海,37,山东,2020,理科,一批,490,653,163,965,658,675,691,1254,,,各高校招生网/高考 100,2026-03-06T09:47:40.037788,TRUE,2020年
10248,上海交通大学,上海,37,山东,2020,文科,一批,480,625,145,335,634,234,642,435,,,各高校招生网/高考 100,2026-03-06T09:47:40.037788,TRUE,2020年
10248,上海交通大学,上海,41,河南,2020,理科,一批,500,653,153,1151,665,805,671,1496,,,各高校招生网/高考 100,2026-03-06T09:47:40.037788,TRUE,2020年
10248,上海交通大学,上海,41,河南,2020,文科,一批,490,625,135,356,631,249,641,462,,,各高校招生网/高考 100,2026-03-06T09:47:40.037788,TRUE,2020年
10248,上海交通大学,上海,42,湖北,2020,理科,一批,485,653,168,539,658,377,691,700,,,各高校招生网/高考 100,2026-03-06T09:47:40.037788,TRUE,2020年
10248,上海交通大学,上海,42,湖北,2020,文科,一批,475,625,150,320,633,224,657,416,,,各高校招生网/高考 100,2026-03-06T09:47:40.037788,TRUE,2020年
10248,上海交通大学,上海,43,湖南,2020,理科,一批,480,653,173,486,657,340,687,631,,,各高校招生网/高考 100,2026-03-06T09:47:40.037788,TRUE,2020年
10248,上海交通大学,上海,43,湖南,2020,文科,一批,470,625,155,327,631,228,640,425,,,各高校招生网/高考 100,2026-03-06T09:47:40.037788,TRUE,2020年
10248,上海交通大学,上海,44,广东,2020,理科,一批,495,653,158,291,658,203,672,378,,,各高校招生网/高考 100,2026-03-06T09:47:40.037788,TRUE,2020年
10248,上海交通大学,上海,44,广东,2020,文科,一批,485,625,140,589,634,412,646,765,,,各高校招生网/高考 100,2026-03-06T09:47:40.037788,TRUE,2020年
10248,上海交通大学,上海,45,广西,2020,理科,一批,465,653,188,171,659,119,677,222,,,各高校招生网/高考 100,2026-03-06T09:47:40.037788,TRUE,2020年
10248,上海交通大学,上海,45,广西,2020,文科,一批,455,625,170,161,632,112,651,209,,,各高校招生网/高考 100,2026-03-06T09:47:40.037788,TRUE,2020年
10248,上海交通大学,上海,46,海南,2020,理科,一批,475,653,178,31,656,21,691,40,,,各高校招生网/高考 100,2026-03-06T09:47:40.037788,TRUE,2020年
10248,上海交通大学,上海,46,海南,2020,文科,一批,465,625,160,140,636,98,646,182,,,各高校招生网/高考 100,2026-03-06T09:47:40.037788,TRUE,2020年
10248,上海交通大学,上海,50,重庆,2020,理科,一批,480,653,173,219,667,153,690,284,,,各高校招生网/高考 100,2026-03-06T09:47:40.037788,TRUE,2020年
10248,上海交通大学,上海,50,重庆,2020,文科,一批,470,625,155,98,637,68,647,127,,,各高校招生网/高考 100,2026-03-06T09:47:40.037788,TRUE,2020年
10248,上海交通大学,上海,51,四川,2020,理科,一批,495,653,158,245,668,171,674,318,,,各高校招生网/高考 100,2026-03-06T09:47:40.037788,TRUE,2020年
10248,上海交通大学,上海,51,四川,2020,文科,一批,485,625,140,414,632,289,640,538,,,各高校招生网/高考 100,2026-03-06T09:47:40.037788,TRUE,2020年
10248,上海交通大学,上海,52,贵州,2020,理科,一批,470,653,183,330,656,230,673,429,,,各高校招生网/高考 100,2026-03-06T09:47:40.037788,TRUE,2020年
10248,上海交通大学,上海,52,贵州,2020,文科,一批,460,625,165,331,640,231,663,430,,,各高校招生网/高考 100,2026-03-06T09:47:40.037788,TRUE,2020年
10248,上海交通大学,上海,53,云南,2020,理科,一批,475,653,178,156,668,109,680,202,,,各高校招生网/高考 100,2026-03-06T09:47:40.037788,TRUE,2020年
10248,上海交通大学,上海,53,云南,2020,文科,一批,465,625,160,235,635,164,653,305,,,各高校招生网/高考 100,2026-03-06T09:47:40.037788,TRUE,2020年
10248,上海交通大学,上海,54,西藏,2020,理科,一批,425,653,228,66,665,46,683,85,,,各高校招生网/高考 100,2026-03-06T09:47:40.037788,TRUE,2020年
10248,上海交通大学,上海,54,西藏,2020,文科,一批,415,625,210,46,634,32,654,59,,,各高校招生网/高考 100,2026-03-06T09:47:40.037788,TRUE,2020年
10248,上海交通大学,上海,61,陕西,2020,理科,一批,485,653,168,797,659,557,673,1036,,,各高校招生网/高考 100,2026-03-06T09:47:40.037788,TRUE,2020年
10248,上海交通大学,上海,61,陕西,2020,文科,一批,475,625,150,205,630,143,641,266,,,各高校招生网/高考 100,2026-03-06T09:47:40.037788,TRUE,2020年
10248,上海交通大学,上海,62,甘肃,2020,理科,一批,460,653,193,237,656,165,675,308,,,各高校招生网/高考 100,2026-03-06T09:47:40.037788,TRUE,2020年
10248,上海交通大学,上海,62,甘肃,2020,文科,一批,450,625,175,60,640,42,648,78,,,各高校招生网/高考 100,2026-03-06T09:47:40.037788,TRUE,2020年
10248,上海交通大学,上海,63,青海,2020,理科,一批,445,653,208,39,666,27,683,50,,,各高校招生网/高考 100,2026-03-06T09:47:40.037788,TRUE,2020年
10248,上海交通大学,上海,63,青海,2020,文科,一批,435,625,190,64,630,44,654,83,,,各高校招生网/高考 100,2026-03-06T09:47:40.037788,TRUE,2020年
10248,上海交通大学,上海,64,宁夏,2020,理科,一批,450,653,203,61,657,42,689,79,,,各高校招生网/高考 100,2026-03-06T09:47:40.037788,TRUE,2020年
10248,上海交通大学,上海,64,宁夏,2020,文科,一批,440,625,185,138,635,96,658,179,,,各高校招生网/高考 100,2026-03-06T09:47:40.037788,TRUE,2020年
10248,上海交通大学,上海,65,新疆,2020,理科,一批,455,653,198,97,656,67,674,126,,,各高校招生网/高考 100,2026-03-06T09:47:40.037788,TRUE,2020年
10248,上海交通大学,上海,65,新疆,2020,文科,一批,445,625,180,215,636,150,644,279,,,各高校招生网/高考 100,2026-03-06T09:47:40.037788,TRUE,2020年
10335,浙江大学,浙江,11,北京,2023,综合,本科批,505,665,160,234,677,163,695,304,,,各高校招生网/高考 100,2026-03-06T09:47:40.037788,TRUE,2023年
10335,浙江大学,浙江,12,天津,2023,综合,本科批,495,665,170,224,678,156,697,291,,,各高校招生网/高考 100,2026-03-06T09:47:40.037788,TRUE,2023年
10335,浙江大学,浙江,13,河北,2023,理科,一批,490,665,175,247,672,172,693,321,,,各高校招生网/高考 100,2026-03-06T09:47:40.037788,TRUE,2023年
10335,浙江大学,浙江,13,河北,2023,文科,一批,480,640,160,106,652,74,655,137,,,各高校招生网/高考 100,2026-03-06T09:47:40.037788,TRUE,2023年
10335,浙江大学,浙江,14,山西,2023,理科,一批,480,665,185,483,679,338,701,627,,,各高校招生网/高考 100,2026-03-06T09:47:40.037788,TRUE,2023年
10335,浙江大学,浙江,14,山西,2023,文科,一批,470,640,170,228,645,159,668,296,,,各高校招生网/高考 100,2026-03-06T09:47:40.037788,TRUE,2023年
10335,浙江大学,浙江,15,内蒙古,2023,理科,一批,470,665,195,183,679,128,692,237,,,各高校招生网/高考 100,2026-03-06T09:47:40.037788,TRUE,2023年
10335,浙江大学,浙江,15,内蒙古,2023,文科,一批,460,640,180,161,651,112,672,209,,,各高校招生网/高考 100,2026-03-06T09:47:40.037788,TRUE,2023年
10335,浙江大学,浙江,21,辽宁,2023,理科,一批,485,665,180,698,675,488,680,907,,,各高校招生网/高考 100,2026-03-06T09:47:40.037788,TRUE,2023年
10335,浙江大学,浙江,21,辽宁,2023,文科,一批,475,640,165,161,649,112,678,209,,,各高校招生网/高考 100,2026-03-06T09:47:40.037788,TRUE,2023年
10335,浙江大学,浙江,22,吉林,2023,理科,一批,475,665,190,221,680,154,689,287,,,各高校招生网/高考 100,2026-03-06T09:47:40.037788,TRUE,2023年
10335,浙江大学,浙江,22,吉林,2023,文科,一批,465,640,175,105,647,73,666,136,,,各高校招生网/高考 100,2026-03-06T09:47:40.037788,TRUE,2023年
10335,浙江大学,浙江,23,黑龙江,2023,理科,一批,480,665,185,486,679,340,695,631,,,各高校招生网/高考 100,2026-03-06T09:47:40.037788,TRUE,2023年
10335,浙江大学,浙江,23,黑龙江,2023,文科,一批,470,640,170,254,651,177,674,330,,,各高校招生网/高考 100,2026-03-06T09:47:40.037788,TRUE,2023年
10335,浙江大学,浙江,31,上海,2023,综合,本科批,485,665,180,426,671,298,687,553,,,各高校招生网/高考 100,2026-03-06T09:47:40.037788,TRUE,2023年
10335,浙江大学,浙江,32,江苏,2023,理科,一批,500,665,165,644,675,450,691,837,,,各高校招生网/高考 100,2026-03-06T09:47:40.037788,TRUE,2023年
10335,浙江大学,浙江,32,江苏,2023,文科,一批,490,640,150,144,646,100,674,187,,,各高校招生网/高考 100,2026-03-06T09:47:40.037788,TRUE,2023年
10335,浙江大学,浙江,33,浙江,2023,综合,本科批,505,665,160,606,671,424,705,787,,,各高校招生网/高考 100,2026-03-06T09:47:40.037788,TRUE,2023年
10335,浙江大学,浙江,34,安徽,2023,理科,一批,495,665,170,462,676,323,694,600,,,各高校招生网/高考 100,2026-03-06T09:47:40.037788,TRUE,2023年
10335,浙江大学,浙江,34,安徽,2023,文科,一批,485,640,155,572,654,400,673,743,,,各高校招生网/高考 100,2026-03-06T09:47:40.037788,TRUE,2023年
10335,浙江大学,浙江,35,福建,2023,理科,一批,490,665,175,429,678,300,698,557,,,各高校招生网/高考 100,2026-03-06T09:47:40.037788,TRUE,2023年
10335,浙江大学,浙江,35,福建,2023,文科,一批,480,640,160,214,655,149,668,278,,,各高校招生网/高考 100,2026-03-06T09:47:40.037788,TRUE,2023年
10335,浙江大学,浙江,36,江西,2023,理科,一批,485,665,180,659,670,461,684,856,,,各高校招生网/高考 100,2026-03-06T09:47:40.037788,TRUE,2023年
10335,浙江大学,浙江,36,江西,2023,文科,一批,475,640,165,233,647,163,675,302,,,各高校招生网/高考 100,2026-03-06T09:47:40.037788,TRUE,2023年
10335,浙江大学,浙江,37,山东,2023,理科,一批,505,665,160,179,676,125,700,232,,,各高校招生网/高考 100,2026-03-06T09:47:40.037788,TRUE,2023年
10335,浙江大学,浙江,37,山东,2023,文科,一批,495,640,145,649,648,454,677,843,,,各高校招生网/高考 100,2026-03-06T09:47:40.037788,TRUE,2023年
10335,浙江大学,浙江,41,河南,2023,理科,一批,515,665,150,1097,678,767,694,1426,,,各高校招生网/高考 100,2026-03-06T09:47:40.037788,TRUE,2023年
10335,浙江大学,浙江,41,河南,2023,文科,一批,505,640,135,268,645,187,666,348,,,各高校招生网/高考 100,2026-03-06T09:47:40.037788,TRUE,2023年
10335,浙江大学,浙江,42,湖北,2023,理科,一批,500,665,165,731,679,511,696,950,,,各高校招生网/高考 100,2026-03-06T09:47:40.037788,TRUE,2023年
10335,浙江大学,浙江,42,湖北,2023,文科,一批,490,640,150,347,649,242,671,451,,,各高校招生网/高考 100,2026-03-06T09:47:40.037788,TRUE,2023年
10335,浙江大学,浙江,43,湖南,2023,理科,一批,495,665,170,698,671,488,703,907,,,各高校招生网/高考 100,2026-03-06T09:47:40.037788,TRUE,2023年
10335,浙江大学,浙江,43,湖南,2023,文科,一批,485,640,155,131,654,91,663,170,,,各高校招生网/高考 100,2026-03-06T09:47:40.037788,TRUE,2023年
10335,浙江大学,浙江,44,广东,2023,理科,一批,510,665,155,1180,677,826,691,1534,,,各高校招生网/高考 100,2026-03-06T09:47:40.037788,TRUE,2023年
10335,浙江大学,浙江,44,广东,2023,文科,一批,500,640,140,536,650,375,673,696,,,各高校招生网/高考 100,2026-03-06T09:47:40.037788,TRUE,2023年
10335,浙江大学,浙江,45,广西,2023,理科,一批,480,665,185,309,673,216,703,401,,,各高校招生网/高考 100,2026-03-06T09:47:40.037788,TRUE,2023年
10335,浙江大学,浙江,45,广西,2023,文科,一批,470,640,170,167,652,116,662,217,,,各高校招生网/高考 100,2026-03-06T09:47:40.037788,TRUE,2023年
10335,浙江大学,浙江,46,海南,2023,理科,一批,490,665,175,35,671,24,699,45,,,各高校招生网/高考 100,2026-03-06T09:47:40.037788,TRUE,2023年
10335,浙江大学,浙江,46,海南,2023,文科,一批,480,640,160,145,655,101,671,188,,,各高校招生网/高考 100,2026-03-06T09:47:40.037788,TRUE,2023年
10335,浙江大学,浙江,50,重庆,2023,理科,一批,495,665,170,484,671,338,690,629,,,各高校招生网/高考 100,2026-03-06T09:47:40.037788,TRUE,2023年
10335,浙江大学,浙江,50,重庆,2023,文科,一批,485,640,155,220,651,154,678,286,,,各高校招生网/高考 100,2026-03-06T09:47:40.037788,TRUE,2023年
10335,浙江大学,浙江,51,四川,2023,理科,一批,510,665,155,849,671,594,699,1103,,,各高校招生网/高考 100,2026-03-06T09:47:40.037788,TRUE,2023年
10335,浙江大学,浙江,51,四川,2023,文科,一批,500,640,140,667,643,466,657,867,,,各高校招生网/高考 100,2026-03-06T09:47:40.037788,TRUE,2023年
10335,浙江大学,浙江,52,贵州,2023,理科,一批,485,665,180,429,675,300,687,557,,,各高校招生网/高考 100,2026-03-06T09:47:40.037788,TRUE,2023年
10335,浙江大学,浙江,52,贵州,2023,文科,一批,475,640,165,158,651,110,673,205,,,各高校招生网/高考 100,2026-03-06T09:47:40.037788,TRUE,2023年
10335,浙江大学,浙江,53,云南,2023,理科,一批,490,665,175,315,673,220,680,409,,,各高校招生网/高考 100,2026-03-06T09:47:40.037788,TRUE,2023年
10335,浙江大学,浙江,53,云南,2023,文科,一批,480,640,160,282,649,197,673,366,,,各高校招生网/高考 100,2026-03-06T09:47:40.037788,TRUE,2023年
10335,浙江大学,浙江,54,西藏,2023,理科,一批,440,665,225,73,668,51,699,94,,,各高校招生网/高考 100,2026-03-06T09:47:40.037788,TRUE,2023年
10335,浙江大学,浙江,54,西藏,2023,文科,一批,430,640,210,47,643,32,656,61,,,各高校招生网/高考 100,2026-03-06T09:47:40.037788,TRUE,2023年
10335,浙江大学,浙江,61,陕西,2023,理科,一批,500,665,165,749,677,524,697,973,,,各高校招生网/高考 100,2026-03-06T09:47:40.037788,TRUE,2023年
10335,浙江大学,浙江,61,陕西,2023,文科,一批,490,640,150,337,655,235,662,438,,,各高校招生网/高考 100,2026-03-06T09:47:40.037788,TRUE,2023年
10335,浙江大学,浙江,62,甘肃,2023,理科,一批,475,665,190,368,669,257,692,478,,,各高校招生网/高考 100,2026-03-06T09:47:40.037788,TRUE,2023年
10335,浙江大学,浙江,62,甘肃,2023,文科,一批,465,640,175,160,655,112,680,208,,,各高校招生网/高考 100,2026-03-06T09:47:40.037788,TRUE,2023年
10335,浙江大学,浙江,63,青海,2023,理科,一批,460,665,205,76,680,53,696,98,,,各高校招生网/高考 100,2026-03-06T09:47:40.037788,TRUE,2023年
10335,浙江大学,浙江,63,青海,2023,文科,一批,450,640,190,54,648,37,676,70,,,各高校招生网/高考 100,2026-03-06T09:47:40.037788,TRUE,2023年
10335,浙江大学,浙江,64,宁夏,2023,理科,一批,465,665,200,144,672,100,687,187,,,各高校招生网/高考 100,2026-03-06T09:47:40.037788,TRUE,2023年
10335,浙江大学,浙江,64,宁夏,2023,文科,一批,455,640,185,52,650,36,675,67,,,各高校招生网/高考 100,2026-03-06T09:47:40.037788,TRUE,2023年
10335,浙江大学,浙江,65,新疆,2023,理科,一批,470,665,195,369,673,258,686,479,,,各高校招生网/高考 100,2026-03-06T09:47:40.037788,TRUE,2023年
10335,浙江大学,浙江,65,新疆,2023,文科,一批,460,640,180,130,648,91,657,169,,,各高校招生网/高考 100,2026-03-06T09:47:40.037788,TRUE,2023年
10335,浙江大学,浙江,11,北京,2022,综合,本科批,500,660,160,389,670,272,699,505,,,各高校招生网/高考 100,2026-03-06T09:47:40.037788,TRUE,2022年
10335,浙江大学,浙江,12,天津,2022,综合,本科批,490,660,170,586,670,410,689,761,,,各高校招生网/高考 100,2026-03-06T09:47:40.037788,TRUE,2022年
10335,浙江大学,浙江,13,河北,2022,理科,一批,485,660,175,848,668,593,683,1102,,,各高校招生网/高考 100,2026-03-06T09:47:40.037788,TRUE,2022年
10335,浙江大学,浙江,13,河北,2022,文科,一批,475,635,160,350,647,244,671,455,,,各高校招生网/高考 100,2026-03-06T09:47:40.037788,TRUE,2022年
10335,浙江大学,浙江,14,山西,2022,理科,一批,475,660,185,175,673,122,695,227,,,各高校招生网/高考 100,2026-03-06T09:47:40.037788,TRUE,2022年
10335,浙江大学,浙江,14,山西,2022,文科,一批,465,635,170,170,642,118,657,221,,,各高校招生网/高考 100,2026-03-06T09:47:40.037788,TRUE,2022年
10335,浙江大学,浙江,15,内蒙古,2022,理科,一批,465,660,195,404,670,282,685,525,,,各高校招生网/高考 100,2026-03-06T09:47:40.037788,TRUE,2022年
10335,浙江大学,浙江,15,内蒙古,2022,文科,一批,455,635,180,77,644,53,651,100,,,各高校招生网/高考 100,2026-03-06T09:47:40.037788,TRUE,2022年
10335,浙江大学,浙江,21,辽宁,2022,理科,一批,480,660,180,363,668,254,685,471,,,各高校招生网/高考 100,2026-03-06T09:47:40.037788,TRUE,2022年
10335,浙江大学,浙江,21,辽宁,2022,文科,一批,470,635,165,427,649,298,660,555,,,各高校招生网/高考 100,2026-03-06T09:47:40.037788,TRUE,2022年
10335,浙江大学,浙江,22,吉林,2022,理科,一批,470,660,190,451,664,315,690,586,,,各高校招生网/高考 100,2026-03-06T09:47:40.037788,TRUE,2022年
10335,浙江大学,浙江,22,吉林,2022,文科,一批,460,635,175,360,648,251,661,468,,,各高校招生网/高考 100,2026-03-06T09:47:40.037788,TRUE,2022年
10335,浙江大学,浙江,23,黑龙江,2022,理科,一批,475,660,185,534,663,373,697,694,,,各高校招生网/高考 100,2026-03-06T09:47:40.037788,TRUE,2022年
10335,浙江大学,浙江,23,黑龙江,2022,文科,一批,465,635,170,266,638,186,656,345,,,各高校招生网/高考 100,2026-03-06T09:47:40.037788,TRUE,2022年
10335,浙江大学,浙江,31,上海,2022,综合,本科批,480,660,180,157,667,109,684,204,,,各高校招生网/高考 100,2026-03-06T09:47:40.037788,TRUE,2022年
10335,浙江大学,浙江,32,江苏,2022,理科,一批,495,660,165,606,673,424,689,787,,,各高校招生网/高考 100,2026-03-06T09:47:40.037788,TRUE,2022年
10335,浙江大学,浙江,32,江苏,2022,文科,一批,485,635,150,306,639,214,662,397,,,各高校招生网/高考 100,2026-03-06T09:47:40.037788,TRUE,2022年
10335,浙江大学,浙江,33,浙江,2022,综合,本科批,500,660,160,524,667,366,677,681,,,各高校招生网/高考 100,2026-03-06T09:47:40.037788,TRUE,2022年
10335,浙江大学,浙江,34,安徽,2022,理科,一批,490,660,170,149,671,104,692,193,,,各高校招生网/高考 100,2026-03-06T09:47:40.037788,TRUE,2022年
10335,浙江大学,浙江,34,安徽,2022,文科,一批,480,635,155,112,646,78,671,145,,,各高校招生网/高考 100,2026-03-06T09:47:40.037788,TRUE,2022年
10335,浙江大学,浙江,35,福建,2022,理科,一批,485,660,175,366,675,256,690,475,,,各高校招生网/高考 100,2026-03-06T09:47:40.037788,TRUE,2022年
10335,浙江大学,浙江,35,福建,2022,文科,一批,475,635,160,244,647,170,667,317,,,各高校招生网/高考 100,2026-03-06T09:47:40.037788,TRUE,2022年
10335,浙江大学,浙江,36,江西,2022,理科,一批,480,660,180,722,667,505,682,938,,,各高校招生网/高考 100,2026-03-06T09:47:40.037788,TRUE,2022年
10335,浙江大学,浙江,36,江西,2022,文科,一批,470,635,165,456,645,319,651,592,,,各高校招生网/高考 100,2026-03-06T09:47:40.037788,TRUE,2022年
10335,浙江大学,浙江,37,山东,2022,理科,一批,500,660,160,869,665,608,678,1129,,,各高校招生网/高考 100,2026-03-06T09:47:40.037788,TRUE,2022年
10335,浙江大学,浙江,37,山东,2022,文科,一批,490,635,145,653,650,457,659,848,,,各高校招生网/高考 100,2026-03-06T09:47:40.037788,TRUE,2022年
10335,浙江大学,浙江,41,河南,2022,理科,一批,510,660,150,1451,670,1015,676,1886,,,各高校招生网/高考 100,2026-03-06T09:47:40.037788,TRUE,2022年
10335,浙江大学,浙江,41,河南,2022,文科,一批,500,635,135,1026,638,718,658,1333,,,各高校招生网/高考 100,2026-03-06T09:47:40.037788,TRUE,2022年
10335,浙江大学,浙江,42,湖北,2022,理科,一批,495,660,165,250,674,175,679,325,,,各高校招生网/高考 100,2026-03-06T09:47:40.037788,TRUE,2022年
10335,浙江大学,浙江,42,湖北,2022,文科,一批,485,635,150,543,638,380,675,705,,,各高校招生网/高考 100,2026-03-06T09:47:40.037788,TRUE,2022年
10335,浙江大学,浙江,43,湖南,2022,理科,一批,490,660,170,861,668,602,691,1119,,,各高校招生网/高考 100,2026-03-06T09:47:40.037788,TRUE,2022年
10335,浙江大学,浙江,43,湖南,2022,文科,一批,480,635,155,474,646,331,655,616,,,各高校招生网/高考 100,2026-03-06T09:47:40.037788,TRUE,2022年
10335,浙江大学,浙江,44,广东,2022,理科,一批,505,660,155,774,664,541,696,1006,,,各高校招生网/高考 100,2026-03-06T09:47:40.037788,TRUE,2022年
10335,浙江大学,浙江,44,广东,2022,文科,一批,495,635,140,374,639,261,650,486,,,各高校招生网/高考 100,2026-03-06T09:47:40.037788,TRUE,2022年
10335,浙江大学,浙江,45,广西,2022,理科,一批,475,660,185,262,666,183,699,340,,,各高校招生网/高考 100,2026-03-06T09:47:40.037788,TRUE,2022年
10335,浙江大学,浙江,45,广西,2022,文科,一批,465,635,170,367,639,256,662,477,,,各高校招生网/高考 100,2026-03-06T09:47:40.037788,TRUE,2022年
10335,浙江大学,浙江,46,海南,2022,理科,一批,485,660,175,242,675,169,693,314,,,各高校招生网/高考 100,2026-03-06T09:47:40.037788,TRUE,2022年
10335,浙江大学,浙江,46,海南,2022,文科,一批,475,635,160,38,640,26,657,49,,,各高校招生网/高考 100,2026-03-06T09:47:40.037788,TRUE,2022年
10335,浙江大学,浙江,50,重庆,2022,理科,一批,490,660,170,446,673,312,683,579,,,各高校招生网/高考 100,2026-03-06T09:47:40.037788,TRUE,2022年
10335,浙江大学,浙江,50,重庆,2022,文科,一批,480,635,155,236,646,165,653,306,,,各高校招生网/高考 100,2026-03-06T09:47:40.037788,TRUE,2022年
10335,浙江大学,浙江,51,四川,2022,理科,一批,505,660,155,1154,665,807,679,1500,,,各高校招生网/高考 100,2026-03-06T09:47:40.037788,TRUE,2022年
10335,浙江大学,浙江,51,四川,2022,文科,一批,495,635,140,166,650,116,655,215,,,各高校招生网/高考 100,2026-03-06T09:47:40.037788,TRUE,2022年
10335,浙江大学,浙江,52,贵州,2022,理科,一批,480,660,180,193,675,135,688,250,,,各高校招生网/高考 100,2026-03-06T09:47:40.037788,TRUE,2022年
10335,浙江大学,浙江,52,贵州,2022,文科,一批,470,635,165,355,645,248,652,461,,,各高校招生网/高考 100,2026-03-06T09:47:40.037788,TRUE,2022年
10335,浙江大学,浙江,53,云南,2022,理科,一批,485,660,175,176,670,123,687,228,,,各高校招生网/高考 100,2026-03-06T09:47:40.037788,TRUE,2022年
10335,浙江大学,浙江,53,云南,2022,文科,一批,475,635,160,328,641,229,672,426,,,各高校招生网/高考 100,2026-03-06T09:47:40.037788,TRUE,2022年
10335,浙江大学,浙江,54,西藏,2022,理科,一批,435,660,225,46,675,32,689,59,,,各高校招生网/高考 100,2026-03-06T09:47:40.037788,TRUE,2022年
10335,浙江大学,浙江,54,西藏,2022,文科,一批,425,635,210,36,650,25,658,46,,,各高校招生网/高考 100,2026-03-06T09:47:40.037788,TRUE,2022年
10335,浙江大学,浙江,61,陕西,2022,理科,一批,495,660,165,832,672,582,698,1081,,,各高校招生网/高考 100,2026-03-06T09:47:40.037788,TRUE,2022年
10335,浙江大学,浙江,61,陕西,2022,文科,一批,485,635,150,504,647,352,660,655,,,各高校招生网/高考 100,2026-03-06T09:47:40.037788,TRUE,2022年
10335,浙江大学,浙江,62,甘肃,2022,理科,一批,470,660,190,331,669,231,678,430,,,各高校招生网/高考 100,2026-03-06T09:47:40.037788,TRUE,2022年
10335,浙江大学,浙江,62,甘肃,2022,文科,一批,460,635,175,96,649,67,670,124,,,各高校招生网/高考 100,2026-03-06T09:47:40.037788,TRUE,2022年
10335,浙江大学,浙江,63,青海,2022,理科,一批,455,660,205,113,668,79,698,146,,,各高校招生网/高考 100,2026-03-06T09:47:40.037788,TRUE,2022年
10335,浙江大学,浙江,63,青海,2022,文科,一批,445,635,190,74,643,51,654,96,,,各高校招生网/高考 100,2026-03-06T09:47:40.037788,TRUE,2022年
10335,浙江大学,浙江,64,宁夏,2022,理科,一批,460,660,200,109,663,76,695,141,,,各高校招生网/高考 100,2026-03-06T09:47:40.037788,TRUE,2022年
10335,浙江大学,浙江,64,宁夏,2022,文科,一批,450,635,185,46,645,32,656,59,,,各高校招生网/高考 100,2026-03-06T09:47:40.037788,TRUE,2022年
10335,浙江大学,浙江,65,新疆,2022,理科,一批,465,660,195,355,670,248,696,461,,,各高校招生网/高考 100,2026-03-06T09:47:40.037788,TRUE,2022年
10335,浙江大学,浙江,65,新疆,2022,文科,一批,455,635,180,95,640,66,653,123,,,各高校招生网/高考 100,2026-03-06T09:47:40.037788,TRUE,2022年
10335,浙江大学,浙江,11,北京,2021,综合,本科批,495,655,160,77,659,53,688,100,,,各高校招生网/高考 100,2026-03-06T09:47:40.037788,TRUE,2021年
10335,浙江大学,浙江,12,天津,2021,综合,本科批,485,655,170,662,658,463,684,860,,,各高校招生网/高考 100,2026-03-06T09:47:40.037788,TRUE,2021年
10335,浙江大学,浙江,13,河北,2021,理科,一批,480,655,175,380,670,266,686,494,,,各高校招生网/高考 100,2026-03-06T09:47:40.037788,TRUE,2021年
10335,浙江大学,浙江,13,河北,2021,文科,一批,470,630,160,422,639,295,646,548,,,各高校招生网/高考 100,2026-03-06T09:47:40.037788,TRUE,2021年
10335,浙江大学,浙江,14,山西,2021,理科,一批,470,655,185,216,670,151,683,280,,,各高校招生网/高考 100,2026-03-06T09:47:40.037788,TRUE,2021年
10335,浙江大学,浙江,14,山西,2021,文科,一批,460,630,170,241,645,168,670,313,,,各高校招生网/高考 100,2026-03-06T09:47:40.037788,TRUE,2021年
10335,浙江大学,浙江,15,内蒙古,2021,理科,一批,460,655,195,289,668,202,682,375,,,各高校招生网/高考 100,2026-03-06T09:47:40.037788,TRUE,2021年
10335,浙江大学,浙江,15,内蒙古,2021,文科,一批,450,630,180,288,634,201,666,374,,,各高校招生网/高考 100,2026-03-06T09:47:40.037788,TRUE,2021年
10335,浙江大学,浙江,21,辽宁,2021,理科,一批,475,655,180,688,665,481,678,894,,,各高校招生网/高考 100,2026-03-06T09:47:40.037788,TRUE,2021年
10335,浙江大学,浙江,21,辽宁,2021,文科,一批,465,630,165,413,643,289,649,536,,,各高校招生网/高考 100,2026-03-06T09:47:40.037788,TRUE,2021年
10335,浙江大学,浙江,22,吉林,2021,理科,一批,465,655,190,208,670,145,673,270,,,各高校招生网/高考 100,2026-03-06T09:47:40.037788,TRUE,2021年
10335,浙江大学,浙江,22,吉林,2021,文科,一批,455,630,175,226,635,158,645,293,,,各高校招生网/高考 100,2026-03-06T09:47:40.037788,TRUE,2021年
10335,浙江大学,浙江,23,黑龙江,2021,理科,一批,470,655,185,496,670,347,691,644,,,各高校招生网/高考 100,2026-03-06T09:47:40.037788,TRUE,2021年
10335,浙江大学,浙江,23,黑龙江,2021,文科,一批,460,630,170,160,634,112,659,208,,,各高校招生网/高考 100,2026-03-06T09:47:40.037788,TRUE,2021年
10335,浙江大学,浙江,31,上海,2021,综合,本科批,475,655,180,173,664,121,676,224,,,各高校招生网/高考 100,2026-03-06T09:47:40.037788,TRUE,2021年
10335,浙江大学,浙江,32,江苏,2021,理科,一批,490,655,165,267,664,186,671,347,,,各高校招生网/高考 100,2026-03-06T09:47:40.037788,TRUE,2021年
10335,浙江大学,浙江,32,江苏,2021,文科,一批,480,630,150,160,640,112,656,208,,,各高校招生网/高考 100,2026-03-06T09:47:40.037788,TRUE,2021年
10335,浙江大学,浙江,33,浙江,2021,综合,本科批,495,655,160,870,669,609,680,1131,,,各高校招生网/高考 100,2026-03-06T09:47:40.037788,TRUE,2021年
10335,浙江大学,浙江,34,安徽,2021,理科,一批,485,655,170,862,670,603,694,1120,,,各高校招生网/高考 100,2026-03-06T09:47:40.037788,TRUE,2021年
10335,浙江大学,浙江,34,安徽,2021,文科,一批,475,630,155,650,639,454,653,845,,,各高校招生网/高考 100,2026-03-06T09:47:40.037788,TRUE,2021年
10335,浙江大学,浙江,35,福建,2021,理科,一批,480,655,175,123,666,86,695,159,,,各高校招生网/高考 100,2026-03-06T09:47:40.037788,TRUE,2021年
10335,浙江大学,浙江,35,福建,2021,文科,一批,470,630,160,132,641,92,650,171,,,各高校招生网/高考 100,2026-03-06T09:47:40.037788,TRUE,2021年
10335,浙江大学,浙江,36,江西,2021,理科,一批,475,655,180,211,664,147,677,274,,,各高校招生网/高考 100,2026-03-06T09:47:40.037788,TRUE,2021年
10335,浙江大学,浙江,36,江西,2021,文科,一批,465,630,165,281,644,196,669,365,,,各高校招生网/高考 100,2026-03-06T09:47:40.037788,TRUE,2021年
10335,浙江大学,浙江,37,山东,2021,理科,一批,495,655,160,1257,664,879,694,1634,,,各高校招生网/高考 100,2026-03-06T09:47:40.037788,TRUE,2021年
10335,浙江大学,浙江,37,山东,2021,文科,一批,485,630,145,436,633,305,660,566,,,各高校招生网/高考 100,2026-03-06T09:47:40.037788,TRUE,2021年
10335,浙江大学,浙江,41,河南,2021,理科,一批,505,655,150,934,665,653,678,1214,,,各高校招生网/高考 100,2026-03-06T09:47:40.037788,TRUE,2021年
10335,浙江大学,浙江,41,河南,2021,文科,一批,495,630,135,198,643,138,654,257,,,各高校招生网/高考 100,2026-03-06T09:47:40.037788,TRUE,2021年
10335,浙江大学,浙江,42,湖北,2021,理科,一批,490,655,165,183,666,128,676,237,,,各高校招生网/高考 100,2026-03-06T09:47:40.037788,TRUE,2021年
10335,浙江大学,浙江,42,湖北,2021,文科,一批,480,630,150,167,643,116,663,217,,,各高校招生网/高考 100,2026-03-06T09:47:40.037788,TRUE,2021年
10335,浙江大学,浙江,43,湖南,2021,理科,一批,485,655,170,884,669,618,673,1149,,,各高校招生网/高考 100,2026-03-06T09:47:40.037788,TRUE,2021年
10335,浙江大学,浙江,43,湖南,2021,文科,一批,475,630,155,311,641,217,658,404,,,各高校招生网/高考 100,2026-03-06T09:47:40.037788,TRUE,2021年
10335,浙江大学,浙江,44,广东,2021,理科,一批,500,655,155,523,669,366,685,679,,,各高校招生网/高考 100,2026-03-06T09:47:40.037788,TRUE,2021年
10335,浙江大学,浙江,44,广东,2021,文科,一批,490,630,140,183,633,128,664,237,,,各高校招生网/高考 100,2026-03-06T09:47:40.037788,TRUE,2021年
10335,浙江大学,浙江,45,广西,2021,理科,一批,470,655,185,191,666,133,685,248,,,各高校招生网/高考 100,2026-03-06T09:47:40.037788,TRUE,2021年
10335,浙江大学,浙江,45,广西,2021,文科,一批,460,630,170,457,637,319,660,594,,,各高校招生网/高考 100,2026-03-06T09:47:40.037788,TRUE,2021年
10335,浙江大学,浙江,46,海南,2021,理科,一批,480,655,175,52,659,36,677,67,,,各高校招生网/高考 100,2026-03-06T09:47:40.037788,TRUE,2021年
10335,浙江大学,浙江,46,海南,2021,文科,一批,470,630,160,85,636,59,658,110,,,各高校招生网/高考 100,2026-03-06T09:47:40.037788,TRUE,2021年
10335,浙江大学,浙江,50,重庆,2021,理科,一批,485,655,170,297,666,207,683,386,,,各高校招生网/高考 100,2026-03-06T09:47:40.037788,TRUE,2021年
10335,浙江大学,浙江,50,重庆,2021,文科,一批,475,630,155,302,638,211,653,392,,,各高校招生网/高考 100,2026-03-06T09:47:40.037788,TRUE,2021年
10335,浙江大学,浙江,51,四川,2021,理科,一批,500,655,155,678,670,474,683,881,,,各高校招生网/高考 100,2026-03-06T09:47:40.037788,TRUE,2021年
10335,浙江大学,浙江,51,四川,2021,文科,一批,490,630,140,837,641,585,654,1088,,,各高校招生网/高考 100,2026-03-06T09:47:40.037788,TRUE,2021年
10335,浙江大学,浙江,52,贵州,2021,理科,一批,475,655,180,337,668,235,685,438,,,各高校招生网/高考 100,2026-03-06T09:47:40.037788,TRUE,2021年
10335,浙江大学,浙江,52,贵州,2021,文科,一批,465,630,165,440,639,308,648,572,,,各高校招生网/高考 100,2026-03-06T09:47:40.037788,TRUE,2021年
10335,浙江大学,浙江,53,云南,2021,理科,一批,480,655,175,461,668,322,674,599,,,各高校招生网/高考 100,2026-03-06T09:47:40.037788,TRUE,2021年
10335,浙江大学,浙江,53,云南,2021,文科,一批,470,630,160,108,635,75,667,140,,,各高校招生网/高考 100,2026-03-06T09:47:40.037788,TRUE,2021年
10335,浙江大学,浙江,54,西藏,2021,理科,一批,430,655,225,82,663,57,671,106,,,各高校招生网/高考 100,2026-03-06T09:47:40.037788,TRUE,2021年
10335,浙江大学,浙江,54,西藏,2021,文科,一批,420,630,210,39,635,27,657,50,,,各高校招生网/高考 100,2026-03-06T09:47:40.037788,TRUE,2021年
10335,浙江大学,浙江,61,陕西,2021,理科,一批,490,655,165,810,667,567,670,1053,,,各高校招生网/高考 100,2026-03-06T09:47:40.037788,TRUE,2021年
10335,浙江大学,浙江,61,陕西,2021,文科,一批,480,630,150,561,639,392,659,729,,,各高校招生网/高考 100,2026-03-06T09:47:40.037788,TRUE,2021年
10335,浙江大学,浙江,62,甘肃,2021,理科,一批,465,655,190,198,661,138,688,257,,,各高校招生网/高考 100,2026-03-06T09:47:40.037788,TRUE,2021年
10335,浙江大学,浙江,62,甘肃,2021,文科,一批,455,630,175,93,639,65,652,120,,,各高校招生网/高考 100,2026-03-06T09:47:40.037788,TRUE,2021年
10335,浙江大学,浙江,63,青海,2021,理科,一批,450,655,205,105,667,73,673,136,,,各高校招生网/高考 100,2026-03-06T09:47:40.037788,TRUE,2021年
10335,浙江大学,浙江,63,青海,2021,文科,一批,440,630,190,82,642,57,651,106,,,各高校招生网/高考 100,2026-03-06T09:47:40.037788,TRUE,2021年
10335,浙江大学,浙江,64,宁夏,2021,理科,一批,455,655,200,69,663,48,680,89,,,各高校招生网/高考 100,2026-03-06T09:47:40.037788,TRUE,2021年
10335,浙江大学,浙江,64,宁夏,2021,文科,一批,445,630,185,97,641,67,646,126,,,各高校招生网/高考 100,2026-03-06T09:47:40.037788,TRUE,2021年
10335,浙江大学,浙江,65,新疆,2021,理科,一批,460,655,195,172,665,120,671,223,,,各高校招生网/高考 100,2026-03-06T09:47:40.037788,TRUE,2021年
10335,浙江大学,浙江,65,新疆,2021,文科,一批,450,630,180,82,643,57,668,106,,,各高校招生网/高考 100,2026-03-06T09:47:40.037788,TRUE,2021年
10335,浙江大学,浙江,11,北京,2020,综合,本科批,490,650,160,182,665,127,679,236,,,各高校招生网/高考 100,2026-03-06T09:47:40.037788,TRUE,2020年
10335,浙江大学,浙江,12,天津,2020,综合,本科批,480,650,170,599,656,419,685,778,,,各高校招生网/高考 100,2026-03-06T09:47:40.037788,TRUE,2020年
10335,浙江大学,浙江,13,河北,2020,理科,一批,475,650,175,549,657,384,675,713,,,各高校招生网/高考 100,2026-03-06T09:47:40.037788,TRUE,2020年
10335,浙江大学,浙江,13,河北,2020,文科,一批,465,625,160,297,630,207,643,386,,,各高校招生网/高考 100,2026-03-06T09:47:40.037788,TRUE,2020年
10335,浙江大学,浙江,14,山西,2020,理科,一批,465,650,185,757,665,529,668,984,,,各高校招生网/高考 100,2026-03-06T09:47:40.037788,TRUE,2020年
10335,浙江大学,浙江,14,山西,2020,文科,一批,455,625,170,304,637,212,659,395,,,各高校招生网/高考 100,2026-03-06T09:47:40.037788,TRUE,2020年
10335,浙江大学,浙江,15,内蒙古,2020,理科,一批,455,650,195,230,659,161,677,299,,,各高校招生网/高考 100,2026-03-06T09:47:40.037788,TRUE,2020年
10335,浙江大学,浙江,15,内蒙古,2020,文科,一批,445,625,180,112,628,78,647,145,,,各高校招生网/高考 100,2026-03-06T09:47:40.037788,TRUE,2020年
10335,浙江大学,浙江,21,辽宁,2020,理科,一批,470,650,180,623,654,436,678,809,,,各高校招生网/高考 100,2026-03-06T09:47:40.037788,TRUE,2020年
10335,浙江大学,浙江,21,辽宁,2020,文科,一批,460,625,165,111,636,77,654,144,,,各高校招生网/高考 100,2026-03-06T09:47:40.037788,TRUE,2020年
10335,浙江大学,浙江,22,吉林,2020,理科,一批,460,650,190,352,653,246,686,457,,,各高校招生网/高考 100,2026-03-06T09:47:40.037788,TRUE,2020年
10335,浙江大学,浙江,22,吉林,2020,文科,一批,450,625,175,77,631,53,655,100,,,各高校招生网/高考 100,2026-03-06T09:47:40.037788,TRUE,2020年
10335,浙江大学,浙江,23,黑龙江,2020,理科,一批,465,650,185,311,662,217,671,404,,,各高校招生网/高考 100,2026-03-06T09:47:40.037788,TRUE,2020年
10335,浙江大学,浙江,23,黑龙江,2020,文科,一批,455,625,170,173,638,121,664,224,,,各高校招生网/高考 100,2026-03-06T09:47:40.037788,TRUE,2020年
10335,浙江大学,浙江,31,上海,2020,综合,本科批,470,650,180,389,658,272,665,505,,,各高校招生网/高考 100,2026-03-06T09:47:40.037788,TRUE,2020年
10335,浙江大学,浙江,32,江苏,2020,理科,一批,485,650,165,764,661,534,677,993,,,各高校招生网/高考 100,2026-03-06T09:47:40.037788,TRUE,2020年
10335,浙江大学,浙江,32,江苏,2020,文科,一批,475,625,150,350,639,244,655,455,,,各高校招生网/高考 100,2026-03-06T09:47:40.037788,TRUE,2020年
10335,浙江大学,浙江,33,浙江,2020,综合,本科批,490,650,160,588,658,411,683,764,,,各高校招生网/高考 100,2026-03-06T09:47:40.037788,TRUE,2020年
10335,浙江大学,浙江,34,安徽,2020,理科,一批,480,650,170,1019,653,713,671,1324,,,各高校招生网/高考 100,2026-03-06T09:47:40.037788,TRUE,2020年
10335,浙江大学,浙江,34,安徽,2020,文科,一批,470,625,155,389,634,272,642,505,,,各高校招生网/高考 100,2026-03-06T09:47:40.037788,TRUE,2020年
10335,浙江大学,浙江,35,福建,2020,理科,一批,475,650,175,149,660,104,681,193,,,各高校招生网/高考 100,2026-03-06T09:47:40.037788,TRUE,2020年
10335,浙江大学,浙江,35,福建,2020,文科,一批,465,625,160,211,636,147,657,274,,,各高校招生网/高考 100,2026-03-06T09:47:40.037788,TRUE,2020年
10335,浙江大学,浙江,36,江西,2020,理科,一批,470,650,180,584,653,408,668,759,,,各高校招生网/高考 100,2026-03-06T09:47:40.037788,TRUE,2020年
10335,浙江大学,浙江,36,江西,2020,文科,一批,460,625,165,169,628,118,657,219,,,各高校招生网/高考 100,2026-03-06T09:47:40.037788,TRUE,2020年
10335,浙江大学,浙江,37,山东,2020,理科,一批,490,650,160,434,656,303,676,564,,,各高校招生网/高考 100,2026-03-06T09:47:40.037788,TRUE,2020年
10335,浙江大学,浙江,37,山东,2020,文科,一批,480,625,145,909,634,636,640,1181,,,各高校招生网/高考 100,2026-03-06T09:47:40.037788,TRUE,2020年
10335,浙江大学,浙江,41,河南,2020,理科,一批,500,650,150,1514,655,1059,680,1968,,,各高校招生网/高考 100,2026-03-06T09:47:40.037788,TRUE,2020年
10335,浙江大学,浙江,41,河南,2020,文科,一批,490,625,135,444,633,310,656,577,,,各高校招生网/高考 100,2026-03-06T09:47:40.037788,TRUE,2020年
10335,浙江大学,浙江,42,湖北,2020,理科,一批,485,650,165,1248,664,873,685,1622,,,各高校招生网/高考 100,2026-03-06T09:47:40.037788,TRUE,2020年
10335,浙江大学,浙江,42,湖北,2020,文科,一批,475,625,150,513,628,359,664,666,,,各高校招生网/高考 100,2026-03-06T09:47:40.037788,TRUE,2020年
10335,浙江大学,浙江,43,湖南,2020,理科,一批,480,650,170,773,654,541,683,1004,,,各高校招生网/高考 100,2026-03-06T09:47:40.037788,TRUE,2020年
10335,浙江大学,浙江,43,湖南,2020,文科,一批,470,625,155,513,637,359,652,666,,,各高校招生网/高考 100,2026-03-06T09:47:40.037788,TRUE,2020年
10335,浙江大学,浙江,44,广东,2020,理科,一批,495,650,155,622,663,435,682,808,,,各高校招生网/高考 100,2026-03-06T09:47:40.037788,TRUE,2020年
10335,浙江大学,浙江,44,广东,2020,文科,一批,485,625,140,1095,636,766,657,1423,,,各高校招生网/高考 100,2026-03-06T09:47:40.037788,TRUE,2020年
10335,浙江大学,浙江,45,广西,2020,理科,一批,465,650,185,629,665,440,679,817,,,各高校招生网/高考 100,2026-03-06T09:47:40.037788,TRUE,2020年
10335,浙江大学,浙江,45,广西,2020,文科,一批,455,625,170,183,629,128,648,237,,,各高校招生网/高考 100,2026-03-06T09:47:40.037788,TRUE,2020年
10335,浙江大学,浙江,46,海南,2020,理科,一批,475,650,175,194,665,135,673,252,,,各高校招生网/高考 100,2026-03-06T09:47:40.037788,TRUE,2020年
10335,浙江大学,浙江,46,海南,2020,文科,一批,465,625,160,172,638,120,665,223,,,各高校招生网/高考 100,2026-03-06T09:47:40.037788,TRUE,2020年
10335,浙江大学,浙江,50,重庆,2020,理科,一批,480,650,170,619,658,433,678,804,,,各高校招生网/高考 100,2026-03-06T09:47:40.037788,TRUE,2020年
10335,浙江大学,浙江,50,重庆,2020,文科,一批,470,625,155,155,634,108,661,201,,,各高校招生网/高考 100,2026-03-06T09:47:40.037788,TRUE,2020年
10335,浙江大学,浙江,51,四川,2020,理科,一批,495,650,155,445,653,311,665,578,,,各高校招生网/高考 100,2026-03-06T09:47:40.037788,TRUE,2020年
10335,浙江大学,浙江,51,四川,2020,文科,一批,485,625,140,796,630,557,642,1034,,,各高校招生网/高考 100,2026-03-06T09:47:40.037788,TRUE,2020年
10335,浙江大学,浙江,52,贵州,2020,理科,一批,470,650,180,418,653,292,677,543,,,各高校招生网/高考 100,2026-03-06T09:47:40.037788,TRUE,2020年
10335,浙江大学,浙江,52,贵州,2020,文科,一批,460,625,165,183,640,128,643,237,,,各高校招生网/高考 100,2026-03-06T09:47:40.037788,TRUE,2020年
10335,浙江大学,浙江,53,云南,2020,理科,一批,475,650,175,574,660,401,667,746,,,各高校招生网/高考 100,2026-03-06T09:47:40.037788,TRUE,2020年
10335,浙江大学,浙江,53,云南,2020,文科,一批,465,625,160,343,633,240,651,445,,,各高校招生网/高考 100,2026-03-06T09:47:40.037788,TRUE,2020年
10335,浙江大学,浙江,54,西藏,2020,理科,一批,425,650,225,33,661,23,686,42,,,各高校招生网/高考 100,2026-03-06T09:47:40.037788,TRUE,2020年
10335,浙江大学,浙江,54,西藏,2020,文科,一批,415,625,210,28,640,19,650,36,,,各高校招生网/高考 100,2026-03-06T09:47:40.037788,TRUE,2020年
10335,浙江大学,浙江,61,陕西,2020,理科,一批,485,650,165,1121,654,784,667,1457,,,各高校招生网/高考 100,2026-03-06T09:47:40.037788,TRUE,2020年
10335,浙江大学,浙江,61,陕西,2020,文科,一批,475,625,150,744,630,520,648,967,,,各高校招生网/高考 100,2026-03-06T09:47:40.037788,TRUE,2020年
10335,浙江大学,浙江,62,甘肃,2020,理科,一批,460,650,190,308,657,215,679,400,,,各高校招生网/高考 100,2026-03-06T09:47:40.037788,TRUE,2020年
10335,浙江大学,浙江,62,甘肃,2020,文科,一批,450,625,175,119,637,83,646,154,,,各高校招生网/高考 100,2026-03-06T09:47:40.037788,TRUE,2020年
10335,浙江大学,浙江,63,青海,2020,理科,一批,445,650,205,38,658,26,682,49,,,各高校招生网/高考 100,2026-03-06T09:47:40.037788,TRUE,2020年
10335,浙江大学,浙江,63,青海,2020,文科,一批,435,625,190,100,638,70,656,130,,,各高校招生网/高考 100,2026-03-06T09:47:40.037788,TRUE,2020年
10335,浙江大学,浙江,64,宁夏,2020,理科,一批,450,650,200,234,661,163,689,304,,,各高校招生网/高考 100,2026-03-06T09:47:40.037788,TRUE,2020年
10335,浙江大学,浙江,64,宁夏,2020,文科,一批,440,625,185,37,631,25,664,48,,,各高校招生网/高考 100,2026-03-06T09:47:40.037788,TRUE,2020年
10335,浙江大学,浙江,65,新疆,2020,理科,一批,455,650,195,81,656,56,670,105,,,各高校招生网/高考 100,2026-03-06T09:47:40.037788,TRUE,2020年
10335,浙江大学,浙江,65,新疆,2020,文科,一批,445,625,180,301,637,210,640,391,,,各高校招生网/高考 100,2026-03-06T09:47:40.037788,TRUE,2020年
10284,南京大学,江苏,11,北京,2023,综合,本科批,505,655,150,256,663,179,684,332,,,各高校招生网/高考 100,2026-03-06T09:47:40.037788,TRUE,2023年
10284,南京大学,江苏,12,天津,2023,综合,本科批,495,655,160,546,668,382,695,709,,,各高校招生网/高考 100,2026-03-06T09:47:40.037788,TRUE,2023年
10284,南京大学,江苏,13,河北,2023,理科,一批,490,655,165,544,661,380,680,707,,,各高校招生网/高考 100,2026-03-06T09:47:40.037788,TRUE,2023年
10284,南京大学,江苏,13,河北,2023,文科,一批,480,630,150,784,639,548,661,1019,,,各高校招生网/高考 100,2026-03-06T09:47:40.037788,TRUE,2023年
10284,南京大学,江苏,14,山西,2023,理科,一批,480,655,175,1024,665,716,690,1331,,,各高校招生网/高考 100,2026-03-06T09:47:40.037788,TRUE,2023年
10284,南京大学,江苏,14,山西,2023,文科,一批,470,630,160,280,634,196,657,364,,,各高校招生网/高考 100,2026-03-06T09:47:40.037788,TRUE,2023年
10284,南京大学,江苏,15,内蒙古,2023,理科,一批,470,655,185,168,670,117,681,218,,,各高校招生网/高考 100,2026-03-06T09:47:40.037788,TRUE,2023年
10284,南京大学,江苏,15,内蒙古,2023,文科,一批,460,630,170,115,641,80,647,149,,,各高校招生网/高考 100,2026-03-06T09:47:40.037788,TRUE,2023年
10284,南京大学,江苏,21,辽宁,2023,理科,一批,485,655,170,940,658,658,691,1222,,,各高校招生网/高考 100,2026-03-06T09:47:40.037788,TRUE,2023年
10284,南京大学,江苏,21,辽宁,2023,文科,一批,475,630,155,282,645,197,659,366,,,各高校招生网/高考 100,2026-03-06T09:47:40.037788,TRUE,2023年
10284,南京大学,江苏,22,吉林,2023,理科,一批,475,655,180,434,660,303,693,564,,,各高校招生网/高考 100,2026-03-06T09:47:40.037788,TRUE,2023年
10284,南京大学,江苏,22,吉林,2023,文科,一批,465,630,165,405,641,283,665,526,,,各高校招生网/高考 100,2026-03-06T09:47:40.037788,TRUE,2023年
10284,南京大学,江苏,23,黑龙江,2023,理科,一批,480,655,175,698,666,488,684,907,,,各高校招生网/高考 100,2026-03-06T09:47:40.037788,TRUE,2023年
10284,南京大学,江苏,23,黑龙江,2023,文科,一批,470,630,160,196,643,137,655,254,,,各高校招生网/高考 100,2026-03-06T09:47:40.037788,TRUE,2023年
10284,南京大学,江苏,31,上海,2023,综合,本科批,485,655,170,379,669,265,681,492,,,各高校招生网/高考 100,2026-03-06T09:47:40.037788,TRUE,2023年
10284,南京大学,江苏,32,江苏,2023,理科,一批,500,655,155,1418,660,992,695,1843,,,各高校招生网/高考 100,2026-03-06T09:47:40.037788,TRUE,2023年
10284,南京大学,江苏,32,江苏,2023,文科,一批,490,630,140,951,645,665,655,1236,,,各高校招生网/高考 100,2026-03-06T09:47:40.037788,TRUE,2023年
10284,南京大学,江苏,33,浙江,2023,综合,本科批,505,655,150,814,669,569,681,1058,,,各高校招生网/高考 100,2026-03-06T09:47:40.037788,TRUE,2023年
10284,南京大学,江苏,34,安徽,2023,理科,一批,495,655,160,345,659,241,674,448,,,各高校招生网/高考 100,2026-03-06T09:47:40.037788,TRUE,2023年
10284,南京大学,江苏,34,安徽,2023,文科,一批,485,630,145,367,640,256,662,477,,,各高校招生网/高考 100,2026-03-06T09:47:40.037788,TRUE,2023年
10284,南京大学,江苏,35,福建,2023,理科,一批,490,655,165,821,669,574,674,1067,,,各高校招生网/高考 100,2026-03-06T09:47:40.037788,TRUE,2023年
10284,南京大学,江苏,35,福建,2023,文科,一批,480,630,150,347,638,242,657,451,,,各高校招生网/高考 100,2026-03-06T09:47:40.037788,TRUE,2023年
10284,南京大学,江苏,36,江西,2023,理科,一批,485,655,170,312,666,218,674,405,,,各高校招生网/高考 100,2026-03-06T09:47:40.037788,TRUE,2023年
10284,南京大学,江苏,36,江西,2023,文科,一批,475,630,155,444,638,310,654,577,,,各高校招生网/高考 100,2026-03-06T09:47:40.037788,TRUE,2023年
10284,南京大学,江苏,37,山东,2023,理科,一批,505,655,150,1345,662,941,680,1748,,,各高校招生网/高考 100,2026-03-06T09:47:40.037788,TRUE,2023年
10284,南京大学,江苏,37,山东,2023,文科,一批,495,630,135,737,640,515,667,958,,,各高校招生网/高考 100,2026-03-06T09:47:40.037788,TRUE,2023年
10284,南京大学,江苏,41,河南,2023,理科,一批,515,655,140,857,664,599,693,1114,,,各高校招生网/高考 100,2026-03-06T09:47:40.037788,TRUE,2023年
10284,南京大学,江苏,41,河南,2023,文科,一批,505,630,125,1320,638,923,647,1716,,,各高校招生网/高考 100,2026-03-06T09:47:40.037788,TRUE,2023年
10284,南京大学,江苏,42,湖北,2023,理科,一批,500,655,155,1314,661,919,682,1708,,,各高校招生网/高考 100,2026-03-06T09:47:40.037788,TRUE,2023年
10284,南京大学,江苏,42,湖北,2023,文科,一批,490,630,140,562,633,393,648,730,,,各高校招生网/高考 100,2026-03-06T09:47:40.037788,TRUE,2023年
10284,南京大学,江苏,43,湖南,2023,理科,一批,495,655,160,368,668,257,680,478,,,各高校招生网/高考 100,2026-03-06T09:47:40.037788,TRUE,2023年
10284,南京大学,江苏,43,湖南,2023,文科,一批,485,630,145,449,635,314,657,583,,,各高校招生网/高考 100,2026-03-06T09:47:40.037788,TRUE,2023年
10284,南京大学,江苏,44,广东,2023,理科,一批,510,655,145,1874,669,1311,686,2436,,,各高校招生网/高考 100,2026-03-06T09:47:40.037788,TRUE,2023年
10284,南京大学,江苏,44,广东,2023,文科,一批,500,630,130,897,639,627,658,1166,,,各高校招生网/高考 100,2026-03-06T09:47:40.037788,TRUE,2023年
10284,南京大学,江苏,45,广西,2023,理科,一批,480,655,175,319,669,223,678,414,,,各高校招生网/高考 100,2026-03-06T09:47:40.037788,TRUE,2023年
10284,南京大学,江苏,45,广西,2023,文科,一批,470,630,160,418,643,292,645,543,,,各高校招生网/高考 100,2026-03-06T09:47:40.037788,TRUE,2023年
10284,南京大学,江苏,46,海南,2023,理科,一批,490,655,165,302,661,211,675,392,,,各高校招生网/高考 100,2026-03-06T09:47:40.037788,TRUE,2023年
10284,南京大学,江苏,46,海南,2023,文科,一批,480,630,150,64,642,44,665,83,,,各高校招生网/高考 100,2026-03-06T09:47:40.037788,TRUE,2023年
10284,南京大学,江苏,50,重庆,2023,理科,一批,495,655,160,277,663,193,684,360,,,各高校招生网/高考 100,2026-03-06T09:47:40.037788,TRUE,2023年
10284,南京大学,江苏,50,重庆,2023,文科,一批,485,630,145,526,636,368,662,683,,,各高校招生网/高考 100,2026-03-06T09:47:40.037788,TRUE,2023年
10284,南京大学,江苏,51,四川,2023,理科,一批,510,655,145,428,665,299,671,556,,,各高校招生网/高考 100,2026-03-06T09:47:40.037788,TRUE,2023年
10284,南京大学,江苏,51,四川,2023,文科,一批,500,630,130,371,638,259,654,482,,,各高校招生网/高考 100,2026-03-06T09:47:40.037788,TRUE,2023年
10284,南京大学,江苏,52,贵州,2023,理科,一批,485,655,170,451,667,315,680,586,,,各高校招生网/高考 100,2026-03-06T09:47:40.037788,TRUE,2023年
10284,南京大学,江苏,52,贵州,2023,文科,一批,475,630,155,209,643,146,645,271,,,各高校招生网/高考 100,2026-03-06T09:47:40.037788,TRUE,2023年
10284,南京大学,江苏,53,云南,2023,理科,一批,490,655,165,619,668,433,693,804,,,各高校招生网/高考 100,2026-03-06T09:47:40.037788,TRUE,2023年
10284,南京大学,江苏,53,云南,2023,文科,一批,480,630,150,279,637,195,648,362,,,各高校招生网/高考 100,2026-03-06T09:47:40.037788,TRUE,2023年
10284,南京大学,江苏,54,西藏,2023,理科,一批,440,655,215,40,669,28,673,52,,,各高校招生网/高考 100,2026-03-06T09:47:40.037788,TRUE,2023年
10284,南京大学,江苏,54,西藏,2023,文科,一批,430,630,200,52,643,36,657,67,,,各高校招生网/高考 100,2026-03-06T09:47:40.037788,TRUE,2023年
10284,南京大学,江苏,61,陕西,2023,理科,一批,500,655,155,741,663,518,682,963,,,各高校招生网/高考 100,2026-03-06T09:47:40.037788,TRUE,2023年
10284,南京大学,江苏,61,陕西,2023,文科,一批,490,630,140,682,635,477,656,886,,,各高校招生网/高考 100,2026-03-06T09:47:40.037788,TRUE,2023年
10284,南京大学,江苏,62,甘肃,2023,理科,一批,475,655,180,375,662,262,688,487,,,各高校招生网/高考 100,2026-03-06T09:47:40.037788,TRUE,2023年
10284,南京大学,江苏,62,甘肃,2023,文科,一批,465,630,165,99,644,69,665,128,,,各高校招生网/高考 100,2026-03-06T09:47:40.037788,TRUE,2023年
10284,南京大学,江苏,63,青海,2023,理科,一批,460,655,195,129,666,90,684,167,,,各高校招生网/高考 100,2026-03-06T09:47:40.037788,TRUE,2023年
10284,南京大学,江苏,63,青海,2023,文科,一批,450,630,180,88,638,61,645,114,,,各高校招生网/高考 100,2026-03-06T09:47:40.037788,TRUE,2023年
10284,南京大学,江苏,64,宁夏,2023,理科,一批,465,655,190,293,665,205,691,380,,,各高校招生网/高考 100,2026-03-06T09:47:40.037788,TRUE,2023年
10284,南京大学,江苏,64,宁夏,2023,文科,一批,455,630,175,91,633,63,657,118,,,各高校招生网/高考 100,2026-03-06T09:47:40.037788,TRUE,2023年
10284,南京大学,江苏,65,新疆,2023,理科,一批,470,655,185,419,658,293,672,544,,,各高校招生网/高考 100,2026-03-06T09:47:40.037788,TRUE,2023年
10284,南京大学,江苏,65,新疆,2023,文科,一批,460,630,170,228,638,159,662,296,,,各高校招生网/高考 100,2026-03-06T09:47:40.037788,TRUE,2023年
10284,南京大学,江苏,11,北京,2022,综合,本科批,500,650,150,156,663,109,676,202,,,各高校招生网/高考 100,2026-03-06T09:47:40.037788,TRUE,2022年
10284,南京大学,江苏,12,天津,2022,综合,本科批,490,650,160,411,655,287,684,534,,,各高校招生网/高考 100,2026-03-06T09:47:40.037788,TRUE,2022年
10284,南京大学,江苏,13,河北,2022,理科,一批,485,650,165,1154,659,807,681,1500,,,各高校招生网/高考 100,2026-03-06T09:47:40.037788,TRUE,2022年
10284,南京大学,江苏,13,河北,2022,文科,一批,475,625,150,808,640,565,649,1050,,,各高校招生网/高考 100,2026-03-06T09:47:40.037788,TRUE,2022年
10284,南京大学,江苏,14,山西,2022,理科,一批,475,650,175,647,657,452,668,841,,,各高校招生网/高考 100,2026-03-06T09:47:40.037788,TRUE,2022年
10284,南京大学,江苏,14,山西,2022,文科,一批,465,625,160,153,629,107,644,198,,,各高校招生网/高考 100,2026-03-06T09:47:40.037788,TRUE,2022年
10284,南京大学,江苏,15,内蒙古,2022,理科,一批,465,650,185,555,656,388,688,721,,,各高校招生网/高考 100,2026-03-06T09:47:40.037788,TRUE,2022年
10284,南京大学,江苏,15,内蒙古,2022,文科,一批,455,625,170,298,630,208,659,387,,,各高校招生网/高考 100,2026-03-06T09:47:40.037788,TRUE,2022年
10284,南京大学,江苏,21,辽宁,2022,理科,一批,480,650,170,827,657,578,686,1075,,,各高校招生网/高考 100,2026-03-06T09:47:40.037788,TRUE,2022年
10284,南京大学,江苏,21,辽宁,2022,文科,一批,470,625,155,251,639,175,659,326,,,各高校招生网/高考 100,2026-03-06T09:47:40.037788,TRUE,2022年
10284,南京大学,江苏,22,吉林,2022,理科,一批,470,650,180,656,662,459,681,852,,,各高校招生网/高考 100,2026-03-06T09:47:40.037788,TRUE,2022年
10284,南京大学,江苏,22,吉林,2022,文科,一批,460,625,165,351,629,245,663,456,,,各高校招生网/高考 100,2026-03-06T09:47:40.037788,TRUE,2022年
10284,南京大学,江苏,23,黑龙江,2022,理科,一批,475,650,175,561,658,392,681,729,,,各高校招生网/高考 100,2026-03-06T09:47:40.037788,TRUE,2022年
10284,南京大学,江苏,23,黑龙江,2022,文科,一批,465,625,160,337,638,235,657,438,,,各高校招生网/高考 100,2026-03-06T09:47:40.037788,TRUE,2022年
10284,南京大学,江苏,31,上海,2022,综合,本科批,480,650,170,574,659,401,686,746,,,各高校招生网/高考 100,2026-03-06T09:47:40.037788,TRUE,2022年
10284,南京大学,江苏,32,江苏,2022,理科,一批,495,650,155,1666,659,1166,689,2165,,,各高校招生网/高考 100,2026-03-06T09:47:40.037788,TRUE,2022年
10284,南京大学,江苏,32,江苏,2022,文科,一批,485,625,140,971,630,679,658,1262,,,各高校招生网/高考 100,2026-03-06T09:47:40.037788,TRUE,2022年
10284,南京大学,江苏,33,浙江,2022,综合,本科批,500,650,150,644,664,450,679,837,,,各高校招生网/高考 100,2026-03-06T09:47:40.037788,TRUE,2022年
10284,南京大学,江苏,34,安徽,2022,理科,一批,490,650,160,979,656,685,675,1272,,,各高校招生网/高考 100,2026-03-06T09:47:40.037788,TRUE,2022年
10284,南京大学,江苏,34,安徽,2022,文科,一批,480,625,145,197,637,137,665,256,,,各高校招生网/高考 100,2026-03-06T09:47:40.037788,TRUE,2022年
10284,南京大学,江苏,35,福建,2022,理科,一批,485,650,165,313,655,219,684,406,,,各高校招生网/高考 100,2026-03-06T09:47:40.037788,TRUE,2022年
10284,南京大学,江苏,35,福建,2022,文科,一批,475,625,150,279,629,195,656,362,,,各高校招生网/高考 100,2026-03-06T09:47:40.037788,TRUE,2022年
10284,南京大学,江苏,36,江西,2022,理科,一批,480,650,170,910,657,637,687,1183,,,各高校招生网/高考 100,2026-03-06T09:47:40.037788,TRUE,2022年
10284,南京大学,江苏,36,江西,2022,文科,一批,470,625,155,282,639,197,665,366,,,各高校招生网/高考 100,2026-03-06T09:47:40.037788,TRUE,2022年
10284,南京大学,江苏,37,山东,2022,理科,一批,500,650,150,1101,659,770,671,1431,,,各高校招生网/高考 100,2026-03-06T09:47:40.037788,TRUE,2022年
10284,南京大学,江苏,37,山东,2022,文科,一批,490,625,135,779,635,545,663,1012,,,各高校招生网/高考 100,2026-03-06T09:47:40.037788,TRUE,2022年
10284,南京大学,江苏,41,河南,2022,理科,一批,510,650,140,1343,654,940,668,1745,,,各高校招生网/高考 100,2026-03-06T09:47:40.037788,TRUE,2022年
10284,南京大学,江苏,41,河南,2022,文科,一批,500,625,125,609,639,426,641,791,,,各高校招生网/高考 100,2026-03-06T09:47:40.037788,TRUE,2022年
10284,南京大学,江苏,42,湖北,2022,理科,一批,495,650,155,1429,656,1000,666,1857,,,各高校招生网/高考 100,2026-03-06T09:47:40.037788,TRUE,2022年
10284,南京大学,江苏,42,湖北,2022,文科,一批,485,625,140,756,629,529,651,982,,,各高校招生网/高考 100,2026-03-06T09:47:40.037788,TRUE,2022年
10284,南京大学,江苏,43,湖南,2022,理科,一批,490,650,160,478,665,334,681,621,,,各高校招生网/高考 100,2026-03-06T09:47:40.037788,TRUE,2022年
10284,南京大学,江苏,43,湖南,2022,文科,一批,480,625,145,689,631,482,644,895,,,各高校招生网/高考 100,2026-03-06T09:47:40.037788,TRUE,2022年
10284,南京大学,江苏,44,广东,2022,理科,一批,505,650,145,1392,653,974,690,1809,,,各高校招生网/高考 100,2026-03-06T09:47:40.037788,TRUE,2022年
10284,南京大学,江苏,44,广东,2022,文科,一批,495,625,130,989,630,692,654,1285,,,各高校招生网/高考 100,2026-03-06T09:47:40.037788,TRUE,2022年
10284,南京大学,江苏,45,广西,2022,理科,一批,475,650,175,1020,663,714,666,1326,,,各高校招生网/高考 100,2026-03-06T09:47:40.037788,TRUE,2022年
10284,南京大学,江苏,45,广西,2022,文科,一批,465,625,160,404,630,282,650,525,,,各高校招生网/高考 100,2026-03-06T09:47:40.037788,TRUE,2022年
10284,南京大学,江苏,46,海南,2022,理科,一批,485,650,165,127,664,88,670,165,,,各高校招生网/高考 100,2026-03-06T09:47:40.037788,TRUE,2022年
10284,南京大学,江苏,46,海南,2022,文科,一批,475,625,150,215,638,150,654,279,,,各高校招生网/高考 100,2026-03-06T09:47:40.037788,TRUE,2022年
10284,南京大学,江苏,50,重庆,2022,理科,一批,490,650,160,775,659,542,687,1007,,,各高校招生网/高考 100,2026-03-06T09:47:40.037788,TRUE,2022年
10284,南京大学,江苏,50,重庆,2022,文科,一批,480,625,145,505,638,353,658,656,,,各高校招生网/高考 100,2026-03-06T09:47:40.037788,TRUE,2022年
10284,南京大学,江苏,51,四川,2022,理科,一批,505,650,145,862,664,603,674,1120,,,各高校招生网/高考 100,2026-03-06T09:47:40.037788,TRUE,2022年
10284,南京大学,江苏,51,四川,2022,文科,一批,495,625,130,251,635,175,658,326,,,各高校招生网/高考 100,2026-03-06T09:47:40.037788,TRUE,2022年
10284,南京大学,江苏,52,贵州,2022,理科,一批,480,650,170,252,654,176,668,327,,,各高校招生网/高考 100,2026-03-06T09:47:40.037788,TRUE,2022年
10284,南京大学,江苏,52,贵州,2022,文科,一批,470,625,155,334,629,233,649,434,,,各高校招生网/高考 100,2026-03-06T09:47:40.037788,TRUE,2022年
10284,南京大学,江苏,53,云南,2022,理科,一批,485,650,165,624,663,436,682,811,,,各高校招生网/高考 100,2026-03-06T09:47:40.037788,TRUE,2022年
10284,南京大学,江苏,53,云南,2022,文科,一批,475,625,150,87,631,60,652,113,,,各高校招生网/高考 100,2026-03-06T09:47:40.037788,TRUE,2022年
10284,南京大学,江苏,54,西藏,2022,理科,一批,435,650,215,41,657,28,673,53,,,各高校招生网/高考 100,2026-03-06T09:47:40.037788,TRUE,2022年
10284,南京大学,江苏,54,西藏,2022,文科,一批,425,625,200,40,628,28,664,52,,,各高校招生网/高考 100,2026-03-06T09:47:40.037788,TRUE,2022年
10284,南京大学,江苏,61,陕西,2022,理科,一批,495,650,155,1021,659,714,672,1327,,,各高校招生网/高考 100,2026-03-06T09:47:40.037788,TRUE,2022年
10284,南京大学,江苏,61,陕西,2022,文科,一批,485,625,140,678,628,474,642,881,,,各高校招生网/高考 100,2026-03-06T09:47:40.037788,TRUE,2022年
10284,南京大学,江苏,62,甘肃,2022,理科,一批,470,650,180,176,659,123,678,228,,,各高校招生网/高考 100,2026-03-06T09:47:40.037788,TRUE,2022年
10284,南京大学,江苏,62,甘肃,2022,文科,一批,460,625,165,133,629,93,641,172,,,各高校招生网/高考 100,2026-03-06T09:47:40.037788,TRUE,2022年
10284,南京大学,江苏,63,青海,2022,理科,一批,455,650,195,159,658,111,690,206,,,各高校招生网/高考 100,2026-03-06T09:47:40.037788,TRUE,2022年
10284,南京大学,江苏,63,青海,2022,文科,一批,445,625,180,136,629,95,659,176,,,各高校招生网/高考 100,2026-03-06T09:47:40.037788,TRUE,2022年
10284,南京大学,江苏,64,宁夏,2022,理科,一批,460,650,190,322,653,225,687,418,,,各高校招生网/高考 100,2026-03-06T09:47:40.037788,TRUE,2022年
10284,南京大学,江苏,64,宁夏,2022,文科,一批,450,625,175,62,628,43,664,80,,,各高校招生网/高考 100,2026-03-06T09:47:40.037788,TRUE,2022年
10284,南京大学,江苏,65,新疆,2022,理科,一批,465,650,185,369,659,258,666,479,,,各高校招生网/高考 100,2026-03-06T09:47:40.037788,TRUE,2022年
10284,南京大学,江苏,65,新疆,2022,文科,一批,455,625,170,122,637,85,664,158,,,各高校招生网/高考 100,2026-03-06T09:47:40.037788,TRUE,2022年
10284,南京大学,江苏,11,北京,2021,综合,本科批,495,645,150,345,660,241,673,448,,,各高校招生网/高考 100,2026-03-06T09:47:40.037788,TRUE,2021年
10284,南京大学,江苏,12,天津,2021,综合,本科批,485,645,160,381,650,266,663,495,,,各高校招生网/高考 100,2026-03-06T09:47:40.037788,TRUE,2021年
10284,南京大学,江苏,13,河北,2021,理科,一批,480,645,165,1158,657,810,683,1505,,,各高校招生网/高考 100,2026-03-06T09:47:40.037788,TRUE,2021年
10284,南京大学,江苏,13,河北,2021,文科,一批,470,620,150,158,624,110,635,205,,,各高校招生网/高考 100,2026-03-06T09:47:40.037788,TRUE,2021年
10284,南京大学,江苏,14,山西,2021,理科,一批,470,645,175,736,651,515,664,956,,,各高校招生网/高考 100,2026-03-06T09:47:40.037788,TRUE,2021年
10284,南京大学,江苏,14,山西,2021,文科,一批,460,620,160,547,628,382,650,711,,,各高校招生网/高考 100,2026-03-06T09:47:40.037788,TRUE,2021年
10284,南京大学,江苏,15,内蒙古,2021,理科,一批,460,645,185,310,655,217,671,403,,,各高校招生网/高考 100,2026-03-06T09:47:40.037788,TRUE,2021年
10284,南京大学,江苏,15,内蒙古,2021,文科,一批,450,620,170,392,634,274,644,509,,,各高校招生网/高考 100,2026-03-06T09:47:40.037788,TRUE,2021年
10284,南京大学,江苏,21,辽宁,2021,理科,一批,475,645,170,528,655,369,684,686,,,各高校招生网/高考 100,2026-03-06T09:47:40.037788,TRUE,2021年
10284,南京大学,江苏,21,辽宁,2021,文科,一批,465,620,155,564,627,394,646,733,,,各高校招生网/高考 100,2026-03-06T09:47:40.037788,TRUE,2021年
10284,南京大学,江苏,22,吉林,2021,理科,一批,465,645,180,220,660,154,660,286,,,各高校招生网/高考 100,2026-03-06T09:47:40.037788,TRUE,2021年
10284,南京大学,江苏,22,吉林,2021,文科,一批,455,620,165,399,631,279,658,518,,,各高校招生网/高考 100,2026-03-06T09:47:40.037788,TRUE,2021年
10284,南京大学,江苏,23,黑龙江,2021,理科,一批,470,645,175,912,659,638,680,1185,,,各高校招生网/高考 100,2026-03-06T09:47:40.037788,TRUE,2021年
10284,南京大学,江苏,23,黑龙江,2021,文科,一批,460,620,160,161,631,112,660,209,,,各高校招生网/高考 100,2026-03-06T09:47:40.037788,TRUE,2021年
10284,南京大学,江苏,31,上海,2021,综合,本科批,475,645,170,334,660,233,660,434,,,各高校招生网/高考 100,2026-03-06T09:47:40.037788,TRUE,2021年
10284,南京大学,江苏,32,江苏,2021,理科,一批,490,645,155,487,657,340,662,633,,,各高校招生网/高考 100,2026-03-06T09:47:40.037788,TRUE,2021年
10284,南京大学,江苏,32,江苏,2021,文科,一批,480,620,140,1057,634,739,656,1374,,,各高校招生网/高考 100,2026-03-06T09:47:40.037788,TRUE,2021年
10284,南京大学,江苏,33,浙江,2021,综合,本科批,495,645,150,1201,654,840,675,1561,,,各高校招生网/高考 100,2026-03-06T09:47:40.037788,TRUE,2021年
10284,南京大学,江苏,34,安徽,2021,理科,一批,485,645,160,390,656,273,670,507,,,各高校招生网/高考 100,2026-03-06T09:47:40.037788,TRUE,2021年
10284,南京大学,江苏,34,安徽,2021,文科,一批,475,620,145,892,632,624,639,1159,,,各高校招生网/高考 100,2026-03-06T09:47:40.037788,TRUE,2021年
10284,南京大学,江苏,35,福建,2021,理科,一批,480,645,165,639,659,447,677,830,,,各高校招生网/高考 100,2026-03-06T09:47:40.037788,TRUE,2021年
10284,南京大学,江苏,35,福建,2021,文科,一批,470,620,150,691,631,483,654,898,,,各高校招生网/高考 100,2026-03-06T09:47:40.037788,TRUE,2021年
10284,南京大学,江苏,36,江西,2021,理科,一批,475,645,170,1046,660,732,670,1359,,,各高校招生网/高考 100,2026-03-06T09:47:40.037788,TRUE,2021年
10284,南京大学,江苏,36,江西,2021,文科,一批,465,620,155,473,632,331,655,614,,,各高校招生网/高考 100,2026-03-06T09:47:40.037788,TRUE,2021年
10284,南京大学,江苏,37,山东,2021,理科,一批,495,645,150,1480,660,1036,673,1924,,,各高校招生网/高考 100,2026-03-06T09:47:40.037788,TRUE,2021年
10284,南京大学,江苏,37,山东,2021,文科,一批,485,620,135,180,630,125,646,234,,,各高校招生网/高考 100,2026-03-06T09:47:40.037788,TRUE,2021年
10284,南京大学,江苏,41,河南,2021,理科,一批,505,645,140,1074,649,751,660,1396,,,各高校招生网/高考 100,2026-03-06T09:47:40.037788,TRUE,2021年
10284,南京大学,江苏,41,河南,2021,文科,一批,495,620,125,1127,633,788,649,1465,,,各高校招生网/高考 100,2026-03-06T09:47:40.037788,TRUE,2021年
10284,南京大学,江苏,42,湖北,2021,理科,一批,490,645,155,1568,652,1097,676,2038,,,各高校招生网/高考 100,2026-03-06T09:47:40.037788,TRUE,2021年
10284,南京大学,江苏,42,湖北,2021,文科,一批,480,620,140,808,632,565,637,1050,,,各高校招生网/高考 100,2026-03-06T09:47:40.037788,TRUE,2021年
10284,南京大学,江苏,43,湖南,2021,理科,一批,485,645,160,1431,653,1001,683,1860,,,各高校招生网/高考 100,2026-03-06T09:47:40.037788,TRUE,2021年
10284,南京大学,江苏,43,湖南,2021,文科,一批,475,620,145,519,634,363,635,674,,,各高校招生网/高考 100,2026-03-06T09:47:40.037788,TRUE,2021年
10284,南京大学,江苏,44,广东,2021,理科,一批,500,645,145,1798,654,1258,674,2337,,,各高校招生网/高考 100,2026-03-06T09:47:40.037788,TRUE,2021年
10284,南京大学,江苏,44,广东,2021,文科,一批,490,620,130,549,633,384,638,713,,,各高校招生网/高考 100,2026-03-06T09:47:40.037788,TRUE,2021年
10284,南京大学,江苏,45,广西,2021,理科,一批,470,645,175,909,657,636,670,1181,,,各高校招生网/高考 100,2026-03-06T09:47:40.037788,TRUE,2021年
10284,南京大学,江苏,45,广西,2021,文科,一批,460,620,160,367,630,256,643,477,,,各高校招生网/高考 100,2026-03-06T09:47:40.037788,TRUE,2021年
10284,南京大学,江苏,46,海南,2021,理科,一批,480,645,165,98,652,68,677,127,,,各高校招生网/高考 100,2026-03-06T09:47:40.037788,TRUE,2021年
10284,南京大学,江苏,46,海南,2021,文科,一批,470,620,150,64,631,44,639,83,,,各高校招生网/高考 100,2026-03-06T09:47:40.037788,TRUE,2021年
10284,南京大学,江苏,50,重庆,2021,理科,一批,485,645,160,724,654,506,677,941,,,各高校招生网/高考 100,2026-03-06T09:47:40.037788,TRUE,2021年
10284,南京大学,江苏,50,重庆,2021,文科,一批,475,620,145,386,625,270,653,501,,,各高校招生网/高考 100,2026-03-06T09:47:40.037788,TRUE,2021年
10284,南京大学,江苏,51,四川,2021,理科,一批,500,645,145,1151,656,805,664,1496,,,各高校招生网/高考 100,2026-03-06T09:47:40.037788,TRUE,2021年
10284,南京大学,江苏,51,四川,2021,文科,一批,490,620,130,752,623,526,651,977,,,各高校招生网/高考 100,2026-03-06T09:47:40.037788,TRUE,2021年
10284,南京大学,江苏,52,贵州,2021,理科,一批,475,645,170,423,655,296,665,549,,,各高校招生网/高考 100,2026-03-06T09:47:40.037788,TRUE,2021年
10284,南京大学,江苏,52,贵州,2021,文科,一批,465,620,155,238,623,166,657,309,,,各高校招生网/高考 100,2026-03-06T09:47:40.037788,TRUE,2021年
10284,南京大学,江苏,53,云南,2021,理科,一批,480,645,165,395,658,276,684,513,,,各高校招生网/高考 100,2026-03-06T09:47:40.037788,TRUE,2021年
10284,南京大学,江苏,53,云南,2021,文科,一批,470,620,150,445,624,311,638,578,,,各高校招生网/高考 100,2026-03-06T09:47:40.037788,TRUE,2021年
10284,南京大学,江苏,54,西藏,2021,理科,一批,430,645,215,78,660,54,677,101,,,各高校招生网/高考 100,2026-03-06T09:47:40.037788,TRUE,2021年
10284,南京大学,江苏,54,西藏,2021,文科,一批,420,620,200,28,631,19,651,36,,,各高校招生网/高考 100,2026-03-06T09:47:40.037788,TRUE,2021年
10284,南京大学,江苏,61,陕西,2021,理科,一批,490,645,155,823,658,576,672,1069,,,各高校招生网/高考 100,2026-03-06T09:47:40.037788,TRUE,2021年
10284,南京大学,江苏,61,陕西,2021,文科,一批,480,620,140,596,626,417,635,774,,,各高校招生网/高考 100,2026-03-06T09:47:40.037788,TRUE,2021年
10284,南京大学,江苏,62,甘肃,2021,理科,一批,465,645,180,611,649,427,670,794,,,各高校招生网/高考 100,2026-03-06T09:47:40.037788,TRUE,2021年
10284,南京大学,江苏,62,甘肃,2021,文科,一批,455,620,165,174,624,121,643,226,,,各高校招生网/高考 100,2026-03-06T09:47:40.037788,TRUE,2021年
10284,南京大学,江苏,63,青海,2021,理科,一批,450,645,195,81,650,56,670,105,,,各高校招生网/高考 100,2026-03-06T09:47:40.037788,TRUE,2021年
10284,南京大学,江苏,63,青海,2021,文科,一批,440,620,180,87,631,60,646,113,,,各高校招生网/高考 100,2026-03-06T09:47:40.037788,TRUE,2021年
10284,南京大学,江苏,64,宁夏,2021,理科,一批,455,645,190,191,654,133,681,248,,,各高校招生网/高考 100,2026-03-06T09:47:40.037788,TRUE,2021年
10284,南京大学,江苏,64,宁夏,2021,文科,一批,445,620,175,193,627,135,647,250,,,各高校招生网/高考 100,2026-03-06T09:47:40.037788,TRUE,2021年
10284,南京大学,江苏,65,新疆,2021,理科,一批,460,645,185,599,656,419,668,778,,,各高校招生网/高考 100,2026-03-06T09:47:40.037788,TRUE,2021年
10284,南京大学,江苏,65,新疆,2021,文科,一批,450,620,170,173,635,121,653,224,,,各高校招生网/高考 100,2026-03-06T09:47:40.037788,TRUE,2021年
10284,南京大学,江苏,11,北京,2020,综合,本科批,490,640,150,430,648,301,674,559,,,各高校招生网/高考 100,2026-03-06T09:47:40.037788,TRUE,2020年
10284,南京大学,江苏,12,天津,2020,综合,本科批,480,640,160,646,648,452,662,839,,,各高校招生网/高考 100,2026-03-06T09:47:40.037788,TRUE,2020年
10284,南京大学,江苏,13,河北,2020,理科,一批,475,640,165,1449,651,1014,657,1883,,,各高校招生网/高考 100,2026-03-06T09:47:40.037788,TRUE,2020年
10284,南京大学,江苏,13,河北,2020,文科,一批,465,615,150,778,622,544,640,1011,,,各高校招生网/高考 100,2026-03-06T09:47:40.037788,TRUE,2020年
10284,南京大学,江苏,14,山西,2020,理科,一批,465,640,175,864,650,604,675,1123,,,各高校招生网/高考 100,2026-03-06T09:47:40.037788,TRUE,2020年
10284,南京大学,江苏,14,山西,2020,文科,一批,455,615,160,687,622,480,642,893,,,各高校招生网/高考 100,2026-03-06T09:47:40.037788,TRUE,2020年
10284,南京大学,江苏,15,内蒙古,2020,理科,一批,455,640,185,410,651,287,660,533,,,各高校招生网/高考 100,2026-03-06T09:47:40.037788,TRUE,2020年
10284,南京大学,江苏,15,内蒙古,2020,文科,一批,445,615,170,385,630,269,649,500,,,各高校招生网/高考 100,2026-03-06T09:47:40.037788,TRUE,2020年
10284,南京大学,江苏,21,辽宁,2020,理科,一批,470,640,170,459,651,321,655,596,,,各高校招生网/高考 100,2026-03-06T09:47:40.037788,TRUE,2020年
10284,南京大学,江苏,21,辽宁,2020,文科,一批,460,615,155,680,630,475,643,884,,,各高校招生网/高考 100,2026-03-06T09:47:40.037788,TRUE,2020年
10284,南京大学,江苏,22,吉林,2020,理科,一批,460,640,180,879,652,615,659,1142,,,各高校招生网/高考 100,2026-03-06T09:47:40.037788,TRUE,2020年
10284,南京大学,江苏,22,吉林,2020,文科,一批,450,615,165,184,627,128,635,239,,,各高校招生网/高考 100,2026-03-06T09:47:40.037788,TRUE,2020年
10284,南京大学,江苏,23,黑龙江,2020,理科,一批,465,640,175,266,643,186,655,345,,,各高校招生网/高考 100,2026-03-06T09:47:40.037788,TRUE,2020年
10284,南京大学,江苏,23,黑龙江,2020,文科,一批,455,615,160,297,622,207,654,386,,,各高校招生网/高考 100,2026-03-06T09:47:40.037788,TRUE,2020年
10284,南京大学,江苏,31,上海,2020,综合,本科批,470,640,170,520,653,364,670,676,,,各高校招生网/高考 100,2026-03-06T09:47:40.037788,TRUE,2020年
10284,南京大学,江苏,32,江苏,2020,理科,一批,485,640,155,2057,655,1439,660,2674,,,各高校招生网/高考 100,2026-03-06T09:47:40.037788,TRUE,2020年
10284,南京大学,江苏,32,江苏,2020,文科,一批,475,615,140,1078,630,754,640,1401,,,各高校招生网/高考 100,2026-03-06T09:47:40.037788,TRUE,2020年
10284,南京大学,江苏,33,浙江,2020,综合,本科批,490,640,150,1262,643,883,670,1640,,,各高校招生网/高考 100,2026-03-06T09:47:40.037788,TRUE,2020年
10284,南京大学,江苏,34,安徽,2020,理科,一批,480,640,160,963,652,674,666,1251,,,各高校招生网/高考 100,2026-03-06T09:47:40.037788,TRUE,2020年
10284,南京大学,江苏,34,安徽,2020,文科,一批,470,615,145,202,623,141,632,262,,,各高校招生网/高考 100,2026-03-06T09:47:40.037788,TRUE,2020年
10284,南京大学,江苏,35,福建,2020,理科,一批,475,640,165,841,648,588,679,1093,,,各高校招生网/高考 100,2026-03-06T09:47:40.037788,TRUE,2020年
10284,南京大学,江苏,35,福建,2020,文科,一批,465,615,150,253,618,177,654,328,,,各高校招生网/高考 100,2026-03-06T09:47:40.037788,TRUE,2020年
10284,南京大学,江苏,36,江西,2020,理科,一批,470,640,170,836,648,585,660,1086,,,各高校招生网/高考 100,2026-03-06T09:47:40.037788,TRUE,2020年
10284,南京大学,江苏,36,江西,2020,文科,一批,460,615,155,745,628,521,652,968,,,各高校招生网/高考 100,2026-03-06T09:47:40.037788,TRUE,2020年
10284,南京大学,江苏,37,山东,2020,理科,一批,490,640,150,1222,646,855,669,1588,,,各高校招生网/高考 100,2026-03-06T09:47:40.037788,TRUE,2020年
10284,南京大学,江苏,37,山东,2020,文科,一批,480,615,135,299,630,209,645,388,,,各高校招生网/高考 100,2026-03-06T09:47:40.037788,TRUE,2020年
10284,南京大学,江苏,41,河南,2020,理科,一批,500,640,140,2283,653,1598,662,2967,,,各高校招生网/高考 100,2026-03-06T09:47:40.037788,TRUE,2020年
10284,南京大学,江苏,41,河南,2020,文科,一批,490,615,125,1275,618,892,631,1657,,,各高校招生网/高考 100,2026-03-06T09:47:40.037788,TRUE,2020年
10284,南京大学,江苏,42,湖北,2020,理科,一批,485,640,155,1223,651,856,668,1589,,,各高校招生网/高考 100,2026-03-06T09:47:40.037788,TRUE,2020年
10284,南京大学,江苏,42,湖北,2020,文科,一批,475,615,140,647,624,452,633,841,,,各高校招生网/高考 100,2026-03-06T09:47:40.037788,TRUE,2020年
10284,南京大学,江苏,43,湖南,2020,理科,一批,480,640,160,792,655,554,662,1029,,,各高校招生网/高考 100,2026-03-06T09:47:40.037788,TRUE,2020年
10284,南京大学,江苏,43,湖南,2020,文科,一批,470,615,145,255,626,178,635,331,,,各高校招生网/高考 100,2026-03-06T09:47:40.037788,TRUE,2020年
10284,南京大学,江苏,44,广东,2020,理科,一批,495,640,145,2363,651,1654,660,3071,,,各高校招生网/高考 100,2026-03-06T09:47:40.037788,TRUE,2020年
10284,南京大学,江苏,44,广东,2020,文科,一批,485,615,130,267,626,186,637,347,,,各高校招生网/高考 100,2026-03-06T09:47:40.037788,TRUE,2020年
10284,南京大学,江苏,45,广西,2020,理科,一批,465,640,175,335,645,234,670,435,,,各高校招生网/高考 100,2026-03-06T09:47:40.037788,TRUE,2020年
10284,南京大学,江苏,45,广西,2020,文科,一批,455,615,160,557,629,389,642,724,,,各高校招生网/高考 100,2026-03-06T09:47:40.037788,TRUE,2020年
10284,南京大学,江苏,46,海南,2020,理科,一批,475,640,165,78,653,54,665,101,,,各高校招生网/高考 100,2026-03-06T09:47:40.037788,TRUE,2020年
10284,南京大学,江苏,46,海南,2020,文科,一批,465,615,150,161,618,112,650,209,,,各高校招生网/高考 100,2026-03-06T09:47:40.037788,TRUE,2020年
10284,南京大学,江苏,50,重庆,2020,理科,一批,480,640,160,534,644,373,662,694,,,各高校招生网/高考 100,2026-03-06T09:47:40.037788,TRUE,2020年
10284,南京大学,江苏,50,重庆,2020,文科,一批,470,615,145,459,623,321,642,596,,,各高校招生网/高考 100,2026-03-06T09:47:40.037788,TRUE,2020年
10284,南京大学,江苏,51,四川,2020,理科,一批,495,640,145,1460,652,1021,657,1898,,,各高校招生网/高考 100,2026-03-06T09:47:40.037788,TRUE,2020年
10284,南京大学,江苏,51,四川,2020,文科,一批,485,615,130,1264,629,884,631,1643,,,各高校招生网/高考 100,2026-03-06T09:47:40.037788,TRUE,2020年
10284,南京大学,江苏,52,贵州,2020,理科,一批,470,640,170,1013,648,709,657,1316,,,各高校招生网/高考 100,2026-03-06T09:47:40.037788,TRUE,2020年
10284,南京大学,江苏,52,贵州,2020,文科,一批,460,615,155,665,630,465,645,864,,,各高校招生网/高考 100,2026-03-06T09:47:40.037788,TRUE,2020年
10284,南京大学,江苏,53,云南,2020,理科,一批,475,640,165,903,653,632,660,1173,,,各高校招生网/高考 100,2026-03-06T09:47:40.037788,TRUE,2020年
10284,南京大学,江苏,53,云南,2020,文科,一批,465,615,150,207,624,144,639,269,,,各高校招生网/高考 100,2026-03-06T09:47:40.037788,TRUE,2020年
10284,南京大学,江苏,54,西藏,2020,理科,一批,425,640,215,116,652,81,680,150,,,各高校招生网/高考 100,2026-03-06T09:47:40.037788,TRUE,2020年
10284,南京大学,江苏,54,西藏,2020,文科,一批,415,615,200,74,619,51,644,96,,,各高校招生网/高考 100,2026-03-06T09:47:40.037788,TRUE,2020年
10284,南京大学,江苏,61,陕西,2020,理科,一批,485,640,155,1422,651,995,658,1848,,,各高校招生网/高考 100,2026-03-06T09:47:40.037788,TRUE,2020年
10284,南京大学,江苏,61,陕西,2020,文科,一批,475,615,140,709,622,496,635,921,,,各高校招生网/高考 100,2026-03-06T09:47:40.037788,TRUE,2020年
10284,南京大学,江苏,62,甘肃,2020,理科,一批,460,640,180,381,652,266,667,495,,,各高校招生网/高考 100,2026-03-06T09:47:40.037788,TRUE,2020年
10284,南京大学,江苏,62,甘肃,2020,文科,一批,450,615,165,95,625,66,652,123,,,各高校招生网/高考 100,2026-03-06T09:47:40.037788,TRUE,2020年
10284,南京大学,江苏,63,青海,2020,理科,一批,445,640,195,186,644,130,661,241,,,各高校招生网/高考 100,2026-03-06T09:47:40.037788,TRUE,2020年
10284,南京大学,江苏,63,青海,2020,文科,一批,435,615,180,94,620,65,633,122,,,各高校招生网/高考 100,2026-03-06T09:47:40.037788,TRUE,2020年
10284,南京大学,江苏,64,宁夏,2020,理科,一批,450,640,190,365,650,255,664,474,,,各高校招生网/高考 100,2026-03-06T09:47:40.037788,TRUE,2020年
10284,南京大学,江苏,64,宁夏,2020,文科,一批,440,615,175,86,622,60,651,111,,,各高校招生网/高考 100,2026-03-06T09:47:40.037788,TRUE,2020年
10284,南京大学,江苏,65,新疆,2020,理科,一批,455,640,185,386,647,270,663,501,,,各高校招生网/高考 100,2026-03-06T09:47:40.037788,TRUE,2020年
10284,南京大学,江苏,65,新疆,2020,文科,一批,445,615,170,329,620,230,650,427,,,各高校招生网/高考 100,2026-03-06T09:47:40.037788,TRUE,2020年
10358,中国科学技术大学,安徽,11,北京,2023,综合,本科批,505,670,165,442,685,309,701,574,,,各高校招生网/高考 100,2026-03-06T09:47:40.037788,TRUE,2023年
10358,中国科学技术大学,安徽,12,天津,2023,综合,本科批,495,670,175,540,675,378,694,702,,,各高校招生网/高考 100,2026-03-06T09:47:40.037788,TRUE,2023年
10358,中国科学技术大学,安徽,13,河北,2023,理科,一批,490,670,180,594,682,415,699,772,,,各高校招生网/高考 100,2026-03-06T09:47:40.037788,TRUE,2023年
10358,中国科学技术大学,安徽,14,山西,2023,理科,一批,480,670,190,564,678,394,697,733,,,各高校招生网/高考 100,2026-03-06T09:47:40.037788,TRUE,2023年
10358,中国科学技术大学,安徽,15,内蒙古,2023,理科,一批,470,670,200,452,680,316,692,587,,,各高校招生网/高考 100,2026-03-06T09:47:40.037788,TRUE,2023年
10358,中国科学技术大学,安徽,21,辽宁,2023,理科,一批,485,670,185,339,674,237,686,440,,,各高校招生网/高考 100,2026-03-06T09:47:40.037788,TRUE,2023年
10358,中国科学技术大学,安徽,22,吉林,2023,理科,一批,475,670,195,528,680,369,699,686,,,各高校招生网/高考 100,2026-03-06T09:47:40.037788,TRUE,2023年
10358,中国科学技术大学,安徽,23,黑龙江,2023,理科,一批,480,670,190,733,683,513,704,952,,,各高校招生网/高考 100,2026-03-06T09:47:40.037788,TRUE,2023年
10358,中国科学技术大学,安徽,31,上海,2023,综合,本科批,485,670,185,493,674,345,710,640,,,各高校招生网/高考 100,2026-03-06T09:47:40.037788,TRUE,2023年
10358,中国科学技术大学,安徽,32,江苏,2023,理科,一批,500,670,170,1092,678,764,695,1419,,,各高校招生网/高考 100,2026-03-06T09:47:40.037788,TRUE,2023年
10358,中国科学技术大学,安徽,33,浙江,2023,综合,本科批,505,670,165,492,676,344,701,639,,,各高校招生网/高考 100,2026-03-06T09:47:40.037788,TRUE,2023年
10358,中国科学技术大学,安徽,34,安徽,2023,理科,一批,495,670,175,413,685,289,687,536,,,各高校招生网/高考 100,2026-03-06T09:47:40.037788,TRUE,2023年
10358,中国科学技术大学,安徽,35,福建,2023,理科,一批,490,670,180,592,679,414,692,769,,,各高校招生网/高考 100,2026-03-06T09:47:40.037788,TRUE,2023年
10358,中国科学技术大学,安徽,36,江西,2023,理科,一批,485,670,185,825,681,577,688,1072,,,各高校招生网/高考 100,2026-03-06T09:47:40.037788,TRUE,2023年
10358,中国科学技术大学,安徽,37,山东,2023,理科,一批,505,670,165,1383,674,968,701,1797,,,各高校招生网/高考 100,2026-03-06T09:47:40.037788,TRUE,2023年
10358,中国科学技术大学,安徽,41,河南,2023,理科,一批,515,670,155,1643,682,1150,706,2135,,,各高校招生网/高考 100,2026-03-06T09:47:40.037788,TRUE,2023年
10358,中国科学技术大学,安徽,42,湖北,2023,理科,一批,500,670,170,976,684,683,690,1268,,,各高校招生网/高考 100,2026-03-06T09:47:40.037788,TRUE,2023年
10358,中国科学技术大学,安徽,43,湖南,2023,理科,一批,495,670,175,471,677,329,700,612,,,各高校招生网/高考 100,2026-03-06T09:47:40.037788,TRUE,2023年
10358,中国科学技术大学,安徽,44,广东,2023,理科,一批,510,670,160,799,674,559,685,1038,,,各高校招生网/高考 100,2026-03-06T09:47:40.037788,TRUE,2023年
10358,中国科学技术大学,安徽,45,广西,2023,理科,一批,480,670,190,784,678,548,688,1019,,,各高校招生网/高考 100,2026-03-06T09:47:40.037788,TRUE,2023年
10358,中国科学技术大学,安徽,46,海南,2023,理科,一批,490,670,180,229,682,160,705,297,,,各高校招生网/高考 100,2026-03-06T09:47:40.037788,TRUE,2023年
10358,中国科学技术大学,安徽,50,重庆,2023,理科,一批,495,670,175,515,685,360,707,669,,,各高校招生网/高考 100,2026-03-06T09:47:40.037788,TRUE,2023年
10358,中国科学技术大学,安徽,51,四川,2023,理科,一批,510,670,160,1446,680,1012,706,1879,,,各高校招生网/高考 100,2026-03-06T09:47:40.037788,TRUE,2023年
10358,中国科学技术大学,安徽,52,贵州,2023,理科,一批,485,670,185,755,678,528,699,981,,,各高校招生网/高考 100,2026-03-06T09:47:40.037788,TRUE,2023年
10358,中国科学技术大学,安徽,53,云南,2023,理科,一批,490,670,180,617,676,431,688,802,,,各高校招生网/高考 100,2026-03-06T09:47:40.037788,TRUE,2023年
10358,中国科学技术大学,安徽,54,西藏,2023,理科,一批,440,670,230,100,681,70,707,130,,,各高校招生网/高考 100,2026-03-06T09:47:40.037788,TRUE,2023年
10358,中国科学技术大学,安徽,61,陕西,2023,理科,一批,500,670,170,492,684,344,710,639,,,各高校招生网/高考 100,2026-03-06T09:47:40.037788,TRUE,2023年
10358,中国科学技术大学,安徽,62,甘肃,2023,理科,一批,475,670,195,515,673,360,707,669,,,各高校招生网/高考 100,2026-03-06T09:47:40.037788,TRUE,2023年
10358,中国科学技术大学,安徽,63,青海,2023,理科,一批,460,670,210,176,683,123,703,228,,,各高校招生网/高考 100,2026-03-06T09:47:40.037788,TRUE,2023年
10358,中国科学技术大学,安徽,64,宁夏,2023,理科,一批,465,670,205,215,679,150,696,279,,,各高校招生网/高考 100,2026-03-06T09:47:40.037788,TRUE,2023年
10358,中国科学技术大学,安徽,65,新疆,2023,理科,一批,470,670,200,409,679,286,707,531,,,各高校招生网/高考 100,2026-03-06T09:47:40.037788,TRUE,2023年
10358,中国科学技术大学,安徽,11,北京,2022,综合,本科批,500,665,165,342,678,239,703,444,,,各高校招生网/高考 100,2026-03-06T09:47:40.037788,TRUE,2022年
10358,中国科学技术大学,安徽,12,天津,2022,综合,本科批,490,665,175,702,670,491,704,912,,,各高校招生网/高考 100,2026-03-06T09:47:40.037788,TRUE,2022年
10358,中国科学技术大学,安徽,13,河北,2022,理科,一批,485,665,180,507,671,354,681,659,,,各高校招生网/高考 100,2026-03-06T09:47:40.037788,TRUE,2022年
10358,中国科学技术大学,安徽,14,山西,2022,理科,一批,475,665,190,688,668,481,695,894,,,各高校招生网/高考 100,2026-03-06T09:47:40.037788,TRUE,2022年
10358,中国科学技术大学,安徽,15,内蒙古,2022,理科,一批,465,665,200,467,670,326,705,607,,,各高校招生网/高考 100,2026-03-06T09:47:40.037788,TRUE,2022年
10358,中国科学技术大学,安徽,21,辽宁,2022,理科,一批,480,665,185,847,674,592,685,1101,,,各高校招生网/高考 100,2026-03-06T09:47:40.037788,TRUE,2022年
10358,中国科学技术大学,安徽,22,吉林,2022,理科,一批,470,665,195,477,678,333,683,620,,,各高校招生网/高考 100,2026-03-06T09:47:40.037788,TRUE,2022年
10358,中国科学技术大学,安徽,23,黑龙江,2022,理科,一批,475,665,190,495,673,346,697,643,,,各高校招生网/高考 100,2026-03-06T09:47:40.037788,TRUE,2022年
10358,中国科学技术大学,安徽,31,上海,2022,综合,本科批,480,665,185,218,672,152,685,283,,,各高校招生网/高考 100,2026-03-06T09:47:40.037788,TRUE,2022年
10358,中国科学技术大学,安徽,32,江苏,2022,理科,一批,495,665,170,1320,677,923,682,1716,,,各高校招生网/高考 100,2026-03-06T09:47:40.037788,TRUE,2022年
10358,中国科学技术大学,安徽,33,浙江,2022,综合,本科批,500,665,165,1327,677,928,680,1725,,,各高校招生网/高考 100,2026-03-06T09:47:40.037788,TRUE,2022年
10358,中国科学技术大学,安徽,34,安徽,2022,理科,一批,490,665,175,1124,678,786,689,1461,,,各高校招生网/高考 100,2026-03-06T09:47:40.037788,TRUE,2022年
10358,中国科学技术大学,安徽,35,福建,2022,理科,一批,485,665,180,755,678,528,691,981,,,各高校招生网/高考 100,2026-03-06T09:47:40.037788,TRUE,2022年
10358,中国科学技术大学,安徽,36,江西,2022,理科,一批,480,665,185,470,676,329,683,611,,,各高校招生网/高考 100,2026-03-06T09:47:40.037788,TRUE,2022年
10358,中国科学技术大学,安徽,37,山东,2022,理科,一批,500,665,165,1531,671,1071,685,1990,,,各高校招生网/高考 100,2026-03-06T09:47:40.037788,TRUE,2022年
10358,中国科学技术大学,安徽,41,河南,2022,理科,一批,510,665,155,1366,679,956,682,1775,,,各高校招生网/高考 100,2026-03-06T09:47:40.037788,TRUE,2022年
10358,中国科学技术大学,安徽,42,湖北,2022,理科,一批,495,665,170,948,670,663,689,1232,,,各高校招生网/高考 100,2026-03-06T09:47:40.037788,TRUE,2022年
10358,中国科学技术大学,安徽,43,湖南,2022,理科,一批,490,665,175,504,671,352,701,655,,,各高校招生网/高考 100,2026-03-06T09:47:40.037788,TRUE,2022年
10358,中国科学技术大学,安徽,44,广东,2022,理科,一批,505,665,160,802,679,561,680,1042,,,各高校招生网/高考 100,2026-03-06T09:47:40.037788,TRUE,2022年
10358,中国科学技术大学,安徽,45,广西,2022,理科,一批,475,665,190,622,672,435,703,808,,,各高校招生网/高考 100,2026-03-06T09:47:40.037788,TRUE,2022年
10358,中国科学技术大学,安徽,46,海南,2022,理科,一批,485,665,180,224,680,156,686,291,,,各高校招生网/高考 100,2026-03-06T09:47:40.037788,TRUE,2022年
10358,中国科学技术大学,安徽,50,重庆,2022,理科,一批,490,665,175,452,668,316,688,587,,,各高校招生网/高考 100,2026-03-06T09:47:40.037788,TRUE,2022年
10358,中国科学技术大学,安徽,51,四川,2022,理科,一批,505,665,160,1335,672,934,680,1735,,,各高校招生网/高考 100,2026-03-06T09:47:40.037788,TRUE,2022年
10358,中国科学技术大学,安徽,52,贵州,2022,理科,一批,480,665,185,670,673,468,694,871,,,各高校招生网/高考 100,2026-03-06T09:47:40.037788,TRUE,2022年
10358,中国科学技术大学,安徽,53,云南,2022,理科,一批,485,665,180,782,668,547,686,1016,,,各高校招生网/高考 100,2026-03-06T09:47:40.037788,TRUE,2022年
10358,中国科学技术大学,安徽,54,西藏,2022,理科,一批,435,665,230,62,679,43,697,80,,,各高校招生网/高考 100,2026-03-06T09:47:40.037788,TRUE,2022年
10358,中国科学技术大学,安徽,61,陕西,2022,理科,一批,495,665,170,864,674,604,701,1123,,,各高校招生网/高考 100,2026-03-06T09:47:40.037788,TRUE,2022年
10358,中国科学技术大学,安徽,62,甘肃,2022,理科,一批,470,665,195,399,670,279,680,518,,,各高校招生网/高考 100,2026-03-06T09:47:40.037788,TRUE,2022年
10358,中国科学技术大学,安徽,63,青海,2022,理科,一批,455,665,210,88,676,61,700,114,,,各高校招生网/高考 100,2026-03-06T09:47:40.037788,TRUE,2022年
10358,中国科学技术大学,安徽,64,宁夏,2022,理科,一批,460,665,205,220,679,154,681,286,,,各高校招生网/高考 100,2026-03-06T09:47:40.037788,TRUE,2022年
10358,中国科学技术大学,安徽,65,新疆,2022,理科,一批,465,665,200,308,668,215,694,400,,,各高校招生网/高考 100,2026-03-06T09:47:40.037788,TRUE,2022年
10358,中国科学技术大学,安徽,11,北京,2021,综合,本科批,495,660,165,203,668,142,683,263,,,各高校招生网/高考 100,2026-03-06T09:47:40.037788,TRUE,2021年
10358,中国科学技术大学,安徽,12,天津,2021,综合,本科批,485,660,175,405,671,283,698,526,,,各高校招生网/高考 100,2026-03-06T09:47:40.037788,TRUE,2021年
10358,中国科学技术大学,安徽,13,河北,2021,理科,一批,480,660,180,1004,674,702,689,1305,,,各高校招生网/高考 100,2026-03-06T09:47:40.037788,TRUE,2021年
10358,中国科学技术大学,安徽,14,山西,2021,理科,一批,470,660,190,1191,672,833,696,1548,,,各高校招生网/高考 100,2026-03-06T09:47:40.037788,TRUE,2021年
10358,中国科学技术大学,安徽,15,内蒙古,2021,理科,一批,460,660,200,320,669,224,691,416,,,各高校招生网/高考 100,2026-03-06T09:47:40.037788,TRUE,2021年
10358,中国科学技术大学,安徽,21,辽宁,2021,理科,一批,475,660,185,1252,668,876,676,1627,,,各高校招生网/高考 100,2026-03-06T09:47:40.037788,TRUE,2021年
10358,中国科学技术大学,安徽,22,吉林,2021,理科,一批,465,660,195,608,665,425,681,790,,,各高校招生网/高考 100,2026-03-06T09:47:40.037788,TRUE,2021年
10358,中国科学技术大学,安徽,23,黑龙江,2021,理科,一批,470,660,190,863,664,604,678,1121,,,各高校招生网/高考 100,2026-03-06T09:47:40.037788,TRUE,2021年
10358,中国科学技术大学,安徽,31,上海,2021,综合,本科批,475,660,185,383,665,268,675,497,,,各高校招生网/高考 100,2026-03-06T09:47:40.037788,TRUE,2021年
10358,中国科学技术大学,安徽,32,江苏,2021,理科,一批,490,660,170,1571,673,1099,695,2042,,,各高校招生网/高考 100,2026-03-06T09:47:40.037788,TRUE,2021年
10358,中国科学技术大学,安徽,33,浙江,2021,综合,本科批,495,660,165,1668,674,1167,676,2168,,,各高校招生网/高考 100,2026-03-06T09:47:40.037788,TRUE,2021年
10358,中国科学技术大学,安徽,34,安徽,2021,理科,一批,485,660,175,506,668,354,677,657,,,各高校招生网/高考 100,2026-03-06T09:47:40.037788,TRUE,2021年
10358,中国科学技术大学,安徽,35,福建,2021,理科,一批,480,660,180,742,674,519,689,964,,,各高校招生网/高考 100,2026-03-06T09:47:40.037788,TRUE,2021年
10358,中国科学技术大学,安徽,36,江西,2021,理科,一批,475,660,185,833,666,583,678,1082,,,各高校招生网/高考 100,2026-03-06T09:47:40.037788,TRUE,2021年
10358,中国科学技术大学,安徽,37,山东,2021,理科,一批,495,660,165,863,673,604,678,1121,,,各高校招生网/高考 100,2026-03-06T09:47:40.037788,TRUE,2021年
10358,中国科学技术大学,安徽,41,河南,2021,理科,一批,505,660,155,1174,663,821,699,1526,,,各高校招生网/高考 100,2026-03-06T09:47:40.037788,TRUE,2021年
10358,中国科学技术大学,安徽,42,湖北,2021,理科,一批,490,660,170,1337,665,935,698,1738,,,各高校招生网/高考 100,2026-03-06T09:47:40.037788,TRUE,2021年
10358,中国科学技术大学,安徽,43,湖南,2021,理科,一批,485,660,175,996,674,697,694,1294,,,各高校招生网/高考 100,2026-03-06T09:47:40.037788,TRUE,2021年
10358,中国科学技术大学,安徽,44,广东,2021,理科,一批,500,660,160,918,664,642,685,1193,,,各高校招生网/高考 100,2026-03-06T09:47:40.037788,TRUE,2021年
10358,中国科学技术大学,安徽,45,广西,2021,理科,一批,470,660,190,1280,667,896,683,1664,,,各高校招生网/高考 100,2026-03-06T09:47:40.037788,TRUE,2021年
10358,中国科学技术大学,安徽,46,海南,2021,理科,一批,480,660,180,351,673,245,698,456,,,各高校招生网/高考 100,2026-03-06T09:47:40.037788,TRUE,2021年
10358,中国科学技术大学,安徽,50,重庆,2021,理科,一批,485,660,175,613,668,429,692,796,,,各高校招生网/高考 100,2026-03-06T09:47:40.037788,TRUE,2021年
10358,中国科学技术大学,安徽,51,四川,2021,理科,一批,500,660,160,1436,671,1005,698,1866,,,各高校招生网/高考 100,2026-03-06T09:47:40.037788,TRUE,2021年
10358,中国科学技术大学,安徽,52,贵州,2021,理科,一批,475,660,185,473,667,331,697,614,,,各高校招生网/高考 100,2026-03-06T09:47:40.037788,TRUE,2021年
10358,中国科学技术大学,安徽,53,云南,2021,理科,一批,480,660,180,340,665,237,690,442,,,各高校招生网/高考 100,2026-03-06T09:47:40.037788,TRUE,2021年
10358,中国科学技术大学,安徽,54,西藏,2021,理科,一批,430,660,230,123,670,86,695,159,,,各高校招生网/高考 100,2026-03-06T09:47:40.037788,TRUE,2021年
10358,中国科学技术大学,安徽,61,陕西,2021,理科,一批,490,660,170,1170,663,819,689,1521,,,各高校招生网/高考 100,2026-03-06T09:47:40.037788,TRUE,2021年
10358,中国科学技术大学,安徽,62,甘肃,2021,理科,一批,465,660,195,558,666,390,699,725,,,各高校招生网/高考 100,2026-03-06T09:47:40.037788,TRUE,2021年
10358,中国科学技术大学,安徽,63,青海,2021,理科,一批,450,660,210,166,672,116,685,215,,,各高校招生网/高考 100,2026-03-06T09:47:40.037788,TRUE,2021年
10358,中国科学技术大学,安徽,64,宁夏,2021,理科,一批,455,660,205,137,673,95,688,178,,,各高校招生网/高考 100,2026-03-06T09:47:40.037788,TRUE,2021年
10358,中国科学技术大学,安徽,65,新疆,2021,理科,一批,460,660,200,606,674,424,692,787,,,各高校招生网/高考 100,2026-03-06T09:47:40.037788,TRUE,2021年
10358,中国科学技术大学,安徽,11,北京,2020,综合,本科批,490,655,165,529,666,370,685,687,,,各高校招生网/高考 100,2026-03-06T09:47:40.037788,TRUE,2020年
10358,中国科学技术大学,安徽,12,天津,2020,综合,本科批,480,655,175,748,664,523,689,972,,,各高校招生网/高考 100,2026-03-06T09:47:40.037788,TRUE,2020年
10358,中国科学技术大学,安徽,13,河北,2020,理科,一批,475,655,180,770,668,539,682,1001,,,各高校招生网/高考 100,2026-03-06T09:47:40.037788,TRUE,2020年
10358,中国科学技术大学,安徽,14,山西,2020,理科,一批,465,655,190,592,660,414,673,769,,,各高校招生网/高考 100,2026-03-06T09:47:40.037788,TRUE,2020年
10358,中国科学技术大学,安徽,15,内蒙古,2020,理科,一批,455,655,200,737,670,515,683,958,,,各高校招生网/高考 100,2026-03-06T09:47:40.037788,TRUE,2020年
10358,中国科学技术大学,安徽,21,辽宁,2020,理科,一批,470,655,185,977,668,683,681,1270,,,各高校招生网/高考 100,2026-03-06T09:47:40.037788,TRUE,2020年
10358,中国科学技术大学,安徽,22,吉林,2020,理科,一批,460,655,195,756,665,529,682,982,,,各高校招生网/高考 100,2026-03-06T09:47:40.037788,TRUE,2020年
10358,中国科学技术大学,安徽,23,黑龙江,2020,理科,一批,465,655,190,546,667,382,693,709,,,各高校招生网/高考 100,2026-03-06T09:47:40.037788,TRUE,2020年
10358,中国科学技术大学,安徽,31,上海,2020,综合,本科批,470,655,185,287,662,200,680,373,,,各高校招生网/高考 100,2026-03-06T09:47:40.037788,TRUE,2020年
10358,中国科学技术大学,安徽,32,江苏,2020,理科,一批,485,655,170,1795,669,1256,689,2333,,,各高校招生网/高考 100,2026-03-06T09:47:40.037788,TRUE,2020年
10358,中国科学技术大学,安徽,33,浙江,2020,综合,本科批,490,655,165,848,663,593,692,1102,,,各高校招生网/高考 100,2026-03-06T09:47:40.037788,TRUE,2020年
10358,中国科学技术大学,安徽,34,安徽,2020,理科,一批,480,655,175,1559,661,1091,684,2026,,,各高校招生网/高考 100,2026-03-06T09:47:40.037788,TRUE,2020年
10358,中国科学技术大学,安徽,35,福建,2020,理科,一批,475,655,180,1113,659,779,687,1446,,,各高校招生网/高考 100,2026-03-06T09:47:40.037788,TRUE,2020年
10358,中国科学技术大学,安徽,36,江西,2020,理科,一批,470,655,185,1362,659,953,670,1770,,,各高校招生网/高考 100,2026-03-06T09:47:40.037788,TRUE,2020年
10358,中国科学技术大学,安徽,37,山东,2020,理科,一批,490,655,165,1697,662,1187,684,2206,,,各高校招生网/高考 100,2026-03-06T09:47:40.037788,TRUE,2020年
10358,中国科学技术大学,安徽,41,河南,2020,理科,一批,500,655,155,796,668,557,695,1034,,,各高校招生网/高考 100,2026-03-06T09:47:40.037788,TRUE,2020年
10358,中国科学技术大学,安徽,42,湖北,2020,理科,一批,485,655,170,1711,664,1197,688,2224,,,各高校招生网/高考 100,2026-03-06T09:47:40.037788,TRUE,2020年
10358,中国科学技术大学,安徽,43,湖南,2020,理科,一批,480,655,175,630,665,441,691,819,,,各高校招生网/高考 100,2026-03-06T09:47:40.037788,TRUE,2020年
10358,中国科学技术大学,安徽,44,广东,2020,理科,一批,495,655,160,1043,668,730,684,1355,,,各高校招生网/高考 100,2026-03-06T09:47:40.037788,TRUE,2020年
10358,中国科学技术大学,安徽,45,广西,2020,理科,一批,465,655,190,1350,665,944,694,1755,,,各高校招生网/高考 100,2026-03-06T09:47:40.037788,TRUE,2020年
10358,中国科学技术大学,安徽,46,海南,2020,理科,一批,475,655,180,319,658,223,687,414,,,各高校招生网/高考 100,2026-03-06T09:47:40.037788,TRUE,2020年
10358,中国科学技术大学,安徽,50,重庆,2020,理科,一批,480,655,175,1037,665,725,675,1348,,,各高校招生网/高考 100,2026-03-06T09:47:40.037788,TRUE,2020年
10358,中国科学技术大学,安徽,51,四川,2020,理科,一批,495,655,160,1106,666,774,680,1437,,,各高校招生网/高考 100,2026-03-06T09:47:40.037788,TRUE,2020年
10358,中国科学技术大学,安徽,52,贵州,2020,理科,一批,470,655,185,505,670,353,671,656,,,各高校招生网/高考 100,2026-03-06T09:47:40.037788,TRUE,2020年
10358,中国科学技术大学,安徽,53,云南,2020,理科,一批,475,655,180,686,669,480,675,891,,,各高校招生网/高考 100,2026-03-06T09:47:40.037788,TRUE,2020年
10358,中国科学技术大学,安徽,54,西藏,2020,理科,一批,425,655,230,122,665,85,682,158,,,各高校招生网/高考 100,2026-03-06T09:47:40.037788,TRUE,2020年
10358,中国科学技术大学,安徽,61,陕西,2020,理科,一批,485,655,170,1459,662,1021,671,1896,,,各高校招生网/高考 100,2026-03-06T09:47:40.037788,TRUE,2020年
10358,中国科学技术大学,安徽,62,甘肃,2020,理科,一批,460,655,195,367,662,256,691,477,,,各高校招生网/高考 100,2026-03-06T09:47:40.037788,TRUE,2020年
10358,中国科学技术大学,安徽,63,青海,2020,理科,一批,445,655,210,271,668,189,684,352,,,各高校招生网/高考 100,2026-03-06T09:47:40.037788,TRUE,2020年
10358,中国科学技术大学,安徽,64,宁夏,2020,理科,一批,450,655,205,149,668,104,684,193,,,各高校招生网/高考 100,2026-03-06T09:47:40.037788,TRUE,2020年
10358,中国科学技术大学,安徽,65,新疆,2020,理科,一批,455,655,200,203,665,142,671,263,,,各高校招生网/高考 100,2026-03-06T09:47:40.037788,TRUE,2020年
10213,哈尔滨工业大学,黑龙江,11,北京,2023,综合,本科批,505,645,140,556,660,389,674,722,,,各高校招生网/高考 100,2026-03-06T09:47:40.037788,TRUE,2023年
10213,哈尔滨工业大学,黑龙江,12,天津,2023,综合,本科批,495,645,150,1725,653,1207,667,2242,,,各高校招生网/高考 100,2026-03-06T09:47:40.037788,TRUE,2023年
10213,哈尔滨工业大学,黑龙江,13,河北,2023,理科,一批,490,645,155,1942,651,1359,680,2524,,,各高校招生网/高考 100,2026-03-06T09:47:40.037788,TRUE,2023年
10213,哈尔滨工业大学,黑龙江,13,河北,2023,文科,一批,480,615,135,2127,622,1488,653,2765,,,各高校招生网/高考 100,2026-03-06T09:47:40.037788,TRUE,2023年
10213,哈尔滨工业大学,黑龙江,14,山西,2023,理科,一批,480,645,165,1116,655,781,679,1450,,,各高校招生网/高考 100,2026-03-06T09:47:40.037788,TRUE,2023年
10213,哈尔滨工业大学,黑龙江,14,山西,2023,文科,一批,470,615,145,5353,622,3747,653,6958,,,各高校招生网/高考 100,2026-03-06T09:47:40.037788,TRUE,2023年
10213,哈尔滨工业大学,黑龙江,15,内蒙古,2023,理科,一批,470,645,175,949,659,664,661,1233,,,各高校招生网/高考 100,2026-03-06T09:47:40.037788,TRUE,2023年
10213,哈尔滨工业大学,黑龙江,15,内蒙古,2023,文科,一批,460,615,155,3950,622,2765,655,5135,,,各高校招生网/高考 100,2026-03-06T09:47:40.037788,TRUE,2023年
10213,哈尔滨工业大学,黑龙江,21,辽宁,2023,理科,一批,485,645,160,1726,656,1208,665,2243,,,各高校招生网/高考 100,2026-03-06T09:47:40.037788,TRUE,2023年
10213,哈尔滨工业大学,黑龙江,21,辽宁,2023,文科,一批,475,615,140,3365,627,2355,642,4374,,,各高校招生网/高考 100,2026-03-06T09:47:40.037788,TRUE,2023年
10213,哈尔滨工业大学,黑龙江,22,吉林,2023,理科,一批,475,645,170,557,652,389,667,724,,,各高校招生网/高考 100,2026-03-06T09:47:40.037788,TRUE,2023年
10213,哈尔滨工业大学,黑龙江,22,吉林,2023,文科,一批,465,615,150,4510,620,3157,639,5863,,,各高校招生网/高考 100,2026-03-06T09:47:40.037788,TRUE,2023年
10213,哈尔滨工业大学,黑龙江,23,黑龙江,2023,理科,一批,480,645,165,993,651,695,666,1290,,,各高校招生网/高考 100,2026-03-06T09:47:40.037788,TRUE,2023年
10213,哈尔滨工业大学,黑龙江,23,黑龙江,2023,文科,一批,470,615,145,5519,625,3863,640,7174,,,各高校招生网/高考 100,2026-03-06T09:47:40.037788,TRUE,2023年
10213,哈尔滨工业大学,黑龙江,31,上海,2023,综合,本科批,485,645,160,1381,659,966,661,1795,,,各高校招生网/高考 100,2026-03-06T09:47:40.037788,TRUE,2023年
10213,哈尔滨工业大学,黑龙江,32,江苏,2023,理科,一批,500,645,145,2559,656,1791,676,3326,,,各高校招生网/高考 100,2026-03-06T09:47:40.037788,TRUE,2023年
10213,哈尔滨工业大学,黑龙江,32,江苏,2023,文科,一批,490,615,125,9232,625,6462,651,12001,,,各高校招生网/高考 100,2026-03-06T09:47:40.037788,TRUE,2023年
10213,哈尔滨工业大学,黑龙江,33,浙江,2023,综合,本科批,505,645,140,876,651,613,676,1138,,,各高校招生网/高考 100,2026-03-06T09:47:40.037788,TRUE,2023年
10213,哈尔滨工业大学,黑龙江,34,安徽,2023,理科,一批,495,645,150,1595,657,1116,679,2073,,,各高校招生网/高考 100,2026-03-06T09:47:40.037788,TRUE,2023年
10213,哈尔滨工业大学,黑龙江,34,安徽,2023,文科,一批,485,615,130,1957,619,1369,644,2544,,,各高校招生网/高考 100,2026-03-06T09:47:40.037788,TRUE,2023年
10213,哈尔滨工业大学,黑龙江,35,福建,2023,理科,一批,490,645,155,868,655,607,676,1128,,,各高校招生网/高考 100,2026-03-06T09:47:40.037788,TRUE,2023年
10213,哈尔滨工业大学,黑龙江,35,福建,2023,文科,一批,480,615,135,1593,627,1115,637,2070,,,各高校招生网/高考 100,2026-03-06T09:47:40.037788,TRUE,2023年
10213,哈尔滨工业大学,黑龙江,36,江西,2023,理科,一批,485,645,160,713,651,499,665,926,,,各高校招生网/高考 100,2026-03-06T09:47:40.037788,TRUE,2023年
10213,哈尔滨工业大学,黑龙江,36,江西,2023,文科,一批,475,615,140,2233,618,1563,646,2902,,,各高校招生网/高考 100,2026-03-06T09:47:40.037788,TRUE,2023年
10213,哈尔滨工业大学,黑龙江,37,山东,2023,理科,一批,505,645,140,1872,660,1310,663,2433,,,各高校招生网/高考 100,2026-03-06T09:47:40.037788,TRUE,2023年
10213,哈尔滨工业大学,黑龙江,37,山东,2023,文科,一批,495,615,120,2027,628,1418,633,2635,,,各高校招生网/高考 100,2026-03-06T09:47:40.037788,TRUE,2023年
10213,哈尔滨工业大学,黑龙江,41,河南,2023,理科,一批,515,645,130,1735,657,1214,662,2255,,,各高校招生网/高考 100,2026-03-06T09:47:40.037788,TRUE,2023年
10213,哈尔滨工业大学,黑龙江,41,河南,2023,文科,一批,505,615,110,11897,630,8327,649,15466,,,各高校招生网/高考 100,2026-03-06T09:47:40.037788,TRUE,2023年
10213,哈尔滨工业大学,黑龙江,42,湖北,2023,理科,一批,500,645,145,966,648,676,670,1255,,,各高校招生网/高考 100,2026-03-06T09:47:40.037788,TRUE,2023年
10213,哈尔滨工业大学,黑龙江,42,湖北,2023,文科,一批,490,615,125,4098,623,2868,630,5327,,,各高校招生网/高考 100,2026-03-06T09:47:40.037788,TRUE,2023年
10213,哈尔滨工业大学,黑龙江,43,湖南,2023,理科,一批,495,645,150,1388,658,971,681,1804,,,各高校招生网/高考 100,2026-03-06T09:47:40.037788,TRUE,2023年
10213,哈尔滨工业大学,黑龙江,43,湖南,2023,文科,一批,485,615,130,5148,622,3603,642,6692,,,各高校招生网/高考 100,2026-03-06T09:47:40.037788,TRUE,2023年
10213,哈尔滨工业大学,黑龙江,44,广东,2023,理科,一批,510,645,135,2623,658,1836,666,3409,,,各高校招生网/高考 100,2026-03-06T09:47:40.037788,TRUE,2023年
10213,哈尔滨工业大学,黑龙江,44,广东,2023,文科,一批,500,615,115,4174,622,2921,653,5426,,,各高校招生网/高考 100,2026-03-06T09:47:40.037788,TRUE,2023年
10213,哈尔滨工业大学,黑龙江,45,广西,2023,理科,一批,480,645,165,2081,653,1456,665,2705,,,各高校招生网/高考 100,2026-03-06T09:47:40.037788,TRUE,2023年
10213,哈尔滨工业大学,黑龙江,45,广西,2023,文科,一批,470,615,145,1194,619,835,638,1552,,,各高校招生网/高考 100,2026-03-06T09:47:40.037788,TRUE,2023年
10213,哈尔滨工业大学,黑龙江,46,海南,2023,理科,一批,490,645,155,589,649,412,684,765,,,各高校招生网/高考 100,2026-03-06T09:47:40.037788,TRUE,2023年
10213,哈尔滨工业大学,黑龙江,46,海南,2023,文科,一批,480,615,135,621,620,434,643,807,,,各高校招生网/高考 100,2026-03-06T09:47:40.037788,TRUE,2023年
10213,哈尔滨工业大学,黑龙江,50,重庆,2023,理科,一批,495,645,150,1234,658,863,679,1604,,,各高校招生网/高考 100,2026-03-06T09:47:40.037788,TRUE,2023年
10213,哈尔滨工业大学,黑龙江,50,重庆,2023,文科,一批,485,615,130,2993,618,2095,630,3890,,,各高校招生网/高考 100,2026-03-06T09:47:40.037788,TRUE,2023年
10213,哈尔滨工业大学,黑龙江,51,四川,2023,理科,一批,510,645,135,1511,649,1057,665,1964,,,各高校招生网/高考 100,2026-03-06T09:47:40.037788,TRUE,2023年
10213,哈尔滨工业大学,黑龙江,51,四川,2023,文科,一批,500,615,115,1751,623,1225,637,2276,,,各高校招生网/高考 100,2026-03-06T09:47:40.037788,TRUE,2023年
10213,哈尔滨工业大学,黑龙江,52,贵州,2023,理科,一批,485,645,160,1686,649,1180,669,2191,,,各高校招生网/高考 100,2026-03-06T09:47:40.037788,TRUE,2023年
10213,哈尔滨工业大学,黑龙江,52,贵州,2023,文科,一批,475,615,140,4036,626,2825,641,5246,,,各高校招生网/高考 100,2026-03-06T09:47:40.037788,TRUE,2023年
10213,哈尔滨工业大学,黑龙江,53,云南,2023,理科,一批,490,645,155,1526,653,1068,671,1983,,,各高校招生网/高考 100,2026-03-06T09:47:40.037788,TRUE,2023年
10213,哈尔滨工业大学,黑龙江,53,云南,2023,文科,一批,480,615,135,2524,621,1766,632,3281,,,各高校招生网/高考 100,2026-03-06T09:47:40.037788,TRUE,2023年
10213,哈尔滨工业大学,黑龙江,54,西藏,2023,理科,一批,440,645,205,69,651,48,660,89,,,各高校招生网/高考 100,2026-03-06T09:47:40.037788,TRUE,2023年
10213,哈尔滨工业大学,黑龙江,54,西藏,2023,文科,一批,430,615,185,571,618,399,642,742,,,各高校招生网/高考 100,2026-03-06T09:47:40.037788,TRUE,2023年
10213,哈尔滨工业大学,黑龙江,61,陕西,2023,理科,一批,500,645,145,1441,660,1008,673,1873,,,各高校招生网/高考 100,2026-03-06T09:47:40.037788,TRUE,2023年
10213,哈尔滨工业大学,黑龙江,61,陕西,2023,文科,一批,490,615,125,5644,627,3950,634,7337,,,各高校招生网/高考 100,2026-03-06T09:47:40.037788,TRUE,2023年
10213,哈尔滨工业大学,黑龙江,62,甘肃,2023,理科,一批,475,645,170,293,651,205,663,380,,,各高校招生网/高考 100,2026-03-06T09:47:40.037788,TRUE,2023年
10213,哈尔滨工业大学,黑龙江,62,甘肃,2023,文科,一批,465,615,150,3369,618,2358,633,4379,,,各高校招生网/高考 100,2026-03-06T09:47:40.037788,TRUE,2023年
10213,哈尔滨工业大学,黑龙江,63,青海,2023,理科,一批,460,645,185,404,658,282,661,525,,,各高校招生网/高考 100,2026-03-06T09:47:40.037788,TRUE,2023年
10213,哈尔滨工业大学,黑龙江,63,青海,2023,文科,一批,450,615,165,263,630,184,654,341,,,各高校招生网/高考 100,2026-03-06T09:47:40.037788,TRUE,2023年
10213,哈尔滨工业大学,黑龙江,64,宁夏,2023,理科,一批,465,645,180,460,655,322,678,598,,,各高校招生网/高考 100,2026-03-06T09:47:40.037788,TRUE,2023年
10213,哈尔滨工业大学,黑龙江,64,宁夏,2023,文科,一批,455,615,160,742,628,519,651,964,,,各高校招生网/高考 100,2026-03-06T09:47:40.037788,TRUE,2023年
10213,哈尔滨工业大学,黑龙江,65,新疆,2023,理科,一批,470,645,175,463,652,324,684,601,,,各高校招生网/高考 100,2026-03-06T09:47:40.037788,TRUE,2023年
10213,哈尔滨工业大学,黑龙江,65,新疆,2023,文科,一批,460,615,155,2981,630,2086,632,3875,,,各高校招生网/高考 100,2026-03-06T09:47:40.037788,TRUE,2023年
10213,哈尔滨工业大学,黑龙江,11,北京,2022,综合,本科批,500,640,140,1189,650,832,668,1545,,,各高校招生网/高考 100,2026-03-06T09:47:40.037788,TRUE,2022年
10213,哈尔滨工业大学,黑龙江,12,天津,2022,综合,本科批,490,640,150,1101,646,770,663,1431,,,各高校招生网/高考 100,2026-03-06T09:47:40.037788,TRUE,2022年
10213,哈尔滨工业大学,黑龙江,13,河北,2022,理科,一批,485,640,155,1029,654,720,676,1337,,,各高校招生网/高考 100,2026-03-06T09:47:40.037788,TRUE,2022年
10213,哈尔滨工业大学,黑龙江,13,河北,2022,文科,一批,475,610,135,2524,621,1766,626,3281,,,各高校招生网/高考 100,2026-03-06T09:47:40.037788,TRUE,2022年
10213,哈尔滨工业大学,黑龙江,14,山西,2022,理科,一批,475,640,165,1664,653,1164,665,2163,,,各高校招生网/高考 100,2026-03-06T09:47:40.037788,TRUE,2022年
10213,哈尔滨工业大学,黑龙江,14,山西,2022,文科,一批,465,610,145,5351,618,3745,627,6956,,,各高校招生网/高考 100,2026-03-06T09:47:40.037788,TRUE,2022年
10213,哈尔滨工业大学,黑龙江,15,内蒙古,2022,理科,一批,465,640,175,1261,654,882,671,1639,,,各高校招生网/高考 100,2026-03-06T09:47:40.037788,TRUE,2022年
10213,哈尔滨工业大学,黑龙江,15,内蒙古,2022,文科,一批,455,610,155,3989,617,2792,641,5185,,,各高校招生网/高考 100,2026-03-06T09:47:40.037788,TRUE,2022年
10213,哈尔滨工业大学,黑龙江,21,辽宁,2022,理科,一批,480,640,160,863,650,604,655,1121,,,各高校招生网/高考 100,2026-03-06T09:47:40.037788,TRUE,2022年
10213,哈尔滨工业大学,黑龙江,21,辽宁,2022,文科,一批,470,610,140,1559,623,1091,635,2026,,,各高校招生网/高考 100,2026-03-06T09:47:40.037788,TRUE,2022年
10213,哈尔滨工业大学,黑龙江,22,吉林,2022,理科,一批,470,640,170,484,644,338,672,629,,,各高校招生网/高考 100,2026-03-06T09:47:40.037788,TRUE,2022年
10213,哈尔滨工业大学,黑龙江,22,吉林,2022,文科,一批,460,610,150,3630,616,2541,649,4719,,,各高校招生网/高考 100,2026-03-06T09:47:40.037788,TRUE,2022年
10213,哈尔滨工业大学,黑龙江,23,黑龙江,2022,理科,一批,475,640,165,743,645,520,672,965,,,各高校招生网/高考 100,2026-03-06T09:47:40.037788,TRUE,2022年
10213,哈尔滨工业大学,黑龙江,23,黑龙江,2022,文科,一批,465,610,145,1606,625,1124,648,2087,,,各高校招生网/高考 100,2026-03-06T09:47:40.037788,TRUE,2022年
10213,哈尔滨工业大学,黑龙江,31,上海,2022,综合,本科批,480,640,160,1479,645,1035,661,1922,,,各高校招生网/高考 100,2026-03-06T09:47:40.037788,TRUE,2022年
10213,哈尔滨工业大学,黑龙江,32,江苏,2022,理科,一批,495,640,145,1253,646,877,674,1628,,,各高校招生网/高考 100,2026-03-06T09:47:40.037788,TRUE,2022年
10213,哈尔滨工业大学,黑龙江,32,江苏,2022,文科,一批,485,610,125,8413,616,5889,640,10936,,,各高校招生网/高考 100,2026-03-06T09:47:40.037788,TRUE,2022年
10213,哈尔滨工业大学,黑龙江,33,浙江,2022,综合,本科批,500,640,140,862,654,603,663,1120,,,各高校招生网/高考 100,2026-03-06T09:47:40.037788,TRUE,2022年
10213,哈尔滨工业大学,黑龙江,34,安徽,2022,理科,一批,490,640,150,1899,643,1329,670,2468,,,各高校招生网/高考 100,2026-03-06T09:47:40.037788,TRUE,2022年
10213,哈尔滨工业大学,黑龙江,34,安徽,2022,文科,一批,480,610,130,3692,619,2584,625,4799,,,各高校招生网/高考 100,2026-03-06T09:47:40.037788,TRUE,2022年
10213,哈尔滨工业大学,黑龙江,35,福建,2022,理科,一批,485,640,155,981,653,686,656,1275,,,各高校招生网/高考 100,2026-03-06T09:47:40.037788,TRUE,2022年
10213,哈尔滨工业大学,黑龙江,35,福建,2022,文科,一批,475,610,135,3129,618,2190,644,4067,,,各高校招生网/高考 100,2026-03-06T09:47:40.037788,TRUE,2022年
10213,哈尔滨工业大学,黑龙江,36,江西,2022,理科,一批,480,640,160,969,647,678,659,1259,,,各高校招生网/高考 100,2026-03-06T09:47:40.037788,TRUE,2022年
10213,哈尔滨工业大学,黑龙江,36,江西,2022,文科,一批,470,610,140,6449,622,4514,639,8383,,,各高校招生网/高考 100,2026-03-06T09:47:40.037788,TRUE,2022年
10213,哈尔滨工业大学,黑龙江,37,山东,2022,理科,一批,500,640,140,1533,653,1073,679,1992,,,各高校招生网/高考 100,2026-03-06T09:47:40.037788,TRUE,2022年
10213,哈尔滨工业大学,黑龙江,37,山东,2022,文科,一批,490,610,120,8229,617,5760,650,10697,,,各高校招生网/高考 100,2026-03-06T09:47:40.037788,TRUE,2022年
10213,哈尔滨工业大学,黑龙江,41,河南,2022,理科,一批,510,640,130,1278,655,894,670,1661,,,各高校招生网/高考 100,2026-03-06T09:47:40.037788,TRUE,2022年
10213,哈尔滨工业大学,黑龙江,41,河南,2022,文科,一批,500,610,110,6179,615,4325,648,8032,,,各高校招生网/高考 100,2026-03-06T09:47:40.037788,TRUE,2022年
10213,哈尔滨工业大学,黑龙江,42,湖北,2022,理科,一批,495,640,145,791,651,553,657,1028,,,各高校招生网/高考 100,2026-03-06T09:47:40.037788,TRUE,2022年
10213,哈尔滨工业大学,黑龙江,42,湖北,2022,文科,一批,485,610,125,10240,616,7168,627,13312,,,各高校招生网/高考 100,2026-03-06T09:47:40.037788,TRUE,2022年
10213,哈尔滨工业大学,黑龙江,43,湖南,2022,理科,一批,490,640,150,2836,654,1985,677,3686,,,各高校招生网/高考 100,2026-03-06T09:47:40.037788,TRUE,2022年
10213,哈尔滨工业大学,黑龙江,43,湖南,2022,文科,一批,480,610,130,7046,617,4932,641,9159,,,各高校招生网/高考 100,2026-03-06T09:47:40.037788,TRUE,2022年
10213,哈尔滨工业大学,黑龙江,44,广东,2022,理科,一批,505,640,135,2368,644,1657,674,3078,,,各高校招生网/高考 100,2026-03-06T09:47:40.037788,TRUE,2022年
10213,哈尔滨工业大学,黑龙江,44,广东,2022,文科,一批,495,610,115,13512,625,9458,645,17565,,,各高校招生网/高考 100,2026-03-06T09:47:40.037788,TRUE,2022年
10213,哈尔滨工业大学,黑龙江,45,广西,2022,理科,一批,475,640,165,2495,644,1746,675,3243,,,各高校招生网/高考 100,2026-03-06T09:47:40.037788,TRUE,2022年
10213,哈尔滨工业大学,黑龙江,45,广西,2022,文科,一批,465,610,145,7600,619,5320,628,9880,,,各高校招生网/高考 100,2026-03-06T09:47:40.037788,TRUE,2022年
10213,哈尔滨工业大学,黑龙江,46,海南,2022,理科,一批,485,640,155,213,653,149,659,276,,,各高校招生网/高考 100,2026-03-06T09:47:40.037788,TRUE,2022年
10213,哈尔滨工业大学,黑龙江,46,海南,2022,文科,一批,475,610,135,1127,625,788,650,1465,,,各高校招生网/高考 100,2026-03-06T09:47:40.037788,TRUE,2022年
10213,哈尔滨工业大学,黑龙江,50,重庆,2022,理科,一批,490,640,150,1527,646,1068,666,1985,,,各高校招生网/高考 100,2026-03-06T09:47:40.037788,TRUE,2022年
10213,哈尔滨工业大学,黑龙江,50,重庆,2022,文科,一批,480,610,130,3521,614,2464,625,4577,,,各高校招生网/高考 100,2026-03-06T09:47:40.037788,TRUE,2022年
10213,哈尔滨工业大学,黑龙江,51,四川,2022,理科,一批,505,640,135,1971,644,1379,674,2562,,,各高校招生网/高考 100,2026-03-06T09:47:40.037788,TRUE,2022年
10213,哈尔滨工业大学,黑龙江,51,四川,2022,文科,一批,495,610,115,10290,617,7202,625,13377,,,各高校招生网/高考 100,2026-03-06T09:47:40.037788,TRUE,2022年
10213,哈尔滨工业大学,黑龙江,52,贵州,2022,理科,一批,480,640,160,983,643,688,663,1277,,,各高校招生网/高考 100,2026-03-06T09:47:40.037788,TRUE,2022年
10213,哈尔滨工业大学,黑龙江,52,贵州,2022,文科,一批,470,610,140,5070,618,3549,625,6591,,,各高校招生网/高考 100,2026-03-06T09:47:40.037788,TRUE,2022年
10213,哈尔滨工业大学,黑龙江,53,云南,2022,理科,一批,485,640,155,1219,647,853,667,1584,,,各高校招生网/高考 100,2026-03-06T09:47:40.037788,TRUE,2022年
10213,哈尔滨工业大学,黑龙江,53,云南,2022,文科,一批,475,610,135,4906,617,3434,626,6377,,,各高校招生网/高考 100,2026-03-06T09:47:40.037788,TRUE,2022年
10213,哈尔滨工业大学,黑龙江,54,西藏,2022,理科,一批,435,640,205,163,645,114,664,211,,,各高校招生网/高考 100,2026-03-06T09:47:40.037788,TRUE,2022年
10213,哈尔滨工业大学,黑龙江,54,西藏,2022,文科,一批,425,610,185,423,614,296,638,549,,,各高校招生网/高考 100,2026-03-06T09:47:40.037788,TRUE,2022年
10213,哈尔滨工业大学,黑龙江,61,陕西,2022,理科,一批,495,640,145,2287,654,1600,676,2973,,,各高校招生网/高考 100,2026-03-06T09:47:40.037788,TRUE,2022年
10213,哈尔滨工业大学,黑龙江,61,陕西,2022,文科,一批,485,610,125,2026,623,1418,641,2633,,,各高校招生网/高考 100,2026-03-06T09:47:40.037788,TRUE,2022年
10213,哈尔滨工业大学,黑龙江,62,甘肃,2022,理科,一批,470,640,170,916,648,641,673,1190,,,各高校招生网/高考 100,2026-03-06T09:47:40.037788,TRUE,2022年
10213,哈尔滨工业大学,黑龙江,62,甘肃,2022,文科,一批,460,610,150,2372,624,1660,646,3083,,,各高校招生网/高考 100,2026-03-06T09:47:40.037788,TRUE,2022年
10213,哈尔滨工业大学,黑龙江,63,青海,2022,理科,一批,455,640,185,465,650,325,660,604,,,各高校招生网/高考 100,2026-03-06T09:47:40.037788,TRUE,2022年
10213,哈尔滨工业大学,黑龙江,63,青海,2022,文科,一批,445,610,165,696,620,487,646,904,,,各高校招生网/高考 100,2026-03-06T09:47:40.037788,TRUE,2022年
10213,哈尔滨工业大学,黑龙江,64,宁夏,2022,理科,一批,460,640,180,744,643,520,656,967,,,各高校招生网/高考 100,2026-03-06T09:47:40.037788,TRUE,2022年
10213,哈尔滨工业大学,黑龙江,64,宁夏,2022,文科,一批,450,610,160,618,615,432,644,803,,,各高校招生网/高考 100,2026-03-06T09:47:40.037788,TRUE,2022年
10213,哈尔滨工业大学,黑龙江,65,新疆,2022,理科,一批,465,640,175,980,653,686,675,1274,,,各高校招生网/高考 100,2026-03-06T09:47:40.037788,TRUE,2022年
10213,哈尔滨工业大学,黑龙江,65,新疆,2022,文科,一批,455,610,155,866,622,606,635,1125,,,各高校招生网/高考 100,2026-03-06T09:47:40.037788,TRUE,2022年
10213,哈尔滨工业大学,黑龙江,11,北京,2021,综合,本科批,495,635,140,614,643,429,662,798,,,各高校招生网/高考 100,2026-03-06T09:47:40.037788,TRUE,2021年
10213,哈尔滨工业大学,黑龙江,12,天津,2021,综合,本科批,485,635,150,585,638,409,657,760,,,各高校招生网/高考 100,2026-03-06T09:47:40.037788,TRUE,2021年
10213,哈尔滨工业大学,黑龙江,13,河北,2021,理科,一批,480,635,155,2397,645,1677,664,3116,,,各高校招生网/高考 100,2026-03-06T09:47:40.037788,TRUE,2021年
10213,哈尔滨工业大学,黑龙江,13,河北,2021,文科,一批,470,605,135,4169,619,2918,638,5419,,,各高校招生网/高考 100,2026-03-06T09:47:40.037788,TRUE,2021年
10213,哈尔滨工业大学,黑龙江,14,山西,2021,理科,一批,470,635,165,1240,650,868,670,1612,,,各高校招生网/高考 100,2026-03-06T09:47:40.037788,TRUE,2021年
10213,哈尔滨工业大学,黑龙江,14,山西,2021,文科,一批,460,605,145,7801,609,5460,639,10141,,,各高校招生网/高考 100,2026-03-06T09:47:40.037788,TRUE,2021年
10213,哈尔滨工业大学,黑龙江,15,内蒙古,2021,理科,一批,460,635,175,577,646,403,651,750,,,各高校招生网/高考 100,2026-03-06T09:47:40.037788,TRUE,2021年
10213,哈尔滨工业大学,黑龙江,15,内蒙古,2021,文科,一批,450,605,155,2304,620,1612,623,2995,,,各高校招生网/高考 100,2026-03-06T09:47:40.037788,TRUE,2021年
10213,哈尔滨工业大学,黑龙江,21,辽宁,2021,理科,一批,475,635,160,747,650,522,650,971,,,各高校招生网/高考 100,2026-03-06T09:47:40.037788,TRUE,2021年
10213,哈尔滨工业大学,黑龙江,21,辽宁,2021,文科,一批,465,605,140,5857,609,4099,644,7614,,,各高校招生网/高考 100,2026-03-06T09:47:40.037788,TRUE,2021年
10213,哈尔滨工业大学,黑龙江,22,吉林,2021,理科,一批,465,635,170,827,640,578,666,1075,,,各高校招生网/高考 100,2026-03-06T09:47:40.037788,TRUE,2021年
10213,哈尔滨工业大学,黑龙江,22,吉林,2021,文科,一批,455,605,150,1873,613,1311,641,2434,,,各高校招生网/高考 100,2026-03-06T09:47:40.037788,TRUE,2021年
10213,哈尔滨工业大学,黑龙江,23,黑龙江,2021,理科,一批,470,635,165,2132,643,1492,673,2771,,,各高校招生网/高考 100,2026-03-06T09:47:40.037788,TRUE,2021年
10213,哈尔滨工业大学,黑龙江,23,黑龙江,2021,文科,一批,460,605,145,6897,611,4827,632,8966,,,各高校招生网/高考 100,2026-03-06T09:47:40.037788,TRUE,2021年
10213,哈尔滨工业大学,黑龙江,31,上海,2021,综合,本科批,475,635,160,1528,647,1069,658,1986,,,各高校招生网/高考 100,2026-03-06T09:47:40.037788,TRUE,2021年
10213,哈尔滨工业大学,黑龙江,32,江苏,2021,理科,一批,490,635,145,2466,640,1726,651,3205,,,各高校招生网/高考 100,2026-03-06T09:47:40.037788,TRUE,2021年
10213,哈尔滨工业大学,黑龙江,32,江苏,2021,文科,一批,480,605,125,2715,618,1900,636,3529,,,各高校招生网/高考 100,2026-03-06T09:47:40.037788,TRUE,2021年
10213,哈尔滨工业大学,黑龙江,33,浙江,2021,综合,本科批,495,635,140,3088,650,2161,651,4014,,,各高校招生网/高考 100,2026-03-06T09:47:40.037788,TRUE,2021年
10213,哈尔滨工业大学,黑龙江,34,安徽,2021,理科,一批,485,635,150,1195,646,836,662,1553,,,各高校招生网/高考 100,2026-03-06T09:47:40.037788,TRUE,2021年
10213,哈尔滨工业大学,黑龙江,34,安徽,2021,文科,一批,475,605,130,8430,610,5901,639,10959,,,各高校招生网/高考 100,2026-03-06T09:47:40.037788,TRUE,2021年
10213,哈尔滨工业大学,黑龙江,35,福建,2021,理科,一批,480,635,155,1580,639,1106,656,2054,,,各高校招生网/高考 100,2026-03-06T09:47:40.037788,TRUE,2021年
10213,哈尔滨工业大学,黑龙江,35,福建,2021,文科,一批,470,605,135,7107,616,4974,629,9239,,,各高校招生网/高考 100,2026-03-06T09:47:40.037788,TRUE,2021年
10213,哈尔滨工业大学,黑龙江,36,江西,2021,理科,一批,475,635,160,1867,645,1306,674,2427,,,各高校招生网/高考 100,2026-03-06T09:47:40.037788,TRUE,2021年
10213,哈尔滨工业大学,黑龙江,36,江西,2021,文科,一批,465,605,140,3884,615,2718,624,5049,,,各高校招生网/高考 100,2026-03-06T09:47:40.037788,TRUE,2021年
10213,哈尔滨工业大学,黑龙江,37,山东,2021,理科,一批,495,635,140,1680,643,1176,671,2184,,,各高校招生网/高考 100,2026-03-06T09:47:40.037788,TRUE,2021年
10213,哈尔滨工业大学,黑龙江,37,山东,2021,文科,一批,485,605,120,6447,613,4512,644,8381,,,各高校招生网/高考 100,2026-03-06T09:47:40.037788,TRUE,2021年
10213,哈尔滨工业大学,黑龙江,41,河南,2021,理科,一批,505,635,130,3648,650,2553,661,4742,,,各高校招生网/高考 100,2026-03-06T09:47:40.037788,TRUE,2021年
10213,哈尔滨工业大学,黑龙江,41,河南,2021,文科,一批,495,605,110,8757,608,6129,642,11384,,,各高校招生网/高考 100,2026-03-06T09:47:40.037788,TRUE,2021年
10213,哈尔滨工业大学,黑龙江,42,湖北,2021,理科,一批,490,635,145,2130,641,1491,656,2769,,,各高校招生网/高考 100,2026-03-06T09:47:40.037788,TRUE,2021年
10213,哈尔滨工业大学,黑龙江,42,湖北,2021,文科,一批,480,605,125,5864,610,4104,621,7623,,,各高校招生网/高考 100,2026-03-06T09:47:40.037788,TRUE,2021年
10213,哈尔滨工业大学,黑龙江,43,湖南,2021,理科,一批,485,635,150,3252,643,2276,663,4227,,,各高校招生网/高考 100,2026-03-06T09:47:40.037788,TRUE,2021年
10213,哈尔滨工业大学,黑龙江,43,湖南,2021,文科,一批,475,605,130,5048,615,3533,625,6562,,,各高校招生网/高考 100,2026-03-06T09:47:40.037788,TRUE,2021年
10213,哈尔滨工业大学,黑龙江,44,广东,2021,理科,一批,500,635,135,3599,648,2519,662,4678,,,各高校招生网/高考 100,2026-03-06T09:47:40.037788,TRUE,2021年
10213,哈尔滨工业大学,黑龙江,44,广东,2021,文科,一批,490,605,115,14666,614,10266,637,19065,,,各高校招生网/高考 100,2026-03-06T09:47:40.037788,TRUE,2021年
10213,哈尔滨工业大学,黑龙江,45,广西,2021,理科,一批,470,635,165,2335,645,1634,651,3035,,,各高校招生网/高考 100,2026-03-06T09:47:40.037788,TRUE,2021年
10213,哈尔滨工业大学,黑龙江,45,广西,2021,文科,一批,460,605,145,1609,612,1126,642,2091,,,各高校招生网/高考 100,2026-03-06T09:47:40.037788,TRUE,2021年
10213,哈尔滨工业大学,黑龙江,46,海南,2021,理科,一批,480,635,155,343,639,240,653,445,,,各高校招生网/高考 100,2026-03-06T09:47:40.037788,TRUE,2021年
10213,哈尔滨工业大学,黑龙江,46,海南,2021,文科,一批,470,605,135,1384,609,968,635,1799,,,各高校招生网/高考 100,2026-03-06T09:47:40.037788,TRUE,2021年
10213,哈尔滨工业大学,黑龙江,50,重庆,2021,理科,一批,485,635,150,860,648,602,667,1118,,,各高校招生网/高考 100,2026-03-06T09:47:40.037788,TRUE,2021年
10213,哈尔滨工业大学,黑龙江,50,重庆,2021,文科,一批,475,605,130,5258,608,3680,624,6835,,,各高校招生网/高考 100,2026-03-06T09:47:40.037788,TRUE,2021年
10213,哈尔滨工业大学,黑龙江,51,四川,2021,理科,一批,500,635,135,3842,645,2689,657,4994,,,各高校招生网/高考 100,2026-03-06T09:47:40.037788,TRUE,2021年
10213,哈尔滨工业大学,黑龙江,51,四川,2021,文科,一批,490,605,115,7111,620,4977,630,9244,,,各高校招生网/高考 100,2026-03-06T09:47:40.037788,TRUE,2021年
10213,哈尔滨工业大学,黑龙江,52,贵州,2021,理科,一批,475,635,160,1772,646,1240,662,2303,,,各高校招生网/高考 100,2026-03-06T09:47:40.037788,TRUE,2021年
10213,哈尔滨工业大学,黑龙江,52,贵州,2021,文科,一批,465,605,140,3414,614,2389,631,4438,,,各高校招生网/高考 100,2026-03-06T09:47:40.037788,TRUE,2021年
10213,哈尔滨工业大学,黑龙江,53,云南,2021,理科,一批,480,635,155,1621,642,1134,656,2107,,,各高校招生网/高考 100,2026-03-06T09:47:40.037788,TRUE,2021年
10213,哈尔滨工业大学,黑龙江,53,云南,2021,文科,一批,470,605,135,4829,614,3380,633,6277,,,各高校招生网/高考 100,2026-03-06T09:47:40.037788,TRUE,2021年
10213,哈尔滨工业大学,黑龙江,54,西藏,2021,理科,一批,430,635,205,150,643,105,658,195,,,各高校招生网/高考 100,2026-03-06T09:47:40.037788,TRUE,2021年
10213,哈尔滨工业大学,黑龙江,54,西藏,2021,文科,一批,420,605,185,551,620,385,629,716,,,各高校招生网/高考 100,2026-03-06T09:47:40.037788,TRUE,2021年
10213,哈尔滨工业大学,黑龙江,61,陕西,2021,理科,一批,490,635,145,2460,644,1722,653,3198,,,各高校招生网/高考 100,2026-03-06T09:47:40.037788,TRUE,2021年
10213,哈尔滨工业大学,黑龙江,61,陕西,2021,文科,一批,480,605,125,9015,611,6310,624,11719,,,各高校招生网/高考 100,2026-03-06T09:47:40.037788,TRUE,2021年
10213,哈尔滨工业大学,黑龙江,62,甘肃,2021,理科,一批,465,635,170,840,640,588,657,1092,,,各高校招生网/高考 100,2026-03-06T09:47:40.037788,TRUE,2021年
10213,哈尔滨工业大学,黑龙江,62,甘肃,2021,文科,一批,455,605,150,1212,613,848,633,1575,,,各高校招生网/高考 100,2026-03-06T09:47:40.037788,TRUE,2021年
10213,哈尔滨工业大学,黑龙江,63,青海,2021,理科,一批,450,635,185,304,643,212,675,395,,,各高校招生网/高考 100,2026-03-06T09:47:40.037788,TRUE,2021年
10213,哈尔滨工业大学,黑龙江,63,青海,2021,文科,一批,440,605,165,386,612,270,625,501,,,各高校招生网/高考 100,2026-03-06T09:47:40.037788,TRUE,2021年
10213,哈尔滨工业大学,黑龙江,64,宁夏,2021,理科,一批,455,635,180,711,648,497,673,924,,,各高校招生网/高考 100,2026-03-06T09:47:40.037788,TRUE,2021年
10213,哈尔滨工业大学,黑龙江,64,宁夏,2021,文科,一批,445,605,160,1118,612,782,620,1453,,,各高校招生网/高考 100,2026-03-06T09:47:40.037788,TRUE,2021年
10213,哈尔滨工业大学,黑龙江,65,新疆,2021,理科,一批,460,635,175,1191,641,833,661,1548,,,各高校招生网/高考 100,2026-03-06T09:47:40.037788,TRUE,2021年
10213,哈尔滨工业大学,黑龙江,65,新疆,2021,文科,一批,450,605,155,1477,615,1033,623,1920,,,各高校招生网/高考 100,2026-03-06T09:47:40.037788,TRUE,2021年
10213,哈尔滨工业大学,黑龙江,11,北京,2020,综合,本科批,490,630,140,1125,639,787,657,1462,,,各高校招生网/高考 100,2026-03-06T09:47:40.037788,TRUE,2020年
10213,哈尔滨工业大学,黑龙江,12,天津,2020,综合,本科批,480,630,150,1795,642,1256,656,2333,,,各高校招生网/高考 100,2026-03-06T09:47:40.037788,TRUE,2020年
10213,哈尔滨工业大学,黑龙江,13,河北,2020,理科,一批,475,630,155,2966,641,2076,666,3855,,,各高校招生网/高考 100,2026-03-06T09:47:40.037788,TRUE,2020年
10213,哈尔滨工业大学,黑龙江,13,河北,2020,文科,一批,465,600,135,6391,605,4473,635,8308,,,各高校招生网/高考 100,2026-03-06T09:47:40.037788,TRUE,2020年
10213,哈尔滨工业大学,黑龙江,14,山西,2020,理科,一批,465,630,165,1246,641,872,654,1619,,,各高校招生网/高考 100,2026-03-06T09:47:40.037788,TRUE,2020年
10213,哈尔滨工业大学,黑龙江,14,山西,2020,文科,一批,455,600,145,4223,614,2956,626,5489,,,各高校招生网/高考 100,2026-03-06T09:47:40.037788,TRUE,2020年
10213,哈尔滨工业大学,黑龙江,15,内蒙古,2020,理科,一批,455,630,175,1693,633,1185,668,2200,,,各高校招生网/高考 100,2026-03-06T09:47:40.037788,TRUE,2020年
10213,哈尔滨工业大学,黑龙江,15,内蒙古,2020,文科,一批,445,600,155,4869,613,3408,623,6329,,,各高校招生网/高考 100,2026-03-06T09:47:40.037788,TRUE,2020年
10213,哈尔滨工业大学,黑龙江,21,辽宁,2020,理科,一批,470,630,160,2037,639,1425,646,2648,,,各高校招生网/高考 100,2026-03-06T09:47:40.037788,TRUE,2020年
10213,哈尔滨工业大学,黑龙江,21,辽宁,2020,文科,一批,460,600,140,2578,615,1804,618,3351,,,各高校招生网/高考 100,2026-03-06T09:47:40.037788,TRUE,2020年
10213,哈尔滨工业大学,黑龙江,22,吉林,2020,理科,一批,460,630,170,989,636,692,668,1285,,,各高校招生网/高考 100,2026-03-06T09:47:40.037788,TRUE,2020年
10213,哈尔滨工业大学,黑龙江,22,吉林,2020,文科,一批,450,600,150,1154,613,807,633,1500,,,各高校招生网/高考 100,2026-03-06T09:47:40.037788,TRUE,2020年
10213,哈尔滨工业大学,黑龙江,23,黑龙江,2020,理科,一批,465,630,165,932,636,652,657,1211,,,各高校招生网/高考 100,2026-03-06T09:47:40.037788,TRUE,2020年
10213,哈尔滨工业大学,黑龙江,23,黑龙江,2020,文科,一批,455,600,145,4715,605,3300,619,6129,,,各高校招生网/高考 100,2026-03-06T09:47:40.037788,TRUE,2020年
10213,哈尔滨工业大学,黑龙江,31,上海,2020,综合,本科批,470,630,160,1610,642,1127,666,2093,,,各高校招生网/高考 100,2026-03-06T09:47:40.037788,TRUE,2020年
10213,哈尔滨工业大学,黑龙江,32,江苏,2020,理科,一批,485,630,145,2268,645,1587,645,2948,,,各高校招生网/高考 100,2026-03-06T09:47:40.037788,TRUE,2020年
10213,哈尔滨工业大学,黑龙江,32,江苏,2020,文科,一批,475,600,125,5777,614,4043,626,7510,,,各高校招生网/高考 100,2026-03-06T09:47:40.037788,TRUE,2020年
10213,哈尔滨工业大学,黑龙江,33,浙江,2020,综合,本科批,490,630,140,1206,644,844,654,1567,,,各高校招生网/高考 100,2026-03-06T09:47:40.037788,TRUE,2020年
10213,哈尔滨工业大学,黑龙江,34,安徽,2020,理科,一批,480,630,150,1692,644,1184,652,2199,,,各高校招生网/高考 100,2026-03-06T09:47:40.037788,TRUE,2020年
10213,哈尔滨工业大学,黑龙江,34,安徽,2020,文科,一批,470,600,130,8277,606,5793,622,10760,,,各高校招生网/高考 100,2026-03-06T09:47:40.037788,TRUE,2020年
10213,哈尔滨工业大学,黑龙江,35,福建,2020,理科,一批,475,630,155,1663,639,1164,670,2161,,,各高校招生网/高考 100,2026-03-06T09:47:40.037788,TRUE,2020年
10213,哈尔滨工业大学,黑龙江,35,福建,2020,文科,一批,465,600,135,5171,606,3619,620,6722,,,各高校招生网/高考 100,2026-03-06T09:47:40.037788,TRUE,2020年
10213,哈尔滨工业大学,黑龙江,36,江西,2020,理科,一批,470,630,160,1217,633,851,653,1582,,,各高校招生网/高考 100,2026-03-06T09:47:40.037788,TRUE,2020年
10213,哈尔滨工业大学,黑龙江,36,江西,2020,文科,一批,460,600,140,7402,613,5181,623,9622,,,各高校招生网/高考 100,2026-03-06T09:47:40.037788,TRUE,2020年
10213,哈尔滨工业大学,黑龙江,37,山东,2020,理科,一批,490,630,140,3221,640,2254,657,4187,,,各高校招生网/高考 100,2026-03-06T09:47:40.037788,TRUE,2020年
10213,哈尔滨工业大学,黑龙江,37,山东,2020,文科,一批,480,600,120,13520,615,9464,618,17576,,,各高校招生网/高考 100,2026-03-06T09:47:40.037788,TRUE,2020年
10213,哈尔滨工业大学,黑龙江,41,河南,2020,理科,一批,500,630,130,3869,634,2708,656,5029,,,各高校招生网/高考 100,2026-03-06T09:47:40.037788,TRUE,2020年
10213,哈尔滨工业大学,黑龙江,41,河南,2020,文科,一批,490,600,110,3073,603,2151,639,3994,,,各高校招生网/高考 100,2026-03-06T09:47:40.037788,TRUE,2020年
10213,哈尔滨工业大学,黑龙江,42,湖北,2020,理科,一批,485,630,145,3583,640,2508,657,4657,,,各高校招生网/高考 100,2026-03-06T09:47:40.037788,TRUE,2020年
10213,哈尔滨工业大学,黑龙江,42,湖北,2020,文科,一批,475,600,125,4175,608,2922,633,5427,,,各高校招生网/高考 100,2026-03-06T09:47:40.037788,TRUE,2020年
10213,哈尔滨工业大学,黑龙江,43,湖南,2020,理科,一批,480,630,150,1922,639,1345,658,2498,,,各高校招生网/高考 100,2026-03-06T09:47:40.037788,TRUE,2020年
10213,哈尔滨工业大学,黑龙江,43,湖南,2020,文科,一批,470,600,130,8595,611,6016,638,11173,,,各高校招生网/高考 100,2026-03-06T09:47:40.037788,TRUE,2020年
10213,哈尔滨工业大学,黑龙江,44,广东,2020,理科,一批,495,630,135,3783,636,2648,654,4917,,,各高校招生网/高考 100,2026-03-06T09:47:40.037788,TRUE,2020年
10213,哈尔滨工业大学,黑龙江,44,广东,2020,文科,一批,485,600,115,2870,607,2008,624,3731,,,各高校招生网/高考 100,2026-03-06T09:47:40.037788,TRUE,2020年
10213,哈尔滨工业大学,黑龙江,45,广西,2020,理科,一批,465,630,165,2744,638,1920,658,3567,,,各高校招生网/高考 100,2026-03-06T09:47:40.037788,TRUE,2020年
10213,哈尔滨工业大学,黑龙江,45,广西,2020,文科,一批,455,600,145,5924,609,4146,625,7701,,,各高校招生网/高考 100,2026-03-06T09:47:40.037788,TRUE,2020年
10213,哈尔滨工业大学,黑龙江,46,海南,2020,理科,一批,475,630,155,371,643,259,665,482,,,各高校招生网/高考 100,2026-03-06T09:47:40.037788,TRUE,2020年
10213,哈尔滨工业大学,黑龙江,46,海南,2020,文科,一批,465,600,135,1892,614,1324,619,2459,,,各高校招生网/高考 100,2026-03-06T09:47:40.037788,TRUE,2020年
10213,哈尔滨工业大学,黑龙江,50,重庆,2020,理科,一批,480,630,150,594,641,415,662,772,,,各高校招生网/高考 100,2026-03-06T09:47:40.037788,TRUE,2020年
10213,哈尔滨工业大学,黑龙江,50,重庆,2020,文科,一批,470,600,130,7053,612,4937,626,9168,,,各高校招生网/高考 100,2026-03-06T09:47:40.037788,TRUE,2020年
10213,哈尔滨工业大学,黑龙江,51,四川,2020,理科,一批,495,630,135,2482,642,1737,660,3226,,,各高校招生网/高考 100,2026-03-06T09:47:40.037788,TRUE,2020年
10213,哈尔滨工业大学,黑龙江,51,四川,2020,文科,一批,485,600,115,11463,606,8024,618,14901,,,各高校招生网/高考 100,2026-03-06T09:47:40.037788,TRUE,2020年
10213,哈尔滨工业大学,黑龙江,52,贵州,2020,理科,一批,470,630,160,594,635,415,653,772,,,各高校招生网/高考 100,2026-03-06T09:47:40.037788,TRUE,2020年
10213,哈尔滨工业大学,黑龙江,52,贵州,2020,文科,一批,460,600,140,5765,611,4035,631,7494,,,各高校招生网/高考 100,2026-03-06T09:47:40.037788,TRUE,2020年
10213,哈尔滨工业大学,黑龙江,53,云南,2020,理科,一批,475,630,155,684,636,478,656,889,,,各高校招生网/高考 100,2026-03-06T09:47:40.037788,TRUE,2020年
10213,哈尔滨工业大学,黑龙江,53,云南,2020,文科,一批,465,600,135,3439,610,2407,636,4470,,,各高校招生网/高考 100,2026-03-06T09:47:40.037788,TRUE,2020年
10213,哈尔滨工业大学,黑龙江,54,西藏,2020,理科,一批,425,630,205,300,643,210,659,390,,,各高校招生网/高考 100,2026-03-06T09:47:40.037788,TRUE,2020年
10213,哈尔滨工业大学,黑龙江,54,西藏,2020,文科,一批,415,600,185,796,605,557,616,1034,,,各高校招生网/高考 100,2026-03-06T09:47:40.037788,TRUE,2020年
10213,哈尔滨工业大学,黑龙江,61,陕西,2020,理科,一批,485,630,145,3156,645,2209,658,4102,,,各高校招生网/高考 100,2026-03-06T09:47:40.037788,TRUE,2020年
10213,哈尔滨工业大学,黑龙江,61,陕西,2020,文科,一批,475,600,125,8666,608,6066,620,11265,,,各高校招生网/高考 100,2026-03-06T09:47:40.037788,TRUE,2020年
10213,哈尔滨工业大学,黑龙江,62,甘肃,2020,理科,一批,460,630,170,347,635,242,651,451,,,各高校招生网/高考 100,2026-03-06T09:47:40.037788,TRUE,2020年
10213,哈尔滨工业大学,黑龙江,62,甘肃,2020,文科,一批,450,600,150,3386,611,2370,616,4401,,,各高校招生网/高考 100,2026-03-06T09:47:40.037788,TRUE,2020年
10213,哈尔滨工业大学,黑龙江,63,青海,2020,理科,一批,445,630,185,427,634,298,668,555,,,各高校招生网/高考 100,2026-03-06T09:47:40.037788,TRUE,2020年
10213,哈尔滨工业大学,黑龙江,63,青海,2020,文科,一批,435,600,165,527,608,368,632,685,,,各高校招生网/高考 100,2026-03-06T09:47:40.037788,TRUE,2020年
10213,哈尔滨工业大学,黑龙江,64,宁夏,2020,理科,一批,450,630,180,541,645,378,665,703,,,各高校招生网/高考 100,2026-03-06T09:47:40.037788,TRUE,2020年
10213,哈尔滨工业大学,黑龙江,64,宁夏,2020,文科,一批,440,600,160,2286,607,1600,638,2971,,,各高校招生网/高考 100,2026-03-06T09:47:40.037788,TRUE,2020年
10213,哈尔滨工业大学,黑龙江,65,新疆,2020,理科,一批,455,630,175,1490,643,1043,657,1937,,,各高校招生网/高考 100,2026-03-06T09:47:40.037788,TRUE,2020年
10213,哈尔滨工业大学,黑龙江,65,新疆,2020,文科,一批,445,600,155,2189,605,1532,631,2845,,,各高校招生网/高考 100,2026-03-06T09:47:40.037788,TRUE,2020年
10698,西安交通大学,陕西,11,北京,2023,综合,本科批,505,635,130,1844,647,1290,655,2397,,,各高校招生网/高考 100,2026-03-06T09:47:40.037788,TRUE,2023年
10698,西安交通大学,陕西,12,天津,2023,综合,本科批,495,635,140,2759,642,1931,675,3586,,,各高校招生网/高考 100,2026-03-06T09:47:40.037788,TRUE,2023年
10698,西安交通大学,陕西,13,河北,2023,理科,一批,490,635,145,3513,649,2459,674,4566,,,各高校招生网/高考 100,2026-03-06T09:47:40.037788,TRUE,2023年
10698,西安交通大学,陕西,13,河北,2023,文科,一批,480,607,127,10145,610,7101,635,13188,,,各高校招生网/高考 100,2026-03-06T09:47:40.037788,TRUE,2023年
10698,西安交通大学,陕西,14,山西,2023,理科,一批,480,635,155,2524,641,1766,656,3281,,,各高校招生网/高考 100,2026-03-06T09:47:40.037788,TRUE,2023年
10698,西安交通大学,陕西,14,山西,2023,文科,一批,470,607,137,3337,610,2335,644,4338,,,各高校招生网/高考 100,2026-03-06T09:47:40.037788,TRUE,2023年
10698,西安交通大学,陕西,15,内蒙古,2023,理科,一批,470,635,165,821,644,574,650,1067,,,各高校招生网/高考 100,2026-03-06T09:47:40.037788,TRUE,2023年
10698,西安交通大学,陕西,15,内蒙古,2023,文科,一批,460,607,147,1364,619,954,622,1773,,,各高校招生网/高考 100,2026-03-06T09:47:40.037788,TRUE,2023年
10698,西安交通大学,陕西,21,辽宁,2023,理科,一批,485,635,150,1459,640,1021,673,1896,,,各高校招生网/高考 100,2026-03-06T09:47:40.037788,TRUE,2023年
10698,西安交通大学,陕西,21,辽宁,2023,文科,一批,475,607,132,2400,622,1680,630,3120,,,各高校招生网/高考 100,2026-03-06T09:47:40.037788,TRUE,2023年
10698,西安交通大学,陕西,22,吉林,2023,理科,一批,475,635,160,1251,639,875,659,1626,,,各高校招生网/高考 100,2026-03-06T09:47:40.037788,TRUE,2023年
10698,西安交通大学,陕西,22,吉林,2023,文科,一批,465,607,142,5627,622,3938,639,7315,,,各高校招生网/高考 100,2026-03-06T09:47:40.037788,TRUE,2023年
10698,西安交通大学,陕西,23,黑龙江,2023,理科,一批,480,635,155,978,640,684,668,1271,,,各高校招生网/高考 100,2026-03-06T09:47:40.037788,TRUE,2023年
10698,西安交通大学,陕西,23,黑龙江,2023,文科,一批,470,607,137,3601,613,2520,639,4681,,,各高校招生网/高考 100,2026-03-06T09:47:40.037788,TRUE,2023年
10698,西安交通大学,陕西,31,上海,2023,综合,本科批,485,635,150,1511,644,1057,668,1964,,,各高校招生网/高考 100,2026-03-06T09:47:40.037788,TRUE,2023年
10698,西安交通大学,陕西,32,江苏,2023,理科,一批,500,635,135,5488,650,3841,657,7134,,,各高校招生网/高考 100,2026-03-06T09:47:40.037788,TRUE,2023年
10698,西安交通大学,陕西,32,江苏,2023,文科,一批,490,607,117,6981,612,4886,631,9075,,,各高校招生网/高考 100,2026-03-06T09:47:40.037788,TRUE,2023年
10698,西安交通大学,陕西,33,浙江,2023,综合,本科批,505,635,130,4443,638,3110,662,5775,,,各高校招生网/高考 100,2026-03-06T09:47:40.037788,TRUE,2023年
10698,西安交通大学,陕西,34,安徽,2023,理科,一批,495,635,140,1872,647,1310,662,2433,,,各高校招生网/高考 100,2026-03-06T09:47:40.037788,TRUE,2023年
10698,西安交通大学,陕西,34,安徽,2023,文科,一批,485,607,122,4354,613,3047,632,5660,,,各高校招生网/高考 100,2026-03-06T09:47:40.037788,TRUE,2023年
10698,西安交通大学,陕西,35,福建,2023,理科,一批,490,635,145,1885,649,1319,666,2450,,,各高校招生网/高考 100,2026-03-06T09:47:40.037788,TRUE,2023年
10698,西安交通大学,陕西,35,福建,2023,文科,一批,480,607,127,8454,614,5917,641,10990,,,各高校招生网/高考 100,2026-03-06T09:47:40.037788,TRUE,2023年
10698,西安交通大学,陕西,36,江西,2023,理科,一批,485,635,150,1083,650,758,666,1407,,,各高校招生网/高考 100,2026-03-06T09:47:40.037788,TRUE,2023年
10698,西安交通大学,陕西,36,江西,2023,文科,一批,475,607,132,4755,611,3328,632,6181,,,各高校招生网/高考 100,2026-03-06T09:47:40.037788,TRUE,2023年
10698,西安交通大学,陕西,37,山东,2023,理科,一批,505,635,130,5255,638,3678,652,6831,,,各高校招生网/高考 100,2026-03-06T09:47:40.037788,TRUE,2023年
10698,西安交通大学,陕西,37,山东,2023,文科,一批,495,607,112,4939,614,3457,632,6420,,,各高校招生网/高考 100,2026-03-06T09:47:40.037788,TRUE,2023年
10698,西安交通大学,陕西,41,河南,2023,理科,一批,515,635,120,5575,650,3902,667,7247,,,各高校招生网/高考 100,2026-03-06T09:47:40.037788,TRUE,2023年
10698,西安交通大学,陕西,41,河南,2023,文科,一批,505,607,102,8698,620,6088,643,11307,,,各高校招生网/高考 100,2026-03-06T09:47:40.037788,TRUE,2023年
10698,西安交通大学,陕西,42,湖北,2023,理科,一批,500,635,135,1432,642,1002,658,1861,,,各高校招生网/高考 100,2026-03-06T09:47:40.037788,TRUE,2023年
10698,西安交通大学,陕西,42,湖北,2023,文科,一批,490,607,117,10013,619,7009,637,13016,,,各高校招生网/高考 100,2026-03-06T09:47:40.037788,TRUE,2023年
10698,西安交通大学,陕西,43,湖南,2023,理科,一批,495,635,140,2655,645,1858,667,3451,,,各高校招生网/高考 100,2026-03-06T09:47:40.037788,TRUE,2023年
10698,西安交通大学,陕西,43,湖南,2023,文科,一批,485,607,122,7558,611,5290,639,9825,,,各高校招生网/高考 100,2026-03-06T09:47:40.037788,TRUE,2023年
10698,西安交通大学,陕西,44,广东,2023,理科,一批,510,635,125,6735,638,4714,658,8755,,,各高校招生网/高考 100,2026-03-06T09:47:40.037788,TRUE,2023年
10698,西安交通大学,陕西,44,广东,2023,文科,一批,500,607,107,11231,617,7861,635,14600,,,各高校招生网/高考 100,2026-03-06T09:47:40.037788,TRUE,2023年
10698,西安交通大学,陕西,45,广西,2023,理科,一批,480,635,155,2540,643,1778,671,3302,,,各高校招生网/高考 100,2026-03-06T09:47:40.037788,TRUE,2023年
10698,西安交通大学,陕西,45,广西,2023,文科,一批,470,607,137,2924,613,2046,641,3801,,,各高校招生网/高考 100,2026-03-06T09:47:40.037788,TRUE,2023年
10698,西安交通大学,陕西,46,海南,2023,理科,一批,490,635,145,334,647,233,664,434,,,各高校招生网/高考 100,2026-03-06T09:47:40.037788,TRUE,2023年
10698,西安交通大学,陕西,46,海南,2023,文科,一批,480,607,127,2515,613,1760,642,3269,,,各高校招生网/高考 100,2026-03-06T09:47:40.037788,TRUE,2023年
10698,西安交通大学,陕西,50,重庆,2023,理科,一批,495,635,140,2662,643,1863,657,3460,,,各高校招生网/高考 100,2026-03-06T09:47:40.037788,TRUE,2023年
10698,西安交通大学,陕西,50,重庆,2023,文科,一批,485,607,122,1562,614,1093,645,2030,,,各高校招生网/高考 100,2026-03-06T09:47:40.037788,TRUE,2023年
10698,西安交通大学,陕西,51,四川,2023,理科,一批,510,635,125,3848,642,2693,673,5002,,,各高校招生网/高考 100,2026-03-06T09:47:40.037788,TRUE,2023年
10698,西安交通大学,陕西,51,四川,2023,文科,一批,500,607,107,8851,622,6195,633,11506,,,各高校招生网/高考 100,2026-03-06T09:47:40.037788,TRUE,2023年
10698,西安交通大学,陕西,52,贵州,2023,理科,一批,485,635,150,2896,649,2027,675,3764,,,各高校招生网/高考 100,2026-03-06T09:47:40.037788,TRUE,2023年
10698,西安交通大学,陕西,52,贵州,2023,文科,一批,475,607,132,2394,614,1675,628,3112,,,各高校招生网/高考 100,2026-03-06T09:47:40.037788,TRUE,2023年
10698,西安交通大学,陕西,53,云南,2023,理科,一批,490,635,145,2287,638,1600,651,2973,,,各高校招生网/高考 100,2026-03-06T09:47:40.037788,TRUE,2023年
10698,西安交通大学,陕西,53,云南,2023,文科,一批,480,607,127,6159,618,4311,642,8006,,,各高校招生网/高考 100,2026-03-06T09:47:40.037788,TRUE,2023年
10698,西安交通大学,陕西,54,西藏,2023,理科,一批,440,635,195,195,647,136,667,253,,,各高校招生网/高考 100,2026-03-06T09:47:40.037788,TRUE,2023年
10698,西安交通大学,陕西,54,西藏,2023,文科,一批,430,607,177,277,615,193,635,360,,,各高校招生网/高考 100,2026-03-06T09:47:40.037788,TRUE,2023年
10698,西安交通大学,陕西,61,陕西,2023,理科,一批,500,635,135,3311,647,2317,664,4304,,,各高校招生网/高考 100,2026-03-06T09:47:40.037788,TRUE,2023年
10698,西安交通大学,陕西,61,陕西,2023,文科,一批,490,607,117,6922,615,4845,647,8998,,,各高校招生网/高考 100,2026-03-06T09:47:40.037788,TRUE,2023年
10698,西安交通大学,陕西,62,甘肃,2023,理科,一批,475,635,160,894,646,625,652,1162,,,各高校招生网/高考 100,2026-03-06T09:47:40.037788,TRUE,2023年
10698,西安交通大学,陕西,62,甘肃,2023,文科,一批,465,607,142,3898,616,2728,640,5067,,,各高校招生网/高考 100,2026-03-06T09:47:40.037788,TRUE,2023年
10698,西安交通大学,陕西,63,青海,2023,理科,一批,460,635,175,647,641,452,664,841,,,各高校招生网/高考 100,2026-03-06T09:47:40.037788,TRUE,2023年
10698,西安交通大学,陕西,63,青海,2023,文科,一批,450,607,157,629,620,440,643,817,,,各高校招生网/高考 100,2026-03-06T09:47:40.037788,TRUE,2023年
10698,西安交通大学,陕西,64,宁夏,2023,理科,一批,465,635,170,552,644,386,657,717,,,各高校招生网/高考 100,2026-03-06T09:47:40.037788,TRUE,2023年
10698,西安交通大学,陕西,64,宁夏,2023,文科,一批,455,607,152,1305,612,913,634,1696,,,各高校招生网/高考 100,2026-03-06T09:47:40.037788,TRUE,2023年
10698,西安交通大学,陕西,65,新疆,2023,理科,一批,470,635,165,1529,649,1070,656,1987,,,各高校招生网/高考 100,2026-03-06T09:47:40.037788,TRUE,2023年
10698,西安交通大学,陕西,65,新疆,2023,文科,一批,460,607,147,4608,610,3225,641,5990,,,各高校招生网/高考 100,2026-03-06T09:47:40.037788,TRUE,2023年
10698,西安交通大学,陕西,11,北京,2022,综合,本科批,500,630,130,1980,643,1386,656,2574,,,各高校招生网/高考 100,2026-03-06T09:47:40.037788,TRUE,2022年
10698,西安交通大学,陕西,12,天津,2022,综合,本科批,490,630,140,2642,642,1849,655,3434,,,各高校招生网/高考 100,2026-03-06T09:47:40.037788,TRUE,2022年
10698,西安交通大学,陕西,13,河北,2022,理科,一批,485,630,145,3093,644,2165,647,4020,,,各高校招生网/高考 100,2026-03-06T09:47:40.037788,TRUE,2022年
10698,西安交通大学,陕西,13,河北,2022,文科,一批,475,602,127,6981,611,4886,623,9075,,,各高校招生网/高考 100,2026-03-06T09:47:40.037788,TRUE,2022年
10698,西安交通大学,陕西,14,山西,2022,理科,一批,475,630,155,1384,644,968,655,1799,,,各高校招生网/高考 100,2026-03-06T09:47:40.037788,TRUE,2022年
10698,西安交通大学,陕西,14,山西,2022,文科,一批,465,602,137,3604,609,2522,617,4685,,,各高校招生网/高考 100,2026-03-06T09:47:40.037788,TRUE,2022年
10698,西安交通大学,陕西,15,内蒙古,2022,理科,一批,465,630,165,991,639,693,659,1288,,,各高校招生网/高考 100,2026-03-06T09:47:40.037788,TRUE,2022年
10698,西安交通大学,陕西,15,内蒙古,2022,文科,一批,455,602,147,5382,610,3767,628,6996,,,各高校招生网/高考 100,2026-03-06T09:47:40.037788,TRUE,2022年
10698,西安交通大学,陕西,21,辽宁,2022,理科,一批,480,630,150,2910,641,2036,664,3783,,,各高校招生网/高考 100,2026-03-06T09:47:40.037788,TRUE,2022年
10698,西安交通大学,陕西,21,辽宁,2022,文科,一批,470,602,132,2625,607,1837,641,3412,,,各高校招生网/高考 100,2026-03-06T09:47:40.037788,TRUE,2022年
10698,西安交通大学,陕西,22,吉林,2022,理科,一批,470,630,160,2149,643,1504,651,2793,,,各高校招生网/高考 100,2026-03-06T09:47:40.037788,TRUE,2022年
10698,西安交通大学,陕西,22,吉林,2022,文科,一批,460,602,142,4325,617,3027,624,5622,,,各高校招生网/高考 100,2026-03-06T09:47:40.037788,TRUE,2022年
10698,西安交通大学,陕西,23,黑龙江,2022,理科,一批,475,630,155,1042,640,729,656,1354,,,各高校招生网/高考 100,2026-03-06T09:47:40.037788,TRUE,2022年
10698,西安交通大学,陕西,23,黑龙江,2022,文科,一批,465,602,137,3773,612,2641,620,4904,,,各高校招生网/高考 100,2026-03-06T09:47:40.037788,TRUE,2022年
10698,西安交通大学,陕西,31,上海,2022,综合,本科批,480,630,150,2067,635,1446,648,2687,,,各高校招生网/高考 100,2026-03-06T09:47:40.037788,TRUE,2022年
10698,西安交通大学,陕西,32,江苏,2022,理科,一批,495,630,135,3610,643,2527,665,4693,,,各高校招生网/高考 100,2026-03-06T09:47:40.037788,TRUE,2022年
10698,西安交通大学,陕西,32,江苏,2022,文科,一批,485,602,117,8666,607,6066,632,11265,,,各高校招生网/高考 100,2026-03-06T09:47:40.037788,TRUE,2022年
10698,西安交通大学,陕西,33,浙江,2022,综合,本科批,500,630,130,5201,635,3640,645,6761,,,各高校招生网/高考 100,2026-03-06T09:47:40.037788,TRUE,2022年
10698,西安交通大学,陕西,34,安徽,2022,理科,一批,490,630,140,1938,633,1356,658,2519,,,各高校招生网/高考 100,2026-03-06T09:47:40.037788,TRUE,2022年
10698,西安交通大学,陕西,34,安徽,2022,文科,一批,480,602,122,7238,609,5066,628,9409,,,各高校招生网/高考 100,2026-03-06T09:47:40.037788,TRUE,2022年
10698,西安交通大学,陕西,35,福建,2022,理科,一批,485,630,145,2122,638,1485,654,2758,,,各高校招生网/高考 100,2026-03-06T09:47:40.037788,TRUE,2022年
10698,西安交通大学,陕西,35,福建,2022,文科,一批,475,602,127,4645,608,3251,641,6038,,,各高校招生网/高考 100,2026-03-06T09:47:40.037788,TRUE,2022年
10698,西安交通大学,陕西,36,江西,2022,理科,一批,480,630,150,3141,638,2198,654,4083,,,各高校招生网/高考 100,2026-03-06T09:47:40.037788,TRUE,2022年
10698,西安交通大学,陕西,36,江西,2022,文科,一批,470,602,132,2511,616,1757,625,3264,,,各高校招生网/高考 100,2026-03-06T09:47:40.037788,TRUE,2022年
10698,西安交通大学,陕西,37,山东,2022,理科,一批,500,630,130,1436,645,1005,664,1866,,,各高校招生网/高考 100,2026-03-06T09:47:40.037788,TRUE,2022年
10698,西安交通大学,陕西,37,山东,2022,文科,一批,490,602,112,14130,605,9891,622,18369,,,各高校招生网/高考 100,2026-03-06T09:47:40.037788,TRUE,2022年
10698,西安交通大学,陕西,41,河南,2022,理科,一批,510,630,120,3489,639,2442,653,4535,,,各高校招生网/高考 100,2026-03-06T09:47:40.037788,TRUE,2022年
10698,西安交通大学,陕西,41,河南,2022,文科,一批,500,602,102,10905,611,7633,642,14176,,,各高校招生网/高考 100,2026-03-06T09:47:40.037788,TRUE,2022年
10698,西安交通大学,陕西,42,湖北,2022,理科,一批,495,630,135,1582,635,1107,663,2056,,,各高校招生网/高考 100,2026-03-06T09:47:40.037788,TRUE,2022年
10698,西安交通大学,陕西,42,湖北,2022,文科,一批,485,602,117,12759,611,8931,630,16586,,,各高校招生网/高考 100,2026-03-06T09:47:40.037788,TRUE,2022年
10698,西安交通大学,陕西,43,湖南,2022,理科,一批,490,630,140,2979,633,2085,651,3872,,,各高校招生网/高考 100,2026-03-06T09:47:40.037788,TRUE,2022年
10698,西安交通大学,陕西,43,湖南,2022,文科,一批,480,602,122,6233,612,4363,634,8102,,,各高校招生网/高考 100,2026-03-06T09:47:40.037788,TRUE,2022年
10698,西安交通大学,陕西,44,广东,2022,理科,一批,505,630,125,3092,645,2164,662,4019,,,各高校招生网/高考 100,2026-03-06T09:47:40.037788,TRUE,2022年
10698,西安交通大学,陕西,44,广东,2022,文科,一批,495,602,107,11355,605,7948,629,14761,,,各高校招生网/高考 100,2026-03-06T09:47:40.037788,TRUE,2022年
10698,西安交通大学,陕西,45,广西,2022,理科,一批,475,630,155,2400,637,1680,650,3120,,,各高校招生网/高考 100,2026-03-06T09:47:40.037788,TRUE,2022年
10698,西安交通大学,陕西,45,广西,2022,文科,一批,465,602,137,5752,614,4026,618,7477,,,各高校招生网/高考 100,2026-03-06T09:47:40.037788,TRUE,2022年
10698,西安交通大学,陕西,46,海南,2022,理科,一批,485,630,145,517,639,361,653,672,,,各高校招生网/高考 100,2026-03-06T09:47:40.037788,TRUE,2022年
10698,西安交通大学,陕西,46,海南,2022,文科,一批,475,602,127,2979,606,2085,637,3872,,,各高校招生网/高考 100,2026-03-06T09:47:40.037788,TRUE,2022年
10698,西安交通大学,陕西,50,重庆,2022,理科,一批,490,630,140,2194,645,1535,665,2852,,,各高校招生网/高考 100,2026-03-06T09:47:40.037788,TRUE,2022年
10698,西安交通大学,陕西,50,重庆,2022,文科,一批,480,602,122,8040,614,5628,623,10452,,,各高校招生网/高考 100,2026-03-06T09:47:40.037788,TRUE,2022年
10698,西安交通大学,陕西,51,四川,2022,理科,一批,505,630,125,5876,643,4113,652,7638,,,各高校招生网/高考 100,2026-03-06T09:47:40.037788,TRUE,2022年
10698,西安交通大学,陕西,51,四川,2022,文科,一批,495,602,107,5379,606,3765,618,6992,,,各高校招生网/高考 100,2026-03-06T09:47:40.037788,TRUE,2022年
10698,西安交通大学,陕西,52,贵州,2022,理科,一批,480,630,150,892,641,624,655,1159,,,各高校招生网/高考 100,2026-03-06T09:47:40.037788,TRUE,2022年
10698,西安交通大学,陕西,52,贵州,2022,文科,一批,470,602,132,1691,605,1183,621,2198,,,各高校招生网/高考 100,2026-03-06T09:47:40.037788,TRUE,2022年
10698,西安交通大学,陕西,53,云南,2022,理科,一批,485,630,145,1076,633,753,648,1398,,,各高校招生网/高考 100,2026-03-06T09:47:40.037788,TRUE,2022年
10698,西安交通大学,陕西,53,云南,2022,文科,一批,475,602,127,3362,616,2353,624,4370,,,各高校招生网/高考 100,2026-03-06T09:47:40.037788,TRUE,2022年
10698,西安交通大学,陕西,54,西藏,2022,理科,一批,435,630,195,169,644,118,663,219,,,各高校招生网/高考 100,2026-03-06T09:47:40.037788,TRUE,2022年
10698,西安交通大学,陕西,54,西藏,2022,文科,一批,425,602,177,342,615,239,638,444,,,各高校招生网/高考 100,2026-03-06T09:47:40.037788,TRUE,2022年
10698,西安交通大学,陕西,61,陕西,2022,理科,一批,495,630,135,4451,639,3115,651,5786,,,各高校招生网/高考 100,2026-03-06T09:47:40.037788,TRUE,2022年
10698,西安交通大学,陕西,61,陕西,2022,文科,一批,485,602,117,3539,610,2477,633,4600,,,各高校招生网/高考 100,2026-03-06T09:47:40.037788,TRUE,2022年
10698,西安交通大学,陕西,62,甘肃,2022,理科,一批,470,630,160,695,636,486,656,903,,,各高校招生网/高考 100,2026-03-06T09:47:40.037788,TRUE,2022年
10698,西安交通大学,陕西,62,甘肃,2022,文科,一批,460,602,142,3157,606,2209,639,4104,,,各高校招生网/高考 100,2026-03-06T09:47:40.037788,TRUE,2022年
10698,西安交通大学,陕西,63,青海,2022,理科,一批,455,630,175,524,643,366,650,681,,,各高校招生网/高考 100,2026-03-06T09:47:40.037788,TRUE,2022年
10698,西安交通大学,陕西,63,青海,2022,文科,一批,445,602,157,1672,611,1170,621,2173,,,各高校招生网/高考 100,2026-03-06T09:47:40.037788,TRUE,2022年
10698,西安交通大学,陕西,64,宁夏,2022,理科,一批,460,630,170,1223,633,856,657,1589,,,各高校招生网/高考 100,2026-03-06T09:47:40.037788,TRUE,2022年
10698,西安交通大学,陕西,64,宁夏,2022,文科,一批,450,602,152,1536,610,1075,638,1996,,,各高校招生网/高考 100,2026-03-06T09:47:40.037788,TRUE,2022年
10698,西安交通大学,陕西,65,新疆,2022,理科,一批,465,630,165,2051,634,1435,668,2666,,,各高校招生网/高考 100,2026-03-06T09:47:40.037788,TRUE,2022年
10698,西安交通大学,陕西,65,新疆,2022,文科,一批,455,602,147,3092,616,2164,634,4019,,,各高校招生网/高考 100,2026-03-06T09:47:40.037788,TRUE,2022年
10698,西安交通大学,陕西,11,北京,2021,综合,本科批,495,625,130,1028,633,719,649,1336,,,各高校招生网/高考 100,2026-03-06T09:47:40.037788,TRUE,2021年
10698,西安交通大学,陕西,12,天津,2021,综合,本科批,485,625,140,2709,631,1896,664,3521,,,各高校招生网/高考 100,2026-03-06T09:47:40.037788,TRUE,2021年
10698,西安交通大学,陕西,13,河北,2021,理科,一批,480,625,145,2175,636,1522,654,2827,,,各高校招生网/高考 100,2026-03-06T09:47:40.037788,TRUE,2021年
10698,西安交通大学,陕西,13,河北,2021,文科,一批,470,597,127,3187,602,2230,621,4143,,,各高校招生网/高考 100,2026-03-06T09:47:40.037788,TRUE,2021年
10698,西安交通大学,陕西,14,山西,2021,理科,一批,470,625,155,3470,640,2429,656,4511,,,各高校招生网/高考 100,2026-03-06T09:47:40.037788,TRUE,2021年
10698,西安交通大学,陕西,14,山西,2021,文科,一批,460,597,137,2319,609,1623,613,3014,,,各高校招生网/高考 100,2026-03-06T09:47:40.037788,TRUE,2021年
10698,西安交通大学,陕西,15,内蒙古,2021,理科,一批,460,625,165,1278,630,894,661,1661,,,各高校招生网/高考 100,2026-03-06T09:47:40.037788,TRUE,2021年
10698,西安交通大学,陕西,15,内蒙古,2021,文科,一批,450,597,147,2253,607,1577,634,2928,,,各高校招生网/高考 100,2026-03-06T09:47:40.037788,TRUE,2021年
10698,西安交通大学,陕西,21,辽宁,2021,理科,一批,475,625,150,4151,640,2905,648,5396,,,各高校招生网/高考 100,2026-03-06T09:47:40.037788,TRUE,2021年
10698,西安交通大学,陕西,21,辽宁,2021,文科,一批,465,597,132,6195,612,4336,629,8053,,,各高校招生网/高考 100,2026-03-06T09:47:40.037788,TRUE,2021年
10698,西安交通大学,陕西,22,吉林,2021,理科,一批,465,625,160,2397,631,1677,660,3116,,,各高校招生网/高考 100,2026-03-06T09:47:40.037788,TRUE,2021年
10698,西安交通大学,陕西,22,吉林,2021,文科,一批,455,597,142,4040,609,2828,636,5252,,,各高校招生网/高考 100,2026-03-06T09:47:40.037788,TRUE,2021年
10698,西安交通大学,陕西,23,黑龙江,2021,理科,一批,470,625,155,968,636,677,656,1258,,,各高校招生网/高考 100,2026-03-06T09:47:40.037788,TRUE,2021年
10698,西安交通大学,陕西,23,黑龙江,2021,文科,一批,460,597,137,5984,604,4188,627,7779,,,各高校招生网/高考 100,2026-03-06T09:47:40.037788,TRUE,2021年
10698,西安交通大学,陕西,31,上海,2021,综合,本科批,475,625,150,2231,636,1561,657,2900,,,各高校招生网/高考 100,2026-03-06T09:47:40.037788,TRUE,2021年
10698,西安交通大学,陕西,32,江苏,2021,理科,一批,490,625,135,3977,629,2783,650,5170,,,各高校招生网/高考 100,2026-03-06T09:47:40.037788,TRUE,2021年
10698,西安交通大学,陕西,32,江苏,2021,文科,一批,480,597,117,10727,603,7508,623,13945,,,各高校招生网/高考 100,2026-03-06T09:47:40.037788,TRUE,2021年
10698,西安交通大学,陕西,33,浙江,2021,综合,本科批,495,625,130,5145,629,3601,656,6688,,,各高校招生网/高考 100,2026-03-06T09:47:40.037788,TRUE,2021年
10698,西安交通大学,陕西,34,安徽,2021,理科,一批,485,625,140,4494,632,3145,649,5842,,,各高校招生网/高考 100,2026-03-06T09:47:40.037788,TRUE,2021年
10698,西安交通大学,陕西,34,安徽,2021,文科,一批,475,597,122,8852,602,6196,624,11507,,,各高校招生网/高考 100,2026-03-06T09:47:40.037788,TRUE,2021年
10698,西安交通大学,陕西,35,福建,2021,理科,一批,480,625,145,1331,629,931,651,1730,,,各高校招生网/高考 100,2026-03-06T09:47:40.037788,TRUE,2021年
10698,西安交通大学,陕西,35,福建,2021,文科,一批,470,597,127,4918,602,3442,628,6393,,,各高校招生网/高考 100,2026-03-06T09:47:40.037788,TRUE,2021年
10698,西安交通大学,陕西,36,江西,2021,理科,一批,475,625,150,2560,636,1792,657,3328,,,各高校招生网/高考 100,2026-03-06T09:47:40.037788,TRUE,2021年
10698,西安交通大学,陕西,36,江西,2021,文科,一批,465,597,132,5822,609,4075,632,7568,,,各高校招生网/高考 100,2026-03-06T09:47:40.037788,TRUE,2021年
10698,西安交通大学,陕西,37,山东,2021,理科,一批,495,625,130,5155,638,3608,665,6701,,,各高校招生网/高考 100,2026-03-06T09:47:40.037788,TRUE,2021年
10698,西安交通大学,陕西,37,山东,2021,文科,一批,485,597,112,15921,610,11144,615,20697,,,各高校招生网/高考 100,2026-03-06T09:47:40.037788,TRUE,2021年
10698,西安交通大学,陕西,41,河南,2021,理科,一批,505,625,120,7961,629,5572,651,10349,,,各高校招生网/高考 100,2026-03-06T09:47:40.037788,TRUE,2021年
10698,西安交通大学,陕西,41,河南,2021,文科,一批,495,597,102,12039,612,8427,620,15650,,,各高校招生网/高考 100,2026-03-06T09:47:40.037788,TRUE,2021年
10698,西安交通大学,陕西,42,湖北,2021,理科,一批,490,625,135,5133,629,3593,665,6672,,,各高校招生网/高考 100,2026-03-06T09:47:40.037788,TRUE,2021年
10698,西安交通大学,陕西,42,湖北,2021,文科,一批,480,597,117,12236,610,8565,623,15906,,,各高校招生网/高考 100,2026-03-06T09:47:40.037788,TRUE,2021年
10698,西安交通大学,陕西,43,湖南,2021,理科,一批,485,625,140,4478,638,3134,656,5821,,,各高校招生网/高考 100,2026-03-06T09:47:40.037788,TRUE,2021年
10698,西安交通大学,陕西,43,湖南,2021,文科,一批,475,597,122,7375,609,5162,612,9587,,,各高校招生网/高考 100,2026-03-06T09:47:40.037788,TRUE,2021年
10698,西安交通大学,陕西,44,广东,2021,理科,一批,500,625,125,1860,633,1302,645,2418,,,各高校招生网/高考 100,2026-03-06T09:47:40.037788,TRUE,2021年
10698,西安交通大学,陕西,44,广东,2021,文科,一批,490,597,107,14076,611,9853,626,18298,,,各高校招生网/高考 100,2026-03-06T09:47:40.037788,TRUE,2021年
10698,西安交通大学,陕西,45,广西,2021,理科,一批,470,625,155,1351,637,945,645,1756,,,各高校招生网/高考 100,2026-03-06T09:47:40.037788,TRUE,2021年
10698,西安交通大学,陕西,45,广西,2021,文科,一批,460,597,137,9919,600,6943,613,12894,,,各高校招生网/高考 100,2026-03-06T09:47:40.037788,TRUE,2021年
10698,西安交通大学,陕西,46,海南,2021,理科,一批,480,625,145,541,639,378,648,703,,,各高校招生网/高考 100,2026-03-06T09:47:40.037788,TRUE,2021年
10698,西安交通大学,陕西,46,海南,2021,文科,一批,470,597,127,575,602,402,616,747,,,各高校招生网/高考 100,2026-03-06T09:47:40.037788,TRUE,2021年
10698,西安交通大学,陕西,50,重庆,2021,理科,一批,485,625,140,1176,634,823,651,1528,,,各高校招生网/高考 100,2026-03-06T09:47:40.037788,TRUE,2021年
10698,西安交通大学,陕西,50,重庆,2021,文科,一批,475,597,122,8499,602,5949,617,11048,,,各高校招生网/高考 100,2026-03-06T09:47:40.037788,TRUE,2021年
10698,西安交通大学,陕西,51,四川,2021,理科,一批,500,625,125,6311,632,4417,647,8204,,,各高校招生网/高考 100,2026-03-06T09:47:40.037788,TRUE,2021年
10698,西安交通大学,陕西,51,四川,2021,文科,一批,490,597,107,3632,604,2542,636,4721,,,各高校招生网/高考 100,2026-03-06T09:47:40.037788,TRUE,2021年
10698,西安交通大学,陕西,52,贵州,2021,理科,一批,475,625,150,2744,629,1920,647,3567,,,各高校招生网/高考 100,2026-03-06T09:47:40.037788,TRUE,2021年
10698,西安交通大学,陕西,52,贵州,2021,文科,一批,465,597,132,5704,600,3992,623,7415,,,各高校招生网/高考 100,2026-03-06T09:47:40.037788,TRUE,2021年
10698,西安交通大学,陕西,53,云南,2021,理科,一批,480,625,145,1679,632,1175,659,2182,,,各高校招生网/高考 100,2026-03-06T09:47:40.037788,TRUE,2021年
10698,西安交通大学,陕西,53,云南,2021,文科,一批,470,597,127,4138,601,2896,619,5379,,,各高校招生网/高考 100,2026-03-06T09:47:40.037788,TRUE,2021年
10698,西安交通大学,陕西,54,西藏,2021,理科,一批,430,625,195,318,634,222,640,413,,,各高校招生网/高考 100,2026-03-06T09:47:40.037788,TRUE,2021年
10698,西安交通大学,陕西,54,西藏,2021,文科,一批,420,597,177,587,604,410,635,763,,,各高校招生网/高考 100,2026-03-06T09:47:40.037788,TRUE,2021年
10698,西安交通大学,陕西,61,陕西,2021,理科,一批,490,625,135,3824,632,2676,650,4971,,,各高校招生网/高考 100,2026-03-06T09:47:40.037788,TRUE,2021年
10698,西安交通大学,陕西,61,陕西,2021,文科,一批,480,597,117,10094,611,7065,615,13122,,,各高校招生网/高考 100,2026-03-06T09:47:40.037788,TRUE,2021年
10698,西安交通大学,陕西,62,甘肃,2021,理科,一批,465,625,160,801,638,560,662,1041,,,各高校招生网/高考 100,2026-03-06T09:47:40.037788,TRUE,2021年
10698,西安交通大学,陕西,62,甘肃,2021,文科,一批,455,597,142,983,608,688,630,1277,,,各高校招生网/高考 100,2026-03-06T09:47:40.037788,TRUE,2021年
10698,西安交通大学,陕西,63,青海,2021,理科,一批,450,625,175,652,638,456,663,847,,,各高校招生网/高考 100,2026-03-06T09:47:40.037788,TRUE,2021年
10698,西安交通大学,陕西,63,青海,2021,文科,一批,440,597,157,1613,611,1129,620,2096,,,各高校招生网/高考 100,2026-03-06T09:47:40.037788,TRUE,2021年
10698,西安交通大学,陕西,64,宁夏,2021,理科,一批,455,625,170,326,637,228,651,423,,,各高校招生网/高考 100,2026-03-06T09:47:40.037788,TRUE,2021年
10698,西安交通大学,陕西,64,宁夏,2021,文科,一批,445,597,152,2292,602,1604,620,2979,,,各高校招生网/高考 100,2026-03-06T09:47:40.037788,TRUE,2021年
10698,西安交通大学,陕西,65,新疆,2021,理科,一批,460,625,165,1774,636,1241,665,2306,,,各高校招生网/高考 100,2026-03-06T09:47:40.037788,TRUE,2021年
10698,西安交通大学,陕西,65,新疆,2021,文科,一批,450,597,147,2898,610,2028,627,3767,,,各高校招生网/高考 100,2026-03-06T09:47:40.037788,TRUE,2021年
10698,西安交通大学,陕西,11,北京,2020,综合,本科批,490,620,130,2326,629,1628,659,3023,,,各高校招生网/高考 100,2026-03-06T09:47:40.037788,TRUE,2020年
10698,西安交通大学,陕西,12,天津,2020,综合,本科批,480,620,140,2918,633,2042,643,3793,,,各高校招生网/高考 100,2026-03-06T09:47:40.037788,TRUE,2020年
10698,西安交通大学,陕西,13,河北,2020,理科,一批,475,620,145,4835,625,3384,642,6285,,,各高校招生网/高考 100,2026-03-06T09:47:40.037788,TRUE,2020年
10698,西安交通大学,陕西,13,河北,2020,文科,一批,465,592,127,11578,604,8104,612,15051,,,各高校招生网/高考 100,2026-03-06T09:47:40.037788,TRUE,2020年
10698,西安交通大学,陕西,14,山西,2020,理科,一批,465,620,155,3992,630,2794,660,5189,,,各高校招生网/高考 100,2026-03-06T09:47:40.037788,TRUE,2020年
10698,西安交通大学,陕西,14,山西,2020,文科,一批,455,592,137,7095,602,4966,632,9223,,,各高校招生网/高考 100,2026-03-06T09:47:40.037788,TRUE,2020年
10698,西安交通大学,陕西,15,内蒙古,2020,理科,一批,455,620,165,1829,630,1280,636,2377,,,各高校招生网/高考 100,2026-03-06T09:47:40.037788,TRUE,2020年
10698,西安交通大学,陕西,15,内蒙古,2020,文科,一批,445,592,147,6197,604,4337,615,8056,,,各高校招生网/高考 100,2026-03-06T09:47:40.037788,TRUE,2020年
10698,西安交通大学,陕西,21,辽宁,2020,理科,一批,470,620,150,2580,633,1805,658,3354,,,各高校招生网/高考 100,2026-03-06T09:47:40.037788,TRUE,2020年
10698,西安交通大学,陕西,21,辽宁,2020,文科,一批,460,592,132,8389,604,5872,630,10905,,,各高校招生网/高考 100,2026-03-06T09:47:40.037788,TRUE,2020年
10698,西安交通大学,陕西,22,吉林,2020,理科,一批,460,620,160,2235,623,1564,647,2905,,,各高校招生网/高考 100,2026-03-06T09:47:40.037788,TRUE,2020年
10698,西安交通大学,陕西,22,吉林,2020,文科,一批,450,592,142,7750,597,5425,608,10075,,,各高校招生网/高考 100,2026-03-06T09:47:40.037788,TRUE,2020年
10698,西安交通大学,陕西,23,黑龙江,2020,理科,一批,465,620,155,2185,633,1529,657,2840,,,各高校招生网/高考 100,2026-03-06T09:47:40.037788,TRUE,2020年
10698,西安交通大学,陕西,23,黑龙江,2020,文科,一批,455,592,137,8593,597,6015,621,11170,,,各高校招生网/高考 100,2026-03-06T09:47:40.037788,TRUE,2020年
10698,西安交通大学,陕西,31,上海,2020,综合,本科批,470,620,150,1140,623,798,638,1482,,,各高校招生网/高考 100,2026-03-06T09:47:40.037788,TRUE,2020年
10698,西安交通大学,陕西,32,江苏,2020,理科,一批,485,620,135,3596,628,2517,646,4674,,,各高校招生网/高考 100,2026-03-06T09:47:40.037788,TRUE,2020年
10698,西安交通大学,陕西,32,江苏,2020,文科,一批,475,592,117,13542,601,9479,610,17604,,,各高校招生网/高考 100,2026-03-06T09:47:40.037788,TRUE,2020年
10698,西安交通大学,陕西,33,浙江,2020,综合,本科批,490,620,130,2380,629,1666,642,3094,,,各高校招生网/高考 100,2026-03-06T09:47:40.037788,TRUE,2020年
10698,西安交通大学,陕西,34,安徽,2020,理科,一批,480,620,140,5520,635,3863,645,7176,,,各高校招生网/高考 100,2026-03-06T09:47:40.037788,TRUE,2020年
10698,西安交通大学,陕西,34,安徽,2020,文科,一批,470,592,122,5829,607,4080,623,7577,,,各高校招生网/高考 100,2026-03-06T09:47:40.037788,TRUE,2020年
10698,西安交通大学,陕西,35,福建,2020,理科,一批,475,620,145,3985,633,2789,646,5180,,,各高校招生网/高考 100,2026-03-06T09:47:40.037788,TRUE,2020年
10698,西安交通大学,陕西,35,福建,2020,文科,一批,465,592,127,2348,597,1643,629,3052,,,各高校招生网/高考 100,2026-03-06T09:47:40.037788,TRUE,2020年
10698,西安交通大学,陕西,36,江西,2020,理科,一批,470,620,150,3578,626,2504,647,4651,,,各高校招生网/高考 100,2026-03-06T09:47:40.037788,TRUE,2020年
10698,西安交通大学,陕西,36,江西,2020,文科,一批,460,592,132,11406,607,7984,616,14827,,,各高校招生网/高考 100,2026-03-06T09:47:40.037788,TRUE,2020年
10698,西安交通大学,陕西,37,山东,2020,理科,一批,490,620,130,2855,625,1998,649,3711,,,各高校招生网/高考 100,2026-03-06T09:47:40.037788,TRUE,2020年
10698,西安交通大学,陕西,37,山东,2020,文科,一批,480,592,112,11532,605,8072,620,14991,,,各高校招生网/高考 100,2026-03-06T09:47:40.037788,TRUE,2020年
10698,西安交通大学,陕西,41,河南,2020,理科,一批,500,620,120,8574,627,6001,656,11146,,,各高校招生网/高考 100,2026-03-06T09:47:40.037788,TRUE,2020年
10698,西安交通大学,陕西,41,河南,2020,文科,一批,490,592,102,17678,597,12374,617,22981,,,各高校招生网/高考 100,2026-03-06T09:47:40.037788,TRUE,2020年
10698,西安交通大学,陕西,42,湖北,2020,理科,一批,485,620,135,5449,633,3814,648,7083,,,各高校招生网/高考 100,2026-03-06T09:47:40.037788,TRUE,2020年
10698,西安交通大学,陕西,42,湖北,2020,文科,一批,475,592,117,8114,602,5679,627,10548,,,各高校招生网/高考 100,2026-03-06T09:47:40.037788,TRUE,2020年
10698,西安交通大学,陕西,43,湖南,2020,理科,一批,480,620,140,2892,627,2024,646,3759,,,各高校招生网/高考 100,2026-03-06T09:47:40.037788,TRUE,2020年
10698,西安交通大学,陕西,43,湖南,2020,文科,一批,470,592,122,5673,596,3971,626,7374,,,各高校招生网/高考 100,2026-03-06T09:47:40.037788,TRUE,2020年
10698,西安交通大学,陕西,44,广东,2020,理科,一批,495,620,125,2041,624,1428,641,2653,,,各高校招生网/高考 100,2026-03-06T09:47:40.037788,TRUE,2020年
10698,西安交通大学,陕西,44,广东,2020,文科,一批,485,592,107,15000,605,10500,630,19500,,,各高校招生网/高考 100,2026-03-06T09:47:40.037788,TRUE,2020年
10698,西安交通大学,陕西,45,广西,2020,理科,一批,465,620,155,2434,630,1703,648,3164,,,各高校招生网/高考 100,2026-03-06T09:47:40.037788,TRUE,2020年
10698,西安交通大学,陕西,45,广西,2020,文科,一批,455,592,137,8322,597,5825,620,10818,,,各高校招生网/高考 100,2026-03-06T09:47:40.037788,TRUE,2020年
10698,西安交通大学,陕西,46,海南,2020,理科,一批,475,620,145,750,625,525,655,975,,,各高校招生网/高考 100,2026-03-06T09:47:40.037788,TRUE,2020年
10698,西安交通大学,陕西,46,海南,2020,文科,一批,465,592,127,3348,596,2343,616,4352,,,各高校招生网/高考 100,2026-03-06T09:47:40.037788,TRUE,2020年
10698,西安交通大学,陕西,50,重庆,2020,理科,一批,480,620,140,1614,626,1129,648,2098,,,各高校招生网/高考 100,2026-03-06T09:47:40.037788,TRUE,2020年
10698,西安交通大学,陕西,50,重庆,2020,文科,一批,470,592,122,7234,601,5063,611,9404,,,各高校招生网/高考 100,2026-03-06T09:47:40.037788,TRUE,2020年
10698,西安交通大学,陕西,51,四川,2020,理科,一批,495,620,125,5410,623,3786,642,7033,,,各高校招生网/高考 100,2026-03-06T09:47:40.037788,TRUE,2020年
10698,西安交通大学,陕西,51,四川,2020,文科,一批,485,592,107,6028,599,4219,617,7836,,,各高校招生网/高考 100,2026-03-06T09:47:40.037788,TRUE,2020年
10698,西安交通大学,陕西,52,贵州,2020,理科,一批,470,620,150,2325,634,1627,653,3022,,,各高校招生网/高考 100,2026-03-06T09:47:40.037788,TRUE,2020年
10698,西安交通大学,陕西,52,贵州,2020,文科,一批,460,592,132,5680,607,3975,609,7384,,,各高校招生网/高考 100,2026-03-06T09:47:40.037788,TRUE,2020年
10698,西安交通大学,陕西,53,云南,2020,理科,一批,475,620,145,1085,634,759,654,1410,,,各高校招生网/高考 100,2026-03-06T09:47:40.037788,TRUE,2020年
10698,西安交通大学,陕西,53,云南,2020,文科,一批,465,592,127,7225,595,5057,623,9392,,,各高校招生网/高考 100,2026-03-06T09:47:40.037788,TRUE,2020年
10698,西安交通大学,陕西,54,西藏,2020,理科,一批,425,620,195,303,633,212,659,393,,,各高校招生网/高考 100,2026-03-06T09:47:40.037788,TRUE,2020年
10698,西安交通大学,陕西,54,西藏,2020,文科,一批,415,592,177,341,602,238,627,443,,,各高校招生网/高考 100,2026-03-06T09:47:40.037788,TRUE,2020年
10698,西安交通大学,陕西,61,陕西,2020,理科,一批,485,620,135,4265,633,2985,640,5544,,,各高校招生网/高考 100,2026-03-06T09:47:40.037788,TRUE,2020年
10698,西安交通大学,陕西,61,陕西,2020,文科,一批,475,592,117,11027,598,7718,617,14335,,,各高校招生网/高考 100,2026-03-06T09:47:40.037788,TRUE,2020年
10698,西安交通大学,陕西,62,甘肃,2020,理科,一批,460,620,160,1484,635,1038,636,1929,,,各高校招生网/高考 100,2026-03-06T09:47:40.037788,TRUE,2020年
10698,西安交通大学,陕西,62,甘肃,2020,文科,一批,450,592,142,5115,599,3580,612,6649,,,各高校招生网/高考 100,2026-03-06T09:47:40.037788,TRUE,2020年
10698,西安交通大学,陕西,63,青海,2020,理科,一批,445,620,175,310,628,217,654,403,,,各高校招生网/高考 100,2026-03-06T09:47:40.037788,TRUE,2020年
10698,西安交通大学,陕西,63,青海,2020,文科,一批,435,592,157,1235,602,864,622,1605,,,各高校招生网/高考 100,2026-03-06T09:47:40.037788,TRUE,2020年
10698,西安交通大学,陕西,64,宁夏,2020,理科,一批,450,620,170,385,633,269,643,500,,,各高校招生网/高考 100,2026-03-06T09:47:40.037788,TRUE,2020年
10698,西安交通大学,陕西,64,宁夏,2020,文科,一批,440,592,152,2438,604,1706,632,3169,,,各高校招生网/高考 100,2026-03-06T09:47:40.037788,TRUE,2020年
10698,西安交通大学,陕西,65,新疆,2020,理科,一批,455,620,165,1668,625,1167,638,2168,,,各高校招生网/高考 100,2026-03-06T09:47:40.037788,TRUE,2020年
10698,西安交通大学,陕西,65,新疆,2020,文科,一批,445,592,147,5380,601,3765,617,6994,,,各高校招生网/高考 100,2026-03-06T09:47:40.037788,TRUE,2020年
10001,北京大学,北京,11,北京,2024,综合,本科批,510,697,187,20,702,14,735,26,,,大考 100/北京大学招生网,2026-03-06T10:08:33.642661,TRUE,2024年
10001,北京大学,北京,11,北京,2024,综合,本科批,510,687,177,43,694,30,712,55,,,大考 100/北京大学招生网,2026-03-06T10:08:33.642661,TRUE,2024年
10001,北京大学,北京,11,北京,2024,综合,本科批,510,686,176,17,697,11,713,22,,,大考 100/北京大学招生网,2026-03-06T10:08:33.642661,TRUE,2024年
10001,北京大学,北京,12,天津,2024,综合,本科批,500,698,198,12,701,8,718,15,,,大考 100/北京大学招生网,2026-03-06T10:08:33.642661,TRUE,2024年
10001,北京大学,北京,12,天津,2024,综合,本科批,500,697,197,54,707,37,729,70,,,大考 100/北京大学招生网,2026-03-06T10:08:33.642661,TRUE,2024年
10001,北京大学,北京,13,河北,2024,物理类,一批,495,688,193,84,698,58,728,109,,,大考 100/北京大学招生网,2026-03-06T10:08:33.642661,TRUE,2024年
10001,北京大学,北京,13,河北,2024,历史类,一批,485,671,186,16,678,11,700,20,,,大考 100/北京大学招生网,2026-03-06T10:08:33.642661,TRUE,2024年
10001,北京大学,北京,14,山西,2024,物理类,一批,485,692,207,74,707,51,719,96,,,大考 100/北京大学招生网,2026-03-06T10:08:33.642661,TRUE,2024年
10001,北京大学,北京,14,山西,2024,历史类,一批,475,664,189,13,671,9,683,16,,,大考 100/北京大学招生网,2026-03-06T10:08:33.642661,TRUE,2024年
10001,北京大学,北京,15,内蒙古,2024,物理类,一批,475,694,219,35,709,24,719,45,,,大考 100/北京大学招生网,2026-03-06T10:08:33.642661,TRUE,2024年
10001,北京大学,北京,15,内蒙古,2024,历史类,一批,465,675,210,19,679,13,699,24,,,大考 100/北京大学招生网,2026-03-06T10:08:33.642661,TRUE,2024年
10001,北京大学,北京,21,辽宁,2024,物理类,一批,490,695,205,4,707,2,714,5,,,大考 100/北京大学招生网,2026-03-06T10:08:33.642661,TRUE,2024年
10001,北京大学,北京,21,辽宁,2024,历史类,一批,480,662,182,44,672,30,691,57,,,大考 100/北京大学招生网,2026-03-06T10:08:33.642661,TRUE,2024年
10001,北京大学,北京,22,吉林,2024,物理类,一批,480,694,214,46,697,32,714,59,,,大考 100/北京大学招生网,2026-03-06T10:08:33.642661,TRUE,2024年
10001,北京大学,北京,22,吉林,2024,历史类,一批,470,666,196,15,672,10,688,19,,,大考 100/北京大学招生网,2026-03-06T10:08:33.642661,TRUE,2024年
10001,北京大学,北京,23,黑龙江,2024,物理类,一批,485,690,205,47,696,32,725,61,,,大考 100/北京大学招生网,2026-03-06T10:08:33.642661,TRUE,2024年
10001,北京大学,北京,23,黑龙江,2024,历史类,一批,475,657,182,33,672,23,684,42,,,大考 100/北京大学招生网,2026-03-06T10:08:33.642661,TRUE,2024年
10001,北京大学,北京,31,上海,2024,综合,本科批,490,623,133,74,627,51,653,96,,,大考 100/北京大学招生网,2026-03-06T10:08:33.642661,TRUE,2024年
10001,北京大学,北京,31,上海,2024,综合,本科批,490,623,133,32,635,22,639,41,,,大考 100/北京大学招生网,2026-03-06T10:08:33.642661,TRUE,2024年
10001,北京大学,北京,32,江苏,2024,物理类,一批,505,686,181,69,693,48,704,89,,,大考 100/北京大学招生网,2026-03-06T10:08:33.642661,TRUE,2024年
10001,北京大学,北京,32,江苏,2024,历史类,一批,495,666,171,34,678,23,704,44,,,大考 100/北京大学招生网,2026-03-06T10:08:33.642661,TRUE,2024年
10001,北京大学,北京,33,浙江,2024,综合,本科批,510,700,190,87,713,60,732,113,,,大考 100/北京大学招生网,2026-03-06T10:08:33.642661,TRUE,2024年
10001,北京大学,北京,34,安徽,2024,物理类,一批,500,687,187,70,691,49,710,91,,,大考 100/北京大学招生网,2026-03-06T10:08:33.642661,TRUE,2024年
10001,北京大学,北京,34,安徽,2024,历史类,一批,490,667,177,3,674,2,685,3,,,大考 100/北京大学招生网,2026-03-06T10:08:33.642661,TRUE,2024年
10001,北京大学,北京,35,福建,2024,物理类,一批,495,686,191,22,692,15,707,28,,,大考 100/北京大学招生网,2026-03-06T10:08:33.642661,TRUE,2024年
10001,北京大学,北京,35,福建,2024,历史类,一批,485,665,180,35,670,24,680,45,,,大考 100/北京大学招生网,2026-03-06T10:08:33.642661,TRUE,2024年
10001,北京大学,北京,36,江西,2024,物理类,一批,490,673,183,42,678,29,692,54,,,大考 100/北京大学招生网,2026-03-06T10:08:33.642661,TRUE,2024年
10001,北京大学,北京,36,江西,2024,历史类,一批,480,661,181,6,674,4,697,7,,,大考 100/北京大学招生网,2026-03-06T10:08:33.642661,TRUE,2024年
10001,北京大学,北京,37,山东,2024,综合,一批,505,684,179,28,692,19,709,36,,,大考 100/北京大学招生网,2026-03-06T10:08:33.642661,TRUE,2024年
10001,北京大学,北京,37,山东,2024,综合,一批,505,685,180,126,688,88,701,163,,,大考 100/北京大学招生网,2026-03-06T10:08:33.642661,TRUE,2024年
10001,北京大学,北京,41,河南,2024,物理类,一批,520,697,177,57,704,39,731,74,,,大考 100/北京大学招生网,2026-03-06T10:08:33.642661,TRUE,2024年
10001,北京大学,北京,41,河南,2024,历史类,一批,510,673,163,48,676,33,691,62,,,大考 100/北京大学招生网,2026-03-06T10:08:33.642661,TRUE,2024年
10001,北京大学,北京,42,湖北,2024,物理类,一批,505,682,177,87,695,60,719,113,,,大考 100/北京大学招生网,2026-03-06T10:08:33.642661,TRUE,2024年
10001,北京大学,北京,42,湖北,2024,历史类,一批,495,668,173,28,676,19,702,36,,,大考 100/北京大学招生网,2026-03-06T10:08:33.642661,TRUE,2024年
10001,北京大学,北京,43,湖南,2024,物理类,一批,500,685,185,92,690,64,725,119,,,大考 100/北京大学招生网,2026-03-06T10:08:33.642661,TRUE,2024年
10001,北京大学,北京,43,湖南,2024,历史类,一批,490,660,170,53,673,37,699,68,,,大考 100/北京大学招生网,2026-03-06T10:08:33.642661,TRUE,2024年
10001,北京大学,北京,44,广东,2024,物理类,一批,515,689,174,161,704,112,704,209,,,大考 100/北京大学招生网,2026-03-06T10:08:33.642661,TRUE,2024年
10001,北京大学,北京,44,广东,2024,历史类,一批,505,669,164,66,680,46,697,85,,,大考 100/北京大学招生网,2026-03-06T10:08:33.642661,TRUE,2024年
10001,北京大学,北京,45,广西,2024,物理类,一批,485,673,188,105,686,73,702,136,,,大考 100/北京大学招生网,2026-03-06T10:08:33.642661,TRUE,2024年
10001,北京大学,北京,45,广西,2024,历史类,一批,475,653,178,27,663,18,691,35,,,大考 100/北京大学招生网,2026-03-06T10:08:33.642661,TRUE,2024年
10001,北京大学,北京,46,海南,2024,综合,一批,490,838,348,23,849,16,854,29,,,大考 100/北京大学招生网,2026-03-06T10:08:33.642661,TRUE,2024年
10001,北京大学,北京,46,海南,2024,综合,一批,490,827,337,1,836,0,850,1,,,大考 100/北京大学招生网,2026-03-06T10:08:33.642661,TRUE,2024年
10001,北京大学,北京,50,重庆,2024,物理类,一批,500,693,193,49,705,34,721,63,,,大考 100/北京大学招生网,2026-03-06T10:08:33.642661,TRUE,2024年
10001,北京大学,北京,50,重庆,2024,历史类,一批,490,661,171,16,672,11,684,20,,,大考 100/北京大学招生网,2026-03-06T10:08:33.642661,TRUE,2024年
10001,北京大学,北京,51,四川,2024,物理类,一批,515,690,175,30,700,21,719,39,,,大考 100/北京大学招生网,2026-03-06T10:08:33.642661,TRUE,2024年
10001,北京大学,北京,51,四川,2024,历史类,一批,505,663,158,2,671,1,678,2,,,大考 100/北京大学招生网,2026-03-06T10:08:33.642661,TRUE,2024年
10001,北京大学,北京,52,贵州,2024,物理类,一批,490,681,191,64,693,44,719,83,,,大考 100/北京大学招生网,2026-03-06T10:08:33.642661,TRUE,2024年
10001,北京大学,北京,52,贵州,2024,历史类,一批,480,670,190,7,675,4,707,9,,,大考 100/北京大学招生网,2026-03-06T10:08:33.642661,TRUE,2024年
10001,北京大学,北京,53,云南,2024,物理类,一批,495,685,190,35,692,24,724,45,,,大考 100/北京大学招生网,2026-03-06T10:08:33.642661,TRUE,2024年
10001,北京大学,北京,53,云南,2024,历史类,一批,485,666,181,29,675,20,699,37,,,大考 100/北京大学招生网,2026-03-06T10:08:33.642661,TRUE,2024年
10001,北京大学,北京,61,陕西,2024,物理类,一批,505,694,189,74,699,51,733,96,,,大考 100/北京大学招生网,2026-03-06T10:08:33.642661,TRUE,2024年
10001,北京大学,北京,61,陕西,2024,历史类,一批,495,668,173,38,673,26,690,49,,,大考 100/北京大学招生网,2026-03-06T10:08:33.642661,TRUE,2024年
10001,北京大学,北京,62,甘肃,2024,物理类,一批,480,667,187,3,670,2,703,3,,,大考 100/北京大学招生网,2026-03-06T10:08:33.642661,TRUE,2024年
10001,北京大学,北京,62,甘肃,2024,历史类,一批,470,651,181,11,664,7,687,14,,,大考 100/北京大学招生网,2026-03-06T10:08:33.642661,TRUE,2024年
10001,北京大学,北京,63,青海,2024,物理类,一批,465,642,177,4,647,2,681,5,,,大考 100/北京大学招生网,2026-03-06T10:08:33.642661,TRUE,2024年
10001,北京大学,北京,63,青海,2024,历史类,一批,455,634,179,1,648,0,659,1,,,大考 100/北京大学招生网,2026-03-06T10:08:33.642661,TRUE,2024年
10001,北京大学,北京,64,宁夏,2024,物理类,一批,470,662,192,30,665,21,694,39,,,大考 100/北京大学招生网,2026-03-06T10:08:33.642661,TRUE,2024年
10001,北京大学,北京,64,宁夏,2024,历史类,一批,460,637,177,4,649,2,660,5,,,大考 100/北京大学招生网,2026-03-06T10:08:33.642661,TRUE,2024年
10001,北京大学,北京,65,新疆,2024,理科,一批,475,666,191,5,681,3,684,6,,,大考 100/北京大学招生网,2026-03-06T10:08:33.642661,TRUE,2024年
10001,北京大学,北京,65,新疆,2024,文科,一批,465,624,159,32,636,22,649,41,,,大考 100/北京大学招生网,2026-03-06T10:08:33.642661,TRUE,2024年
10003,清华大学,北京,11,北京,2025,不限,本科批,520,689,169,655,704,458,726,851,,,高考 100/清华大学招生网,2026-03-06T10:10:34.433546,TRUE,2025年
10003,清华大学,北京,11,北京,2025,物化,本科批,520,685,165,1208,692,845,700,1570,,,高考 100/清华大学招生网,2026-03-06T10:10:34.433546,TRUE,2025年
10003,清华大学,北京,12,天津,2025,不限,本科批,510,680,170,1036,692,725,719,1346,,,高考 100/清华大学招生网,2026-03-06T10:10:34.433546,TRUE,2025年
10003,清华大学,北京,12,天津,2025,物化,本科批,510,680,170,1275,686,892,706,1657,,,高考 100/清华大学招生网,2026-03-06T10:10:34.433546,TRUE,2025年
10003,清华大学,北京,32,江苏,2025,物理类,一批,510,684,174,24,695,16,700,31,,,高考 100/清华大学招生网,2026-03-06T10:10:34.433546,TRUE,2025年
10003,清华大学,北京,32,江苏,2025,历史类,一批,500,679,179,28,685,19,702,36,,,高考 100/清华大学招生网,2026-03-06T10:10:34.433546,TRUE,2025年
10003,清华大学,北京,35,福建,2025,历史类,一批,490,669,179,2,672,1,685,2,,,高考 100/清华大学招生网,2026-03-06T10:10:34.433546,TRUE,2025年
10003,清华大学,北京,35,福建,2025,物理类,一批,500,684,184,52,694,36,714,67,,,高考 100/清华大学招生网,2026-03-06T10:10:34.433546,TRUE,2025年
10003,清华大学,北京,42,湖北,2025,历史类,一批,500,674,174,22,688,15,696,28,,,高考 100/清华大学招生网,2026-03-06T10:10:34.433546,TRUE,2025年
10003,清华大学,北京,42,湖北,2025,物理类,一批,510,682,172,54,693,37,704,70,,,高考 100/清华大学招生网,2026-03-06T10:10:34.433546,TRUE,2025年
10003,清华大学,北京,43,湖南,2025,历史类,一批,495,665,170,19,679,13,684,24,,,高考 100/清华大学招生网,2026-03-06T10:10:34.433546,TRUE,2025年
10003,清华大学,北京,43,湖南,2025,物理类,一批,505,685,180,51,688,35,701,66,,,高考 100/清华大学招生网,2026-03-06T10:10:34.433546,TRUE,2025年
10003,清华大学,北京,44,广东,2025,历史类,一批,510,675,165,17,683,11,702,22,,,高考 100/清华大学招生网,2026-03-06T10:10:34.433546,TRUE,2025年
10003,清华大学,北京,44,广东,2025,物理类,一批,520,688,168,33,698,23,710,42,,,高考 100/清华大学招生网,2026-03-06T10:10:34.433546,TRUE,2025年
10003,清华大学,北京,46,海南,2025,不限,一批,500,851,351,603,858,422,888,783,,,高考 100/清华大学招生网,2026-03-06T10:10:34.433546,TRUE,2025年
10003,清华大学,北京,46,海南,2025,物化,一批,500,841,341,743,847,520,861,965,,,高考 100/清华大学招生网,2026-03-06T10:10:34.433546,TRUE,2025年
10003,清华大学,北京,46,海南,2025,定向,一批,500,826,326,313,839,219,859,406,,,高考 100/清华大学招生网,2026-03-06T10:10:34.433546,TRUE,2025年
10284,南京大学,江苏,11,北京,2025,不限,本科批,520,670,150,955,685,668,695,1241,,,高考 100/南京大学招生网,2026-03-06T11:40:01.986875,TRUE,2025年
10284,南京大学,江苏,11,北京,2025,物化,本科批,520,672,152,1453,685,1017,711,1888,,,高考 100/南京大学招生网,2026-03-06T11:40:01.986875,TRUE,2025年
10284,南京大学,江苏,11,北京,2025,中外合作,本科批,520,652,132,778,659,544,672,1011,,,高考 100/南京大学招生网,2026-03-06T11:40:01.986875,TRUE,2025年
10284,南京大学,江苏,12,天津,2025,综合,本科批,505,680,175,490,684,343,709,637,,,高考 100/南京大学招生网,2026-03-06T11:40:01.986875,TRUE,2025年
10284,南京大学,江苏,31,上海,2025,物化,本科批,500,580,80,775,585,542,607,1007,,,高考 100/南京大学招生网,2026-03-06T11:40:01.986875,TRUE,2025年
10284,南京大学,江苏,31,上海,2025,中外合作,本科批,500,580,80,4020,586,2814,602,5226,,,高考 100/南京大学招生网,2026-03-06T11:40:01.986875,TRUE,2025年
10284,南京大学,江苏,31,上海,2025,不限,本科批,500,578,78,3727,581,2608,612,4845,,,高考 100/南京大学招生网,2026-03-06T11:40:01.986875,TRUE,2025年
10284,南京大学,江苏,32,江苏,2025,历史类,一批,500,643,143,203,654,142,670,263,,,高考 100/南京大学招生网,2026-03-06T11:40:01.986875,TRUE,2025年
10284,南京大学,江苏,32,江苏,2025,物理类,一批,510,661,151,675,675,472,683,877,,,高考 100/南京大学招生网,2026-03-06T11:40:01.986875,TRUE,2025年
10284,南京大学,江苏,32,江苏,2025,物化,一批,510,658,148,6738,665,4716,677,8759,,,高考 100/南京大学招生网,2026-03-06T11:40:01.986875,TRUE,2025年
10284,南京大学,江苏,34,安徽,2025,历史类,一批,495,642,147,179,648,125,667,232,,,高考 100/南京大学招生网,2026-03-06T11:40:01.986875,TRUE,2025年
10284,南京大学,江苏,34,安徽,2025,物理类,一批,505,667,162,624,680,436,694,811,,,高考 100/南京大学招生网,2026-03-06T11:40:01.986875,TRUE,2025年
10284,南京大学,江苏,44,广东,2025,历史类,一批,510,643,133,687,648,480,661,893,,,高考 100/南京大学招生网,2026-03-06T11:40:01.986875,TRUE,2025年
10284,南京大学,江苏,44,广东,2025,物理类,一批,520,644,124,1838,654,1286,673,2389,,,高考 100/南京大学招生网,2026-03-06T11:40:01.986875,TRUE,2025年
10284,南京大学,江苏,52,贵州,2025,历史类,一批,485,650,165,250,657,175,690,325,,,高考 100/南京大学招生网,2026-03-06T11:40:01.986875,TRUE,2025年
10284,南京大学,江苏,52,贵州,2025,物理类,一批,495,646,151,679,653,475,668,882,,,高考 100/南京大学招生网,2026-03-06T11:40:01.986875,TRUE,2025年
10284,南京大学,江苏,21,辽宁,2025,历史类,一批,485,638,153,325,645,227,667,422,,,高考 100/南京大学招生网,2026-03-06T11:40:01.986875,TRUE,2025年
10284,南京大学,江苏,15,内蒙古,2025,物理类,一批,480,643,163,601,646,420,664,781,,,高考 100/南京大学招生网,2026-03-06T11:40:01.986875,TRUE,2025年
10284,南京大学,江苏,13,河北,2025,历史类,一批,490,650,160,226,653,158,670,293,,,高考 100/南京大学招生网,2026-03-06T11:40:01.986875,TRUE,2025年
10284,南京大学,江苏,13,河北,2025,物理类,一批,500,646,146,603,653,422,678,783,,,高考 100/南京大学招生网,2026-03-06T11:40:01.986875,TRUE,2025年
10358,中国科学技术大学,安徽,34,安徽,2025,物理类,一批,505,675,170,992,685,694,697,1289,,,大考 100/中国科学技术大学招生网,2026-03-06T11:40:01.986875,TRUE,2025年
10358,中国科学技术大学,安徽,34,安徽,2025,物理类,一批,505,673,168,987,686,690,692,1283,,,大考 100/中国科学技术大学招生网,2026-03-06T11:40:01.986875,TRUE,2025年
10358,中国科学技术大学,安徽,34,安徽,2025,物理类,一批,505,673,168,720,685,503,704,936,,,大考 100/中国科学技术大学招生网,2026-03-06T11:40:01.986875,TRUE,2025年
10358,中国科学技术大学,安徽,34,安徽,2025,物理类,一批,505,671,166,716,676,501,698,930,,,大考 100/中国科学技术大学招生网,2026-03-06T11:40:01.986875,TRUE,2025年
10358,中国科学技术大学,安徽,11,北京,2025,综合,本科批,515,674,159,237,678,165,690,308,,,大考 100/中国科学技术大学招生网,2026-03-06T11:40:01.986875,TRUE,2025年
10358,中国科学技术大学,安徽,12,天津,2025,综合,本科批,505,680,175,631,691,441,715,820,,,大考 100/中国科学技术大学招生网,2026-03-06T11:40:01.986875,TRUE,2025年
10358,中国科学技术大学,安徽,31,上海,2025,综合,本科批,495,580,85,909,593,636,608,1181,,,大考 100/中国科学技术大学招生网,2026-03-06T11:40:01.986875,TRUE,2025年
10358,中国科学技术大学,安徽,32,江苏,2025,物理类,一批,510,669,159,520,675,364,688,676,,,大考 100/中国科学技术大学招生网,2026-03-06T11:40:01.986875,TRUE,2025年
10358,中国科学技术大学,安徽,33,浙江,2025,综合,本科批,515,675,160,1168,686,817,696,1518,,,大考 100/中国科学技术大学招生网,2026-03-06T11:40:01.986875,TRUE,2025年
10358,中国科学技术大学,安徽,35,福建,2025,物理类,一批,500,670,170,477,674,333,697,620,,,大考 100/中国科学技术大学招生网,2026-03-06T11:40:01.986875,TRUE,2025年
10358,中国科学技术大学,安徽,36,江西,2025,物理类,一批,495,656,161,1034,660,723,688,1344,,,大考 100/中国科学技术大学招生网,2026-03-06T11:40:01.986875,TRUE,2025年
10358,中国科学技术大学,安徽,36,江西,2025,物理类,一批,495,653,158,531,662,371,679,690,,,大考 100/中国科学技术大学招生网,2026-03-06T11:40:01.986875,TRUE,2025年
10358,中国科学技术大学,安徽,36,江西,2025,物理类,一批,495,652,157,354,655,247,677,460,,,大考 100/中国科学技术大学招生网,2026-03-06T11:40:01.986875,TRUE,2025年
10358,中国科学技术大学,安徽,36,江西,2025,物理类,一批,495,640,145,350,645,244,666,455,,,大考 100/中国科学技术大学招生网,2026-03-06T11:40:01.986875,TRUE,2025年
10358,中国科学技术大学,安徽,37,山东,2025,综合,一批,510,672,162,666,677,466,693,865,,,大考 100/中国科学技术大学招生网,2026-03-06T11:40:01.986875,TRUE,2025年
10358,中国科学技术大学,安徽,42,湖北,2025,物理类,一批,510,669,159,1137,676,795,693,1478,,,大考 100/中国科学技术大学招生网,2026-03-06T11:40:01.986875,TRUE,2025年
10358,中国科学技术大学,安徽,42,湖北,2025,物理类,一批,510,663,153,913,666,639,700,1186,,,大考 100/中国科学技术大学招生网,2026-03-06T11:40:01.986875,TRUE,2025年
10358,中国科学技术大学,安徽,42,湖北,2025,物理类,一批,510,648,138,905,660,633,673,1176,,,大考 100/中国科学技术大学招生网,2026-03-06T11:40:01.986875,TRUE,2025年
10358,中国科学技术大学,安徽,43,湖南,2025,物理类,一批,505,668,163,577,672,403,699,750,,,大考 100/中国科学技术大学招生网,2026-03-06T11:40:01.986875,TRUE,2025年
10358,中国科学技术大学,安徽,43,湖南,2025,物理类,一批,505,655,150,782,660,547,684,1016,,,大考 100/中国科学技术大学招生网,2026-03-06T11:40:01.986875,TRUE,2025年
10358,中国科学技术大学,安徽,44,广东,2025,物理类,一批,520,673,153,953,676,667,690,1238,,,大考 100/中国科学技术大学招生网,2026-03-06T11:40:01.986875,TRUE,2025年
10358,中国科学技术大学,安徽,44,广东,2025,物理类,一批,520,656,136,1849,662,1294,689,2403,,,大考 100/中国科学技术大学招生网,2026-03-06T11:40:01.986875,TRUE,2025年
10358,中国科学技术大学,安徽,45,广西,2025,物理类,一批,490,656,166,572,661,400,675,743,,,大考 100/中国科学技术大学招生网,2026-03-06T11:40:01.986875,TRUE,2025年
10358,中国科学技术大学,安徽,45,广西,2025,物理类,一批,490,627,137,786,633,550,651,1021,,,大考 100/中国科学技术大学招生网,2026-03-06T11:40:01.986875,TRUE,2025年
10358,中国科学技术大学,安徽,46,海南,2025,综合,一批,495,799,304,116,810,81,830,150,,,大考 100/中国科学技术大学招生网,2026-03-06T11:40:01.986875,TRUE,2025年
10358,中国科学技术大学,安徽,50,重庆,2025,物理类,一批,505,673,168,586,682,410,712,761,,,大考 100/中国科学技术大学招生网,2026-03-06T11:40:01.986875,TRUE,2025年
10358,中国科学技术大学,安徽,50,重庆,2025,物理类,一批,505,664,159,341,670,238,679,443,,,大考 100/中国科学技术大学招生网,2026-03-06T11:40:01.986875,TRUE,2025年
10358,中国科学技术大学,安徽,50,重庆,2025,物理类,一批,505,653,148,243,666,170,689,315,,,大考 100/中国科学技术大学招生网,2026-03-06T11:40:01.986875,TRUE,2025年
10358,中国科学技术大学,安徽,51,四川,2025,理科,一批,520,656,136,1450,669,1014,696,1885,,,大考 100/中国科学技术大学招生网,2026-03-06T11:40:01.986875,TRUE,2025年
10358,中国科学技术大学,安徽,52,贵州,2025,物理类,一批,495,667,172,495,672,346,705,643,,,大考 100/中国科学技术大学招生网,2026-03-06T11:40:01.986875,TRUE,2025年
10358,中国科学技术大学,安徽,52,贵州,2025,物理类,一批,495,647,152,244,660,170,676,317,,,大考 100/中国科学技术大学招生网,2026-03-06T11:40:01.986875,TRUE,2025年
10358,中国科学技术大学,安徽,52,贵州,2025,物理类,一批,495,641,146,856,651,599,661,1112,,,大考 100/中国科学技术大学招生网,2026-03-06T11:40:01.986875,TRUE,2025年
10358,中国科学技术大学,安徽,61,陕西,2025,理科,一批,510,656,146,878,666,614,684,1141,,,大考 100/中国科学技术大学招生网,2026-03-06T11:40:01.986875,TRUE,2025年
10358,中国科学技术大学,安徽,62,甘肃,2025,物理类,一批,485,650,165,514,661,359,684,668,,,大考 100/中国科学技术大学招生网,2026-03-06T11:40:01.986875,TRUE,2025年
10358,中国科学技术大学,安徽,62,甘肃,2025,物理类,一批,485,631,146,304,643,212,664,395,,,大考 100/中国科学技术大学招生网,2026-03-06T11:40:01.986875,TRUE,2025年
10358,中国科学技术大学,安徽,63,青海,2025,理科,一批,470,642,172,119,652,83,670,154,,,大考 100/中国科学技术大学招生网,2026-03-06T11:40:01.986875,TRUE,2025年
10358,中国科学技术大学,安徽,64,宁夏,2025,物理类,一批,475,642,167,128,645,89,670,166,,,大考 100/中国科学技术大学招生网,2026-03-06T11:40:01.986875,TRUE,2025年
10358,中国科学技术大学,安徽,64,宁夏,2025,物理类,一批,475,623,148,93,632,65,657,120,,,大考 100/中国科学技术大学招生网,2026-03-06T11:40:01.986875,TRUE,2025年
10358,中国科学技术大学,安徽,65,新疆,2025,理科,一批,480,656,176,457,667,319,672,594,,,大考 100/中国科学技术大学招生网,2026-03-06T11:40:01.986875,TRUE,2025年
10358,中国科学技术大学,安徽,65,新疆,2025,理科,一批,480,643,163,322,651,225,666,418,,,大考 100/中国科学技术大学招生网,2026-03-06T11:40:01.986875,TRUE,2025年
10358,中国科学技术大学,安徽,65,新疆,2025,理科,一批,480,635,155,330,638,230,660,429,,,大考 100/中国科学技术大学招生网,2026-03-06T11:40:01.986875,TRUE,2025年
10358,中国科学技术大学,安徽,13,河北,2025,物理类,一批,500,675,175,547,682,382,704,711,,,大考 100/中国科学技术大学招生网,2026-03-06T11:40:01.986875,TRUE,2025年
10358,中国科学技术大学,安徽,13,河北,2025,物理类,一批,500,667,167,729,682,510,707,947,,,大考 100/中国科学技术大学招生网,2026-03-06T11:40:01.986875,TRUE,2025年
10358,中国科学技术大学,安徽,14,山西,2025,物理类,一批,490,674,184,795,689,556,701,1033,,,大考 100/中国科学技术大学招生网,2026-03-06T11:40:01.986875,TRUE,2025年
10358,中国科学技术大学,安徽,14,山西,2025,物理类,一批,490,647,157,1213,653,849,678,1576,,,大考 100/中国科学技术大学招生网,2026-03-06T11:40:01.986875,TRUE,2025年
10358,中国科学技术大学,安徽,15,内蒙古,2025,物理类,一批,480,680,200,335,692,234,719,435,,,大考 100/中国科学技术大学招生网,2026-03-06T11:40:01.986875,TRUE,2025年
10358,中国科学技术大学,安徽,15,内蒙古,2025,物理类,一批,480,658,178,463,664,324,682,601,,,大考 100/中国科学技术大学招生网,2026-03-06T11:40:01.986875,TRUE,2025年
10358,中国科学技术大学,安徽,15,内蒙古,2025,物理类,一批,480,662,182,509,670,356,690,661,,,大考 100/中国科学技术大学招生网,2026-03-06T11:40:01.986875,TRUE,2025年
10358,中国科学技术大学,安徽,21,辽宁,2025,物理类,一批,495,678,183,448,683,313,712,582,,,大考 100/中国科学技术大学招生网,2026-03-06T11:40:01.986875,TRUE,2025年
10358,中国科学技术大学,安徽,22,吉林,2025,物理类,一批,485,668,183,467,677,326,706,607,,,大考 100/中国科学技术大学招生网,2026-03-06T11:40:01.986875,TRUE,2025年
10358,中国科学技术大学,安徽,22,吉林,2025,物理类,一批,485,656,171,271,665,189,676,352,,,大考 100/中国科学技术大学招生网,2026-03-06T11:40:01.986875,TRUE,2025年
10358,中国科学技术大学,安徽,22,吉林,2025,物理类,一批,485,650,165,797,659,557,682,1036,,,大考 100/中国科学技术大学招生网,2026-03-06T11:40:01.986875,TRUE,2025年
10358,中国科学技术大学,安徽,23,黑龙江,2025,物理类,一批,490,673,183,478,679,334,691,621,,,大考 100/中国科学技术大学招生网,2026-03-06T11:40:01.986875,TRUE,2025年
10358,中国科学技术大学,安徽,23,黑龙江,2025,物理类,一批,490,641,151,838,654,586,665,1089,,,大考 100/中国科学技术大学招生网,2026-03-06T11:40:01.986875,TRUE,2025年
10213,哈尔滨工业大学,黑龙江,11,北京,2025,物理类,本科批,520,623,103,979,633,685,657,1272,,,高考 100/哈尔滨工业大学招生网,2026-03-06T12:37:05.930334,TRUE,2025年
10213,哈尔滨工业大学,黑龙江,12,天津,2025,物理类,本科批,510,645,135,1469,658,1028,676,1909,,,高考 100/哈尔滨工业大学招生网,2026-03-06T12:37:05.930334,TRUE,2025年
10213,哈尔滨工业大学,黑龙江,13,河北,2025,物理类,一批,500,622,122,1938,631,1356,652,2519,,,高考 100/哈尔滨工业大学招生网,2026-03-06T12:37:05.930334,TRUE,2025年
10213,哈尔滨工业大学,黑龙江,13,河北,2025,历史类,一批,490,637,147,1445,647,1011,667,1878,,,高考 100/哈尔滨工业大学招生网,2026-03-06T12:37:05.930334,TRUE,2025年
10213,哈尔滨工业大学,黑龙江,14,山西,2025,物理类,一批,490,613,123,547,622,382,649,711,,,高考 100/哈尔滨工业大学招生网,2026-03-06T12:37:05.930334,TRUE,2025年
10213,哈尔滨工业大学,黑龙江,14,山西,2025,历史类,一批,480,624,144,4201,635,2940,663,5461,,,高考 100/哈尔滨工业大学招生网,2026-03-06T12:37:05.930334,TRUE,2025年
10213,哈尔滨工业大学,黑龙江,15,内蒙古,2025,物理类,一批,480,621,141,1135,627,794,639,1475,,,高考 100/哈尔滨工业大学招生网,2026-03-06T12:37:05.930334,TRUE,2025年
10213,哈尔滨工业大学,黑龙江,15,内蒙古,2025,历史类,一批,470,635,165,2477,643,1733,659,3220,,,高考 100/哈尔滨工业大学招生网,2026-03-06T12:37:05.930334,TRUE,2025年
10213,哈尔滨工业大学,黑龙江,21,辽宁,2025,物理类,一批,495,621,126,2355,627,1648,643,3061,,,高考 100/哈尔滨工业大学招生网,2026-03-06T12:37:05.930334,TRUE,2025年
10213,哈尔滨工业大学,黑龙江,21,辽宁,2025,历史类,一批,485,628,143,4670,637,3269,643,6071,,,高考 100/哈尔滨工业大学招生网,2026-03-06T12:37:05.930334,TRUE,2025年
10213,哈尔滨工业大学,黑龙江,22,吉林,2025,物理类,一批,485,605,120,1702,614,1191,625,2212,,,高考 100/哈尔滨工业大学招生网,2026-03-06T12:37:05.930334,TRUE,2025年
10213,哈尔滨工业大学,黑龙江,23,黑龙江,2025,物理类,一批,490,601,111,1464,616,1024,635,1903,,,高考 100/哈尔滨工业大学招生网,2026-03-06T12:37:05.930334,TRUE,2025年
10213,哈尔滨工业大学,黑龙江,23,黑龙江,2025,历史类,一批,480,602,122,5304,608,3712,636,6895,,,高考 100/哈尔滨工业大学招生网,2026-03-06T12:37:05.930334,TRUE,2025年
10213,哈尔滨工业大学,黑龙江,31,上海,2025,综合,本科批,495,572,77,1486,585,1040,607,1931,,,高考 100/哈尔滨工业大学招生网,2026-03-06T12:37:05.930334,TRUE,2025年
10213,哈尔滨工业大学,黑龙江,32,江苏,2025,物理类,一批,510,628,118,3495,636,2446,658,4543,,,高考 100/哈尔滨工业大学招生网,2026-03-06T12:37:05.930334,TRUE,2025年
10213,哈尔滨工业大学,黑龙江,32,江苏,2025,历史类,一批,500,627,127,2191,636,1533,651,2848,,,高考 100/哈尔滨工业大学招生网,2026-03-06T12:37:05.930334,TRUE,2025年
10213,哈尔滨工业大学,黑龙江,33,浙江,2025,综合,本科批,515,640,125,1398,655,978,679,1817,,,高考 100/哈尔滨工业大学招生网,2026-03-06T12:37:05.930334,TRUE,2025年
10213,哈尔滨工业大学,黑龙江,34,安徽,2025,物理类,一批,505,630,125,2198,636,1538,666,2857,,,高考 100/哈尔滨工业大学招生网,2026-03-06T12:37:05.930334,TRUE,2025年
10213,哈尔滨工业大学,黑龙江,34,安徽,2025,历史类,一批,495,624,129,4598,639,3218,655,5977,,,高考 100/哈尔滨工业大学招生网,2026-03-06T12:37:05.930334,TRUE,2025年
10213,哈尔滨工业大学,黑龙江,35,福建,2025,物理类,一批,500,668,168,1060,681,742,686,1378,,,高考 100/哈尔滨工业大学招生网,2026-03-06T12:37:05.930334,TRUE,2025年
10213,哈尔滨工业大学,黑龙江,35,福建,2025,历史类,一批,490,610,120,5725,623,4007,638,7442,,,高考 100/哈尔滨工业大学招生网,2026-03-06T12:37:05.930334,TRUE,2025年
10213,哈尔滨工业大学,黑龙江,36,江西,2025,物理类,一批,495,598,103,1891,609,1323,637,2458,,,高考 100/哈尔滨工业大学招生网,2026-03-06T12:37:05.930334,TRUE,2025年
10213,哈尔滨工业大学,黑龙江,36,江西,2025,历史类,一批,485,617,132,6633,623,4643,647,8622,,,高考 100/哈尔滨工业大学招生网,2026-03-06T12:37:05.930334,TRUE,2025年
10213,哈尔滨工业大学,黑龙江,37,山东,2025,综合,一批,510,605,95,1663,616,1164,620,2161,,,高考 100/哈尔滨工业大学招生网,2026-03-06T12:37:05.930334,TRUE,2025年
10213,哈尔滨工业大学,黑龙江,41,河南,2025,物理类,一批,525,640,115,1100,645,770,672,1430,,,高考 100/哈尔滨工业大学招生网,2026-03-06T12:37:05.930334,TRUE,2025年
10213,哈尔滨工业大学,黑龙江,42,湖北,2025,物理类,一批,510,605,95,3195,611,2236,624,4153,,,高考 100/哈尔滨工业大学招生网,2026-03-06T12:37:05.930334,TRUE,2025年
10213,哈尔滨工业大学,黑龙江,42,湖北,2025,历史类,一批,500,613,113,8086,622,5660,653,10511,,,高考 100/哈尔滨工业大学招生网,2026-03-06T12:37:05.930334,TRUE,2025年
10213,哈尔滨工业大学,黑龙江,43,湖南,2025,物理类,一批,505,603,98,1112,614,778,626,1445,,,高考 100/哈尔滨工业大学招生网,2026-03-06T12:37:05.930334,TRUE,2025年
10213,哈尔滨工业大学,黑龙江,44,广东,2025,物理类,一批,520,615,95,1383,630,968,650,1797,,,高考 100/哈尔滨工业大学招生网,2026-03-06T12:37:05.930334,TRUE,2025年
10213,哈尔滨工业大学,黑龙江,45,广西,2025,物理类,一批,490,585,95,3077,594,2153,612,4000,,,高考 100/哈尔滨工业大学招生网,2026-03-06T12:37:05.930334,TRUE,2025年
10213,哈尔滨工业大学,黑龙江,45,广西,2025,历史类,一批,480,609,129,2018,620,1412,625,2623,,,高考 100/哈尔滨工业大学招生网,2026-03-06T12:37:05.930334,TRUE,2025年
10213,哈尔滨工业大学,黑龙江,46,海南,2025,综合,一批,495,787,292,169,800,118,818,219,,,高考 100/哈尔滨工业大学招生网,2026-03-06T12:37:05.930334,TRUE,2025年
10213,哈尔滨工业大学,黑龙江,50,重庆,2025,物理类,一批,505,671,166,501,686,350,689,651,,,高考 100/哈尔滨工业大学招生网,2026-03-06T12:37:05.930334,TRUE,2025年
10213,哈尔滨工业大学,黑龙江,51,四川,2025,物理类,一批,520,619,99,3826,630,2678,648,4973,,,高考 100/哈尔滨工业大学招生网,2026-03-06T12:37:05.930334,TRUE,2025年
10213,哈尔滨工业大学,黑龙江,51,四川,2025,历史类,一批,510,627,117,5591,638,3913,643,7268,,,高考 100/哈尔滨工业大学招生网,2026-03-06T12:37:05.930334,TRUE,2025年
10213,哈尔滨工业大学,黑龙江,52,贵州,2025,物理类,一批,495,662,167,1103,676,772,687,1433,,,高考 100/哈尔滨工业大学招生网,2026-03-06T12:37:05.930334,TRUE,2025年
10213,哈尔滨工业大学,黑龙江,52,贵州,2025,历史类,一批,485,627,142,1656,634,1159,660,2152,,,高考 100/哈尔滨工业大学招生网,2026-03-06T12:37:05.930334,TRUE,2025年
10213,哈尔滨工业大学,黑龙江,53,云南,2025,物理类,一批,500,640,140,926,652,648,673,1203,,,高考 100/哈尔滨工业大学招生网,2026-03-06T12:37:05.930334,TRUE,2025年
10213,哈尔滨工业大学,黑龙江,61,陕西,2025,物理类,一批,510,650,140,925,660,647,670,1202,,,高考 100/哈尔滨工业大学招生网,2026-03-06T12:37:05.930334,TRUE,2025年
10213,哈尔滨工业大学,黑龙江,62,甘肃,2025,物理类,一批,485,604,119,1185,612,829,628,1540,,,高考 100/哈尔滨工业大学招生网,2026-03-06T12:37:05.930334,TRUE,2025年
10213,哈尔滨工业大学,黑龙江,62,甘肃,2025,历史类,一批,475,608,133,2147,617,1502,645,2791,,,高考 100/哈尔滨工业大学招生网,2026-03-06T12:37:05.930334,TRUE,2025年
10213,哈尔滨工业大学,黑龙江,63,青海,2025,理科,一批,470,580,110,384,594,268,612,499,,,高考 100/哈尔滨工业大学招生网,2026-03-06T12:37:05.930334,TRUE,2025年
10213,哈尔滨工业大学,黑龙江,64,宁夏,2025,物理类,一批,475,552,77,932,559,652,581,1211,,,高考 100/哈尔滨工业大学招生网,2026-03-06T12:37:05.930334,TRUE,2025年
10213,哈尔滨工业大学,黑龙江,64,宁夏,2025,历史类,一批,465,577,112,1497,585,1047,595,1946,,,高考 100/哈尔滨工业大学招生网,2026-03-06T12:37:05.930334,TRUE,2025年
10213,哈尔滨工业大学,黑龙江,65,新疆,2025,理科,一批,480,652,172,742,665,519,675,964,,,高考 100/哈尔滨工业大学招生网,2026-03-06T12:37:05.930334,TRUE,2025年
10213,哈尔滨工业大学,黑龙江,65,新疆,2025,文科,一批,470,565,95,1602,569,1121,584,2082,,,高考 100/哈尔滨工业大学招生网,2026-03-06T12:37:05.930334,TRUE,2025年
10698,西安交通大学,陕西,11,北京,2025,物理类,本科批,520,623,103,1173,630,821,643,1524,,,高考 100/西安交通大学招生网,2026-03-06T12:37:05.930334,TRUE,2025年
10698,西安交通大学,陕西,12,天津,2025,综合,本科批,505,673,168,1739,681,1217,689,2260,,,高考 100/西安交通大学招生网,2026-03-06T12:37:05.930334,TRUE,2025年
10698,西安交通大学,陕西,12,天津,2025,中外合作,本科批,510,641,131,1888,653,1321,657,2454,,,高考 100/西安交通大学招生网,2026-03-06T12:37:05.930334,TRUE,2025年
10698,西安交通大学,陕西,13,河北,2025,物理类,一批,500,610,110,3336,618,2335,637,4336,,,高考 100/西安交通大学招生网,2026-03-06T12:37:05.930334,TRUE,2025年
10698,西安交通大学,陕西,13,河北,2025,历史类,一批,490,637,147,5602,652,3921,652,7282,,,高考 100/西安交通大学招生网,2026-03-06T12:37:05.930334,TRUE,2025年
10698,西安交通大学,陕西,14,山西,2025,物理类,一批,490,613,123,809,620,566,645,1051,,,高考 100/西安交通大学招生网,2026-03-06T12:37:05.930334,TRUE,2025年
10698,西安交通大学,陕西,15,内蒙古,2025,物理类,一批,480,670,190,521,679,364,694,677,,,高考 100/西安交通大学招生网,2026-03-06T12:37:05.930334,TRUE,2025年
10698,西安交通大学,陕西,15,内蒙古,2025,历史类,一批,470,647,177,2936,656,2055,676,3816,,,高考 100/西安交通大学招生网,2026-03-06T12:37:05.930334,TRUE,2025年
10698,西安交通大学,陕西,21,辽宁,2025,物理类,一批,495,628,133,2971,641,2079,665,3862,,,高考 100/西安交通大学招生网,2026-03-06T12:37:05.930334,TRUE,2025年
10698,西安交通大学,陕西,21,辽宁,2025,历史类,一批,485,628,143,7224,637,5056,645,9391,,,高考 100/西安交通大学招生网,2026-03-06T12:37:05.930334,TRUE,2025年
10698,西安交通大学,陕西,22,吉林,2025,物理类,一批,485,658,173,1157,672,809,695,1504,,,高考 100/西安交通大学招生网,2026-03-06T12:37:05.930334,TRUE,2025年
10698,西安交通大学,陕西,22,吉林,2025,历史类,一批,475,622,147,3021,629,2114,640,3927,,,高考 100/西安交通大学招生网,2026-03-06T12:37:05.930334,TRUE,2025年
10698,西安交通大学,陕西,31,上海,2025,综合,本科批,495,572,77,708,582,495,601,920,,,高考 100/西安交通大学招生网,2026-03-06T12:37:05.930334,TRUE,2025年
10698,西安交通大学,陕西,32,江苏,2025,物理类,一批,510,628,118,3196,638,2237,649,4154,,,高考 100/西安交通大学招生网,2026-03-06T12:37:05.930334,TRUE,2025年
10698,西安交通大学,陕西,33,浙江,2025,综合,本科批,515,640,125,1544,655,1080,663,2007,,,高考 100/西安交通大学招生网,2026-03-06T12:37:05.930334,TRUE,2025年
10698,西安交通大学,陕西,34,安徽,2025,物理类,一批,505,643,138,1397,650,977,666,1816,,,高考 100/西安交通大学招生网,2026-03-06T12:37:05.930334,TRUE,2025年
10698,西安交通大学,陕西,34,安徽,2025,历史类,一批,495,631,136,2989,635,2092,667,3885,,,高考 100/西安交通大学招生网,2026-03-06T12:37:05.930334,TRUE,2025年
10698,西安交通大学,陕西,35,福建,2025,物理类,一批,500,642,142,896,650,627,658,1164,,,高考 100/西安交通大学招生网,2026-03-06T12:37:05.930334,TRUE,2025年
10698,西安交通大学,陕西,35,福建,2025,历史类,一批,490,615,125,5187,627,3630,642,6743,,,高考 100/西安交通大学招生网,2026-03-06T12:37:05.930334,TRUE,2025年
10698,西安交通大学,陕西,36,江西,2025,物理类,一批,495,617,122,2312,623,1618,644,3005,,,高考 100/西安交通大学招生网,2026-03-06T12:37:05.930334,TRUE,2025年
10698,西安交通大学,陕西,36,江西,2025,历史类,一批,485,619,134,6401,634,4480,651,8321,,,高考 100/西安交通大学招生网,2026-03-06T12:37:05.930334,TRUE,2025年
10698,西安交通大学,陕西,37,山东,2025,综合,一批,510,605,95,4996,608,3497,625,6494,,,高考 100/西安交通大学招生网,2026-03-06T12:37:05.930334,TRUE,2025年
10698,西安交通大学,陕西,41,河南,2025,物理类,一批,525,640,115,3268,654,2287,674,4248,,,高考 100/西安交通大学招生网,2026-03-06T12:37:05.930334,TRUE,2025年
10698,西安交通大学,陕西,42,湖北,2025,物理类,一批,510,605,95,1131,615,791,634,1470,,,高考 100/西安交通大学招生网,2026-03-06T12:37:05.930334,TRUE,2025年
10698,西安交通大学,陕西,43,湖南,2025,物理类,一批,505,603,98,4143,606,2900,629,5385,,,高考 100/西安交通大学招生网,2026-03-06T12:37:05.930334,TRUE,2025年
10698,西安交通大学,陕西,44,广东,2025,物理类,一批,520,615,95,4324,626,3026,650,5621,,,高考 100/西安交通大学招生网,2026-03-06T12:37:05.930334,TRUE,2025年
10698,西安交通大学,陕西,45,广西,2025,物理类,一批,490,643,153,3116,654,2181,665,4050,,,高考 100/西安交通大学招生网,2026-03-06T12:37:05.930334,TRUE,2025年
10698,西安交通大学,陕西,45,广西,2025,历史类,一批,480,616,136,6368,631,4457,656,8278,,,高考 100/西安交通大学招生网,2026-03-06T12:37:05.930334,TRUE,2025年
10698,西安交通大学,陕西,46,海南,2025,综合,一批,495,780,285,396,784,277,796,514,,,高考 100/西安交通大学招生网,2026-03-06T12:37:05.930334,TRUE,2025年
10698,西安交通大学,陕西,46,海南,2025,中外合作,一批,500,669,169,380,679,266,684,494,,,高考 100/西安交通大学招生网,2026-03-06T12:37:05.930334,TRUE,2025年
10698,西安交通大学,陕西,50,重庆,2025,物理类,一批,505,671,166,1678,684,1174,696,2181,,,高考 100/西安交通大学招生网,2026-03-06T12:37:05.930334,TRUE,2025年
10698,西安交通大学,陕西,51,四川,2025,物理类,一批,520,619,99,5122,624,3585,650,6658,,,高考 100/西安交通大学招生网,2026-03-06T12:37:05.930334,TRUE,2025年
10698,西安交通大学,陕西,51,四川,2025,历史类,一批,510,627,117,4903,639,3432,657,6373,,,高考 100/西安交通大学招生网,2026-03-06T12:37:05.930334,TRUE,2025年
10698,西安交通大学,陕西,52,贵州,2025,物理类,一批,495,662,167,1849,667,1294,678,2403,,,高考 100/西安交通大学招生网,2026-03-06T12:37:05.930334,TRUE,2025年
10698,西安交通大学,陕西,52,贵州,2025,历史类,一批,485,627,142,4889,640,3422,654,6355,,,高考 100/西安交通大学招生网,2026-03-06T12:37:05.930334,TRUE,2025年
10698,西安交通大学,陕西,53,云南,2025,物理类,一批,500,640,140,1208,646,845,676,1570,,,高考 100/西安交通大学招生网,2026-03-06T12:37:05.930334,TRUE,2025年
10698,西安交通大学,陕西,61,陕西,2025,物理类,一批,510,650,140,1020,660,714,673,1326,,,高考 100/西安交通大学招生网,2026-03-06T12:37:05.930334,TRUE,2025年
10698,西安交通大学,陕西,62,甘肃,2025,物理类,一批,485,604,119,794,617,555,637,1032,,,高考 100/西安交通大学招生网,2026-03-06T12:37:05.930334,TRUE,2025年
10698,西安交通大学,陕西,62,甘肃,2025,历史类,一批,475,608,133,1173,612,821,630,1524,,,高考 100/西安交通大学招生网,2026-03-06T12:37:05.930334,TRUE,2025年
10698,西安交通大学,陕西,64,宁夏,2025,物理类,一批,475,622,147,769,631,538,654,999,,,高考 100/西安交通大学招生网,2026-03-06T12:37:05.930334,TRUE,2025年
10698,西安交通大学,陕西,64,宁夏,2025,历史类,一批,465,591,126,2709,606,1896,618,3521,,,高考 100/西安交通大学招生网,2026-03-06T12:37:05.930334,TRUE,2025年
10698,西安交通大学,陕西,65,新疆,2025,理科,一批,480,652,172,997,662,697,674,1296,,,高考 100/西安交通大学招生网,2026-03-06T12:37:05.930334,TRUE,2025年
10698,西安交通大学,陕西,65,新疆,2025,文科,一批,470,565,95,4236,577,2965,583,5506,,,高考 100/西安交通大学招生网,2026-03-06T12:37:05.930334,TRUE,2025年
